https://imagedelivery.net/_XdB7bWYK-JWmUTR66I7hQ/abigail-mate/dsc00046/w=640	200	35438	public/img/abigail-mate/dsc00046-w640.webp	image/webp
https://imagedelivery.net/_XdB7bWYK-JWmUTR66I7hQ/abigail-mate/dsc00046/w=1024	200	78672	public/img/abigail-mate/dsc00046-w1024.webp	image/webp
https://imagedelivery.net/_XdB7bWYK-JWmUTR66I7hQ/abigail-mate/dsc00046/w=1400	200	134402	public/img/abigail-mate/dsc00046-w1400.webp	image/webp
https://imagedelivery.net/_XdB7bWYK-JWmUTR66I7hQ/abigail-mate/dsc00046/w=1440	200	140450	public/img/abigail-mate/dsc00046-w1440.webp	image/webp
https://imagedelivery.net/_XdB7bWYK-JWmUTR66I7hQ/abigail-mate/dsc00046/w=1920	200	233182	public/img/abigail-mate/dsc00046-w1920.webp	image/webp
https://imagedelivery.net/_XdB7bWYK-JWmUTR66I7hQ/abigail-mate/dsc00046/w=2560	200	398076	public/img/abigail-mate/dsc00046-w2560.webp	image/webp
https://imagedelivery.net/_XdB7bWYK-JWmUTR66I7hQ/abigail-mate/dsc00083/w=640	200	89416	public/img/abigail-mate/dsc00083-w640.webp	image/webp
https://imagedelivery.net/_XdB7bWYK-JWmUTR66I7hQ/abigail-mate/dsc00083/w=1024	200	210916	public/img/abigail-mate/dsc00083-w1024.webp	image/webp
https://imagedelivery.net/_XdB7bWYK-JWmUTR66I7hQ/abigail-mate/dsc00083/w=1400	200	383320	public/img/abigail-mate/dsc00083-w1400.webp	image/webp
https://imagedelivery.net/_XdB7bWYK-JWmUTR66I7hQ/abigail-mate/dsc00083/w=1440	200	403580	public/img/abigail-mate/dsc00083-w1440.webp	image/webp
https://imagedelivery.net/_XdB7bWYK-JWmUTR66I7hQ/abigail-mate/dsc00083/w=1920	200	705524	public/img/abigail-mate/dsc00083-w1920.webp	image/webp
https://imagedelivery.net/_XdB7bWYK-JWmUTR66I7hQ/abigail-mate/dsc00083/w=2560	200	1157872	public/img/abigail-mate/dsc00083-w2560.webp	image/webp
https://imagedelivery.net/_XdB7bWYK-JWmUTR66I7hQ/abigail-mate/dsc00093/w=640	200	38568	public/img/abigail-mate/dsc00093-w640.webp	image/webp
https://imagedelivery.net/_XdB7bWYK-JWmUTR66I7hQ/abigail-mate/dsc00093/w=1024	200	80072	public/img/abigail-mate/dsc00093-w1024.webp	image/webp
https://imagedelivery.net/_XdB7bWYK-JWmUTR66I7hQ/abigail-mate/dsc00093/w=1440	200	147602	public/img/abigail-mate/dsc00093-w1440.webp	image/webp
https://imagedelivery.net/_XdB7bWYK-JWmUTR66I7hQ/abigail-mate/dsc00093/w=1920	200	269582	public/img/abigail-mate/dsc00093-w1920.webp	image/webp
https://imagedelivery.net/_XdB7bWYK-JWmUTR66I7hQ/abigail-mate/dsc00093/w=2000	200	294750	public/img/abigail-mate/dsc00093-w2000.webp	image/webp
https://imagedelivery.net/_XdB7bWYK-JWmUTR66I7hQ/abigail-mate/dsc00093/w=2560	200	527258	public/img/abigail-mate/dsc00093-w2560.webp	image/webp
https://imagedelivery.net/_XdB7bWYK-JWmUTR66I7hQ/abigail-mate/dsc00109/w=640	200	44728	public/img/abigail-mate/dsc00109-w640.webp	image/webp
https://imagedelivery.net/_XdB7bWYK-JWmUTR66I7hQ/abigail-mate/dsc00109/w=1024	200	96384	public/img/abigail-mate/dsc00109-w1024.webp	image/webp
https://imagedelivery.net/_XdB7bWYK-JWmUTR66I7hQ/abigail-mate/dsc00109/w=1400	200	163596	public/img/abigail-mate/dsc00109-w1400.webp	image/webp
https://imagedelivery.net/_XdB7bWYK-JWmUTR66I7hQ/abigail-mate/dsc00109/w=1440	200	173024	public/img/abigail-mate/dsc00109-w1440.webp	image/webp
https://imagedelivery.net/_XdB7bWYK-JWmUTR66I7hQ/abigail-mate/dsc00109/w=1920	200	354654	public/img/abigail-mate/dsc00109-w1920.webp	image/webp
https://imagedelivery.net/_XdB7bWYK-JWmUTR66I7hQ/abigail-mate/dsc00109/w=2560	200	730208	public/img/abigail-mate/dsc00109-w2560.webp	image/webp
https://imagedelivery.net/_XdB7bWYK-JWmUTR66I7hQ/abigail-mate/dsc00111/w=640	200	52522	public/img/abigail-mate/dsc00111-w640.webp	image/webp
https://imagedelivery.net/_XdB7bWYK-JWmUTR66I7hQ/abigail-mate/dsc00111/w=1024	200	101998	public/img/abigail-mate/dsc00111-w1024.webp	image/webp
https://imagedelivery.net/_XdB7bWYK-JWmUTR66I7hQ/abigail-mate/dsc00111/w=1100	200	114104	public/img/abigail-mate/dsc00111-w1100.webp	image/webp
https://imagedelivery.net/_XdB7bWYK-JWmUTR66I7hQ/abigail-mate/dsc00111/w=1400	200	174760	public/img/abigail-mate/dsc00111-w1400.webp	image/webp
https://imagedelivery.net/_XdB7bWYK-JWmUTR66I7hQ/abigail-mate/dsc00111/w=1440	200	184930	public/img/abigail-mate/dsc00111-w1440.webp	image/webp
https://imagedelivery.net/_XdB7bWYK-JWmUTR66I7hQ/abigail-mate/dsc00111/w=1920	200	364092	public/img/abigail-mate/dsc00111-w1920.webp	image/webp
https://imagedelivery.net/_XdB7bWYK-JWmUTR66I7hQ/abigail-mate/dsc00111/w=2560	200	668716	public/img/abigail-mate/dsc00111-w2560.webp	image/webp
https://imagedelivery.net/_XdB7bWYK-JWmUTR66I7hQ/abigail-mate/dsc00190/w=640	200	34424	public/img/abigail-mate/dsc00190-w640.webp	image/webp
https://imagedelivery.net/_XdB7bWYK-JWmUTR66I7hQ/abigail-mate/dsc00190/w=1024	200	69246	public/img/abigail-mate/dsc00190-w1024.webp	image/webp
https://imagedelivery.net/_XdB7bWYK-JWmUTR66I7hQ/abigail-mate/dsc00190/w=1400	200	125686	public/img/abigail-mate/dsc00190-w1400.webp	image/webp
https://imagedelivery.net/_XdB7bWYK-JWmUTR66I7hQ/abigail-mate/dsc00190/w=1440	200	134122	public/img/abigail-mate/dsc00190-w1440.webp	image/webp
https://imagedelivery.net/_XdB7bWYK-JWmUTR66I7hQ/abigail-mate/dsc00190/w=1920	200	281726	public/img/abigail-mate/dsc00190-w1920.webp	image/webp
https://imagedelivery.net/_XdB7bWYK-JWmUTR66I7hQ/abigail-mate/dsc00190/w=2560	200	578264	public/img/abigail-mate/dsc00190-w2560.webp	image/webp
https://imagedelivery.net/_XdB7bWYK-JWmUTR66I7hQ/abigail-mate/dsc00231/w=640	200	24088	public/img/abigail-mate/dsc00231-w640.webp	image/webp
https://imagedelivery.net/_XdB7bWYK-JWmUTR66I7hQ/abigail-mate/dsc00231/w=1024	200	45920	public/img/abigail-mate/dsc00231-w1024.webp	image/webp
https://imagedelivery.net/_XdB7bWYK-JWmUTR66I7hQ/abigail-mate/dsc00231/w=1400	200	69434	public/img/abigail-mate/dsc00231-w1400.webp	image/webp
https://imagedelivery.net/_XdB7bWYK-JWmUTR66I7hQ/abigail-mate/dsc00231/w=1440	200	72620	public/img/abigail-mate/dsc00231-w1440.webp	image/webp
https://imagedelivery.net/_XdB7bWYK-JWmUTR66I7hQ/abigail-mate/dsc00231/w=1920	200	112042	public/img/abigail-mate/dsc00231-w1920.webp	image/webp
https://imagedelivery.net/_XdB7bWYK-JWmUTR66I7hQ/abigail-mate/dsc00231/w=2560	200	174944	public/img/abigail-mate/dsc00231-w2560.webp	image/webp
https://imagedelivery.net/_XdB7bWYK-JWmUTR66I7hQ/abigail-mate/dsc00232/w=640	200	31718	public/img/abigail-mate/dsc00232-w640.webp	image/webp
https://imagedelivery.net/_XdB7bWYK-JWmUTR66I7hQ/abigail-mate/dsc00232/w=1024	200	66656	public/img/abigail-mate/dsc00232-w1024.webp	image/webp
https://imagedelivery.net/_XdB7bWYK-JWmUTR66I7hQ/abigail-mate/dsc00232/w=1400	200	104716	public/img/abigail-mate/dsc00232-w1400.webp	image/webp
https://imagedelivery.net/_XdB7bWYK-JWmUTR66I7hQ/abigail-mate/dsc00232/w=1440	200	108626	public/img/abigail-mate/dsc00232-w1440.webp	image/webp
https://imagedelivery.net/_XdB7bWYK-JWmUTR66I7hQ/abigail-mate/dsc00232/w=1920	200	167408	public/img/abigail-mate/dsc00232-w1920.webp	image/webp
https://imagedelivery.net/_XdB7bWYK-JWmUTR66I7hQ/abigail-mate/dsc00232/w=2560	200	266864	public/img/abigail-mate/dsc00232-w2560.webp	image/webp
https://imagedelivery.net/_XdB7bWYK-JWmUTR66I7hQ/abigail-mate/dsc00320/w=640	200	25180	public/img/abigail-mate/dsc00320-w640.webp	image/webp
https://imagedelivery.net/_XdB7bWYK-JWmUTR66I7hQ/abigail-mate/dsc00320/w=1024	200	45600	public/img/abigail-mate/dsc00320-w1024.webp	image/webp
https://imagedelivery.net/_XdB7bWYK-JWmUTR66I7hQ/abigail-mate/dsc00320/w=1400	200	68754	public/img/abigail-mate/dsc00320-w1400.webp	image/webp
https://imagedelivery.net/_XdB7bWYK-JWmUTR66I7hQ/abigail-mate/dsc00320/w=1440	200	71252	public/img/abigail-mate/dsc00320-w1440.webp	image/webp
https://imagedelivery.net/_XdB7bWYK-JWmUTR66I7hQ/abigail-mate/dsc00320/w=1920	200	105384	public/img/abigail-mate/dsc00320-w1920.webp	image/webp
https://imagedelivery.net/_XdB7bWYK-JWmUTR66I7hQ/abigail-mate/dsc00320/w=2560	200	154210	public/img/abigail-mate/dsc00320-w2560.webp	image/webp
https://imagedelivery.net/_XdB7bWYK-JWmUTR66I7hQ/abigail-mate/dsc00573/w=640	200	53138	public/img/abigail-mate/dsc00573-w640.webp	image/webp
https://imagedelivery.net/_XdB7bWYK-JWmUTR66I7hQ/abigail-mate/dsc00573/w=1024	200	95280	public/img/abigail-mate/dsc00573-w1024.webp	image/webp
https://imagedelivery.net/_XdB7bWYK-JWmUTR66I7hQ/abigail-mate/dsc00573/w=1100	200	103120	public/img/abigail-mate/dsc00573-w1100.webp	image/webp
https://imagedelivery.net/_XdB7bWYK-JWmUTR66I7hQ/abigail-mate/dsc00573/w=1400	200	136940	public/img/abigail-mate/dsc00573-w1400.webp	image/webp
https://imagedelivery.net/_XdB7bWYK-JWmUTR66I7hQ/abigail-mate/dsc00573/w=1440	200	142034	public/img/abigail-mate/dsc00573-w1440.webp	image/webp
https://imagedelivery.net/_XdB7bWYK-JWmUTR66I7hQ/abigail-mate/dsc00573/w=1920	200	199330	public/img/abigail-mate/dsc00573-w1920.webp	image/webp
https://imagedelivery.net/_XdB7bWYK-JWmUTR66I7hQ/abigail-mate/dsc00573/w=2560	200	275880	public/img/abigail-mate/dsc00573-w2560.webp	image/webp
https://imagedelivery.net/_XdB7bWYK-JWmUTR66I7hQ/abigail-mate/dsc04789/w=640	200	74008	public/img/abigail-mate/dsc04789-w640.webp	image/webp
https://imagedelivery.net/_XdB7bWYK-JWmUTR66I7hQ/abigail-mate/dsc04789/w=1024	200	160046	public/img/abigail-mate/dsc04789-w1024.webp	image/webp
https://imagedelivery.net/_XdB7bWYK-JWmUTR66I7hQ/abigail-mate/dsc04789/w=1440	200	305860	public/img/abigail-mate/dsc04789-w1440.webp	image/webp
https://imagedelivery.net/_XdB7bWYK-JWmUTR66I7hQ/abigail-mate/dsc04789/w=1920	200	591628	public/img/abigail-mate/dsc04789-w1920.webp	image/webp
https://imagedelivery.net/_XdB7bWYK-JWmUTR66I7hQ/abigail-mate/dsc04789/w=2000	200	648046	public/img/abigail-mate/dsc04789-w2000.webp	image/webp
https://imagedelivery.net/_XdB7bWYK-JWmUTR66I7hQ/abigail-mate/dsc04789/w=2560	200	1126460	public/img/abigail-mate/dsc04789-w2560.webp	image/webp
https://imagedelivery.net/_XdB7bWYK-JWmUTR66I7hQ/abigail-mate/dsc04959/w=640	200	84972	public/img/abigail-mate/dsc04959-w640.webp	image/webp
https://imagedelivery.net/_XdB7bWYK-JWmUTR66I7hQ/abigail-mate/dsc04959/w=1024	200	182374	public/img/abigail-mate/dsc04959-w1024.webp	image/webp
https://imagedelivery.net/_XdB7bWYK-JWmUTR66I7hQ/abigail-mate/dsc04959/w=1100	200	207334	public/img/abigail-mate/dsc04959-w1100.webp	image/webp
https://imagedelivery.net/_XdB7bWYK-JWmUTR66I7hQ/abigail-mate/dsc04959/w=1400	200	289332	public/img/abigail-mate/dsc04959-w1400.webp	image/webp
https://imagedelivery.net/_XdB7bWYK-JWmUTR66I7hQ/abigail-mate/dsc04959/w=1440	200	301970	public/img/abigail-mate/dsc04959-w1440.webp	image/webp
https://imagedelivery.net/_XdB7bWYK-JWmUTR66I7hQ/abigail-mate/dsc04959/w=1920	200	465738	public/img/abigail-mate/dsc04959-w1920.webp	image/webp
https://imagedelivery.net/_XdB7bWYK-JWmUTR66I7hQ/abigail-mate/dsc04959/w=2560	200	694414	public/img/abigail-mate/dsc04959-w2560.webp	image/webp
https://imagedelivery.net/_XdB7bWYK-JWmUTR66I7hQ/abigail-mate/dsc04998/w=640	200	32926	public/img/abigail-mate/dsc04998-w640.webp	image/webp
https://imagedelivery.net/_XdB7bWYK-JWmUTR66I7hQ/abigail-mate/dsc04998/w=1024	200	65034	public/img/abigail-mate/dsc04998-w1024.webp	image/webp
https://imagedelivery.net/_XdB7bWYK-JWmUTR66I7hQ/abigail-mate/dsc04998/w=1440	200	108878	public/img/abigail-mate/dsc04998-w1440.webp	image/webp
https://imagedelivery.net/_XdB7bWYK-JWmUTR66I7hQ/abigail-mate/dsc04998/w=1920	200	165276	public/img/abigail-mate/dsc04998-w1920.webp	image/webp
https://imagedelivery.net/_XdB7bWYK-JWmUTR66I7hQ/abigail-mate/dsc04998/w=2000	200	170060	public/img/abigail-mate/dsc04998-w2000.webp	image/webp
https://imagedelivery.net/_XdB7bWYK-JWmUTR66I7hQ/abigail-mate/dsc04998/w=2560	200	240652	public/img/abigail-mate/dsc04998-w2560.webp	image/webp
https://imagedelivery.net/_XdB7bWYK-JWmUTR66I7hQ/abigail-mate/dsc05011/w=640	200	37404	public/img/abigail-mate/dsc05011-w640.webp	image/webp
https://imagedelivery.net/_XdB7bWYK-JWmUTR66I7hQ/abigail-mate/dsc05011/w=1024	200	74350	public/img/abigail-mate/dsc05011-w1024.webp	image/webp
https://imagedelivery.net/_XdB7bWYK-JWmUTR66I7hQ/abigail-mate/dsc05011/w=1440	200	127826	public/img/abigail-mate/dsc05011-w1440.webp	image/webp
https://imagedelivery.net/_XdB7bWYK-JWmUTR66I7hQ/abigail-mate/dsc05011/w=1920	200	198298	public/img/abigail-mate/dsc05011-w1920.webp	image/webp
https://imagedelivery.net/_XdB7bWYK-JWmUTR66I7hQ/abigail-mate/dsc05011/w=2000	200	211522	public/img/abigail-mate/dsc05011-w2000.webp	image/webp
https://imagedelivery.net/_XdB7bWYK-JWmUTR66I7hQ/abigail-mate/dsc05011/w=2560	200	306568	public/img/abigail-mate/dsc05011-w2560.webp	image/webp
https://imagedelivery.net/_XdB7bWYK-JWmUTR66I7hQ/abigail-mate/dsc05053/w=640	200	99164	public/img/abigail-mate/dsc05053-w640.webp	image/webp
https://imagedelivery.net/_XdB7bWYK-JWmUTR66I7hQ/abigail-mate/dsc05053/w=1024	200	212684	public/img/abigail-mate/dsc05053-w1024.webp	image/webp
https://imagedelivery.net/_XdB7bWYK-JWmUTR66I7hQ/abigail-mate/dsc05053/w=1400	200	328364	public/img/abigail-mate/dsc05053-w1400.webp	image/webp
https://imagedelivery.net/_XdB7bWYK-JWmUTR66I7hQ/abigail-mate/dsc05053/w=1440	200	341392	public/img/abigail-mate/dsc05053-w1440.webp	image/webp
https://imagedelivery.net/_XdB7bWYK-JWmUTR66I7hQ/abigail-mate/dsc05053/w=1920	200	520492	public/img/abigail-mate/dsc05053-w1920.webp	image/webp
https://imagedelivery.net/_XdB7bWYK-JWmUTR66I7hQ/abigail-mate/dsc05053/w=2560	200	771854	public/img/abigail-mate/dsc05053-w2560.webp	image/webp
https://imagedelivery.net/_XdB7bWYK-JWmUTR66I7hQ/abigail-mate/dsc05202/w=640	200	56574	public/img/abigail-mate/dsc05202-w640.webp	image/webp
https://imagedelivery.net/_XdB7bWYK-JWmUTR66I7hQ/abigail-mate/dsc05202/w=1024	200	112458	public/img/abigail-mate/dsc05202-w1024.webp	image/webp
https://imagedelivery.net/_XdB7bWYK-JWmUTR66I7hQ/abigail-mate/dsc05202/w=1440	200	190794	public/img/abigail-mate/dsc05202-w1440.webp	image/webp
https://imagedelivery.net/_XdB7bWYK-JWmUTR66I7hQ/abigail-mate/dsc05202/w=1920	200	282796	public/img/abigail-mate/dsc05202-w1920.webp	image/webp
https://imagedelivery.net/_XdB7bWYK-JWmUTR66I7hQ/abigail-mate/dsc05202/w=2000	200	294444	public/img/abigail-mate/dsc05202-w2000.webp	image/webp
https://imagedelivery.net/_XdB7bWYK-JWmUTR66I7hQ/abigail-mate/dsc05202/w=2560	200	416940	public/img/abigail-mate/dsc05202-w2560.webp	image/webp
https://imagedelivery.net/_XdB7bWYK-JWmUTR66I7hQ/abigail-mate/dsc05254/w=640	200	41964	public/img/abigail-mate/dsc05254-w640.webp	image/webp
https://imagedelivery.net/_XdB7bWYK-JWmUTR66I7hQ/abigail-mate/dsc05254/w=1024	200	87908	public/img/abigail-mate/dsc05254-w1024.webp	image/webp
https://imagedelivery.net/_XdB7bWYK-JWmUTR66I7hQ/abigail-mate/dsc05254/w=1100	200	98308	public/img/abigail-mate/dsc05254-w1100.webp	image/webp
https://imagedelivery.net/_XdB7bWYK-JWmUTR66I7hQ/abigail-mate/dsc05254/w=1400	200	151766	public/img/abigail-mate/dsc05254-w1400.webp	image/webp
https://imagedelivery.net/_XdB7bWYK-JWmUTR66I7hQ/abigail-mate/dsc05254/w=1440	200	156788	public/img/abigail-mate/dsc05254-w1440.webp	image/webp
https://imagedelivery.net/_XdB7bWYK-JWmUTR66I7hQ/abigail-mate/dsc05254/w=1920	200	274978	public/img/abigail-mate/dsc05254-w1920.webp	image/webp
https://imagedelivery.net/_XdB7bWYK-JWmUTR66I7hQ/abigail-mate/dsc05254/w=2560	200	460850	public/img/abigail-mate/dsc05254-w2560.webp	image/webp
https://imagedelivery.net/_XdB7bWYK-JWmUTR66I7hQ/abigail-mate/dsc05316/w=640	200	34838	public/img/abigail-mate/dsc05316-w640.webp	image/webp
https://imagedelivery.net/_XdB7bWYK-JWmUTR66I7hQ/abigail-mate/dsc05316/w=1024	200	65472	public/img/abigail-mate/dsc05316-w1024.webp	image/webp
https://imagedelivery.net/_XdB7bWYK-JWmUTR66I7hQ/abigail-mate/dsc05316/w=1400	200	116418	public/img/abigail-mate/dsc05316-w1400.webp	image/webp
https://imagedelivery.net/_XdB7bWYK-JWmUTR66I7hQ/abigail-mate/dsc05316/w=1440	200	123170	public/img/abigail-mate/dsc05316-w1440.webp	image/webp
https://imagedelivery.net/_XdB7bWYK-JWmUTR66I7hQ/abigail-mate/dsc05316/w=1920	200	210502	public/img/abigail-mate/dsc05316-w1920.webp	image/webp
https://imagedelivery.net/_XdB7bWYK-JWmUTR66I7hQ/abigail-mate/dsc05316/w=2560	200	327260	public/img/abigail-mate/dsc05316-w2560.webp	image/webp
https://imagedelivery.net/_XdB7bWYK-JWmUTR66I7hQ/abigail-mate/dsc05448/w=640	200	57834	public/img/abigail-mate/dsc05448-w640.webp	image/webp
https://imagedelivery.net/_XdB7bWYK-JWmUTR66I7hQ/abigail-mate/dsc05448/w=1024	200	173198	public/img/abigail-mate/dsc05448-w1024.webp	image/webp
https://imagedelivery.net/_XdB7bWYK-JWmUTR66I7hQ/abigail-mate/dsc05448/w=1100	200	226430	public/img/abigail-mate/dsc05448-w1100.webp	image/webp
https://imagedelivery.net/_XdB7bWYK-JWmUTR66I7hQ/abigail-mate/dsc05448/w=1440	200	458438	public/img/abigail-mate/dsc05448-w1440.webp	image/webp
https://imagedelivery.net/_XdB7bWYK-JWmUTR66I7hQ/abigail-mate/dsc05448/w=1600	200	610092	public/img/abigail-mate/dsc05448-w1600.webp	image/webp
https://imagedelivery.net/_XdB7bWYK-JWmUTR66I7hQ/abigail-mate/dsc05448/w=1920	200	964336	public/img/abigail-mate/dsc05448-w1920.webp	image/webp
https://imagedelivery.net/_XdB7bWYK-JWmUTR66I7hQ/abigail-mate/dsc05448/w=2560	200	1932444	public/img/abigail-mate/dsc05448-w2560.webp	image/webp
https://imagedelivery.net/_XdB7bWYK-JWmUTR66I7hQ/abigail-mate/dsc05645/w=640	200	58880	public/img/abigail-mate/dsc05645-w640.webp	image/webp
https://imagedelivery.net/_XdB7bWYK-JWmUTR66I7hQ/abigail-mate/dsc05645/w=1024	200	180014	public/img/abigail-mate/dsc05645-w1024.webp	image/webp
https://imagedelivery.net/_XdB7bWYK-JWmUTR66I7hQ/abigail-mate/dsc05645/w=1400	200	435980	public/img/abigail-mate/dsc05645-w1400.webp	image/webp
https://imagedelivery.net/_XdB7bWYK-JWmUTR66I7hQ/abigail-mate/dsc05645/w=1440	200	466526	public/img/abigail-mate/dsc05645-w1440.webp	image/webp
https://imagedelivery.net/_XdB7bWYK-JWmUTR66I7hQ/abigail-mate/dsc05645/w=1920	200	1003724	public/img/abigail-mate/dsc05645-w1920.webp	image/webp
https://imagedelivery.net/_XdB7bWYK-JWmUTR66I7hQ/abigail-mate/dsc05645/w=2560	200	1943224	public/img/abigail-mate/dsc05645-w2560.webp	image/webp
https://imagedelivery.net/_XdB7bWYK-JWmUTR66I7hQ/abigail-mate/dsc05682/w=640	200	29356	public/img/abigail-mate/dsc05682-w640.webp	image/webp
https://imagedelivery.net/_XdB7bWYK-JWmUTR66I7hQ/abigail-mate/dsc05682/w=1024	200	105770	public/img/abigail-mate/dsc05682-w1024.webp	image/webp
https://imagedelivery.net/_XdB7bWYK-JWmUTR66I7hQ/abigail-mate/dsc05682/w=1400	200	261620	public/img/abigail-mate/dsc05682-w1400.webp	image/webp
https://imagedelivery.net/_XdB7bWYK-JWmUTR66I7hQ/abigail-mate/dsc05682/w=1440	200	281082	public/img/abigail-mate/dsc05682-w1440.webp	image/webp
https://imagedelivery.net/_XdB7bWYK-JWmUTR66I7hQ/abigail-mate/dsc05682/w=1920	200	643604	public/img/abigail-mate/dsc05682-w1920.webp	image/webp
https://imagedelivery.net/_XdB7bWYK-JWmUTR66I7hQ/abigail-mate/dsc05682/w=2560	200	1294470	public/img/abigail-mate/dsc05682-w2560.webp	image/webp
https://imagedelivery.net/_XdB7bWYK-JWmUTR66I7hQ/abigail-mate/dsc05749/w=640	200	42870	public/img/abigail-mate/dsc05749-w640.webp	image/webp
https://imagedelivery.net/_XdB7bWYK-JWmUTR66I7hQ/abigail-mate/dsc05749/w=1024	200	145444	public/img/abigail-mate/dsc05749-w1024.webp	image/webp
https://imagedelivery.net/_XdB7bWYK-JWmUTR66I7hQ/abigail-mate/dsc05749/w=1400	200	367032	public/img/abigail-mate/dsc05749-w1400.webp	image/webp
https://imagedelivery.net/_XdB7bWYK-JWmUTR66I7hQ/abigail-mate/dsc05749/w=1440	200	394258	public/img/abigail-mate/dsc05749-w1440.webp	image/webp
https://imagedelivery.net/_XdB7bWYK-JWmUTR66I7hQ/abigail-mate/dsc05749/w=1920	200	854838	public/img/abigail-mate/dsc05749-w1920.webp	image/webp
https://imagedelivery.net/_XdB7bWYK-JWmUTR66I7hQ/abigail-mate/dsc05749/w=2560	200	1672212	public/img/abigail-mate/dsc05749-w2560.webp	image/webp
https://imagedelivery.net/_XdB7bWYK-JWmUTR66I7hQ/abigail-mate/dsc05801/w=640	200	44100	public/img/abigail-mate/dsc05801-w640.webp	image/webp
https://imagedelivery.net/_XdB7bWYK-JWmUTR66I7hQ/abigail-mate/dsc05801/w=1024	200	101044	public/img/abigail-mate/dsc05801-w1024.webp	image/webp
https://imagedelivery.net/_XdB7bWYK-JWmUTR66I7hQ/abigail-mate/dsc05801/w=1100	200	116294	public/img/abigail-mate/dsc05801-w1100.webp	image/webp
https://imagedelivery.net/_XdB7bWYK-JWmUTR66I7hQ/abigail-mate/dsc05801/w=1440	200	186830	public/img/abigail-mate/dsc05801-w1440.webp	image/webp
https://imagedelivery.net/_XdB7bWYK-JWmUTR66I7hQ/abigail-mate/dsc05801/w=1600	200	235700	public/img/abigail-mate/dsc05801-w1600.webp	image/webp
https://imagedelivery.net/_XdB7bWYK-JWmUTR66I7hQ/abigail-mate/dsc05801/w=1920	200	353580	public/img/abigail-mate/dsc05801-w1920.webp	image/webp
https://imagedelivery.net/_XdB7bWYK-JWmUTR66I7hQ/abigail-mate/dsc05801/w=2560	200	691186	public/img/abigail-mate/dsc05801-w2560.webp	image/webp
https://imagedelivery.net/_XdB7bWYK-JWmUTR66I7hQ/abigail-mate/dsc05971/w=640	200	44422	public/img/abigail-mate/dsc05971-w640.webp	image/webp
https://imagedelivery.net/_XdB7bWYK-JWmUTR66I7hQ/abigail-mate/dsc05971/w=1024	200	90210	public/img/abigail-mate/dsc05971-w1024.webp	image/webp
https://imagedelivery.net/_XdB7bWYK-JWmUTR66I7hQ/abigail-mate/dsc05971/w=1400	200	142022	public/img/abigail-mate/dsc05971-w1400.webp	image/webp
https://imagedelivery.net/_XdB7bWYK-JWmUTR66I7hQ/abigail-mate/dsc05971/w=1440	200	147674	public/img/abigail-mate/dsc05971-w1440.webp	image/webp
https://imagedelivery.net/_XdB7bWYK-JWmUTR66I7hQ/abigail-mate/dsc05971/w=1920	200	231722	public/img/abigail-mate/dsc05971-w1920.webp	image/webp
https://imagedelivery.net/_XdB7bWYK-JWmUTR66I7hQ/abigail-mate/dsc05971/w=2560	200	370868	public/img/abigail-mate/dsc05971-w2560.webp	image/webp
https://imagedelivery.net/_XdB7bWYK-JWmUTR66I7hQ/abigail-mate/dsc06057/w=640	200	71708	public/img/abigail-mate/dsc06057-w640.webp	image/webp
https://imagedelivery.net/_XdB7bWYK-JWmUTR66I7hQ/abigail-mate/dsc06057/w=1024	200	145888	public/img/abigail-mate/dsc06057-w1024.webp	image/webp
https://imagedelivery.net/_XdB7bWYK-JWmUTR66I7hQ/abigail-mate/dsc06057/w=1400	200	250942	public/img/abigail-mate/dsc06057-w1400.webp	image/webp
https://imagedelivery.net/_XdB7bWYK-JWmUTR66I7hQ/abigail-mate/dsc06057/w=1440	200	262994	public/img/abigail-mate/dsc06057-w1440.webp	image/webp
https://imagedelivery.net/_XdB7bWYK-JWmUTR66I7hQ/abigail-mate/dsc06057/w=1920	200	443220	public/img/abigail-mate/dsc06057-w1920.webp	image/webp
https://imagedelivery.net/_XdB7bWYK-JWmUTR66I7hQ/abigail-mate/dsc06057/w=2560	200	760490	public/img/abigail-mate/dsc06057-w2560.webp	image/webp
https://imagedelivery.net/_XdB7bWYK-JWmUTR66I7hQ/abigail-mate/dsc06068/w=640	200	55450	public/img/abigail-mate/dsc06068-w640.webp	image/webp
https://imagedelivery.net/_XdB7bWYK-JWmUTR66I7hQ/abigail-mate/dsc06068/w=1024	200	111242	public/img/abigail-mate/dsc06068-w1024.webp	image/webp
https://imagedelivery.net/_XdB7bWYK-JWmUTR66I7hQ/abigail-mate/dsc06068/w=1400	200	177864	public/img/abigail-mate/dsc06068-w1400.webp	image/webp
https://imagedelivery.net/_XdB7bWYK-JWmUTR66I7hQ/abigail-mate/dsc06068/w=1440	200	185746	public/img/abigail-mate/dsc06068-w1440.webp	image/webp
https://imagedelivery.net/_XdB7bWYK-JWmUTR66I7hQ/abigail-mate/dsc06068/w=1920	200	307520	public/img/abigail-mate/dsc06068-w1920.webp	image/webp
https://imagedelivery.net/_XdB7bWYK-JWmUTR66I7hQ/abigail-mate/dsc06068/w=2560	200	487098	public/img/abigail-mate/dsc06068-w2560.webp	image/webp
https://imagedelivery.net/_XdB7bWYK-JWmUTR66I7hQ/abigail-mate/dsc06119/w=640	200	76986	public/img/abigail-mate/dsc06119-w640.webp	image/webp
https://imagedelivery.net/_XdB7bWYK-JWmUTR66I7hQ/abigail-mate/dsc06119/w=1024	200	156766	public/img/abigail-mate/dsc06119-w1024.webp	image/webp
https://imagedelivery.net/_XdB7bWYK-JWmUTR66I7hQ/abigail-mate/dsc06119/w=1400	200	264358	public/img/abigail-mate/dsc06119-w1400.webp	image/webp
https://imagedelivery.net/_XdB7bWYK-JWmUTR66I7hQ/abigail-mate/dsc06119/w=1440	200	276486	public/img/abigail-mate/dsc06119-w1440.webp	image/webp
https://imagedelivery.net/_XdB7bWYK-JWmUTR66I7hQ/abigail-mate/dsc06119/w=1920	200	469110	public/img/abigail-mate/dsc06119-w1920.webp	image/webp
https://imagedelivery.net/_XdB7bWYK-JWmUTR66I7hQ/abigail-mate/dsc06119/w=2560	200	792172	public/img/abigail-mate/dsc06119-w2560.webp	image/webp
https://imagedelivery.net/_XdB7bWYK-JWmUTR66I7hQ/abigail-mate/dsc06134/w=640	200	52762	public/img/abigail-mate/dsc06134-w640.webp	image/webp
https://imagedelivery.net/_XdB7bWYK-JWmUTR66I7hQ/abigail-mate/dsc06134/w=1024	200	106506	public/img/abigail-mate/dsc06134-w1024.webp	image/webp
https://imagedelivery.net/_XdB7bWYK-JWmUTR66I7hQ/abigail-mate/dsc06134/w=1400	200	170670	public/img/abigail-mate/dsc06134-w1400.webp	image/webp
https://imagedelivery.net/_XdB7bWYK-JWmUTR66I7hQ/abigail-mate/dsc06134/w=1440	200	178278	public/img/abigail-mate/dsc06134-w1440.webp	image/webp
https://imagedelivery.net/_XdB7bWYK-JWmUTR66I7hQ/abigail-mate/dsc06134/w=1920	200	272438	public/img/abigail-mate/dsc06134-w1920.webp	image/webp
https://imagedelivery.net/_XdB7bWYK-JWmUTR66I7hQ/abigail-mate/dsc06134/w=2560	200	421814	public/img/abigail-mate/dsc06134-w2560.webp	image/webp
https://imagedelivery.net/_XdB7bWYK-JWmUTR66I7hQ/abigail-mate/dsc06286/w=640	200	58046	public/img/abigail-mate/dsc06286-w640.webp	image/webp
https://imagedelivery.net/_XdB7bWYK-JWmUTR66I7hQ/abigail-mate/dsc06286/w=1024	200	138242	public/img/abigail-mate/dsc06286-w1024.webp	image/webp
https://imagedelivery.net/_XdB7bWYK-JWmUTR66I7hQ/abigail-mate/dsc06286/w=1440	200	305266	public/img/abigail-mate/dsc06286-w1440.webp	image/webp
https://imagedelivery.net/_XdB7bWYK-JWmUTR66I7hQ/abigail-mate/dsc06286/w=1600	200	389694	public/img/abigail-mate/dsc06286-w1600.webp	image/webp
https://imagedelivery.net/_XdB7bWYK-JWmUTR66I7hQ/abigail-mate/dsc06286/w=1920	200	612620	public/img/abigail-mate/dsc06286-w1920.webp	image/webp
https://imagedelivery.net/_XdB7bWYK-JWmUTR66I7hQ/abigail-mate/dsc06286/w=2560	200	1286304	public/img/abigail-mate/dsc06286-w2560.webp	image/webp
https://imagedelivery.net/_XdB7bWYK-JWmUTR66I7hQ/abigail-mate/dsc06291/w=640	200	30400	public/img/abigail-mate/dsc06291-w640.webp	image/webp
https://imagedelivery.net/_XdB7bWYK-JWmUTR66I7hQ/abigail-mate/dsc06291/w=1024	200	65914	public/img/abigail-mate/dsc06291-w1024.webp	image/webp
https://imagedelivery.net/_XdB7bWYK-JWmUTR66I7hQ/abigail-mate/dsc06291/w=1100	200	79148	public/img/abigail-mate/dsc06291-w1100.webp	image/webp
https://imagedelivery.net/_XdB7bWYK-JWmUTR66I7hQ/abigail-mate/dsc06291/w=1440	200	154566	public/img/abigail-mate/dsc06291-w1440.webp	image/webp
https://imagedelivery.net/_XdB7bWYK-JWmUTR66I7hQ/abigail-mate/dsc06291/w=1600	200	208768	public/img/abigail-mate/dsc06291-w1600.webp	image/webp
https://imagedelivery.net/_XdB7bWYK-JWmUTR66I7hQ/abigail-mate/dsc06291/w=1920	200	353856	public/img/abigail-mate/dsc06291-w1920.webp	image/webp
https://imagedelivery.net/_XdB7bWYK-JWmUTR66I7hQ/abigail-mate/dsc06291/w=2560	200	797288	public/img/abigail-mate/dsc06291-w2560.webp	image/webp
https://imagedelivery.net/_XdB7bWYK-JWmUTR66I7hQ/abigail-mate/dsc06872-2/w=640	200	33666	public/img/abigail-mate/dsc06872-2-w640.webp	image/webp
https://imagedelivery.net/_XdB7bWYK-JWmUTR66I7hQ/abigail-mate/dsc06872-2/w=1024	200	67612	public/img/abigail-mate/dsc06872-2-w1024.webp	image/webp
https://imagedelivery.net/_XdB7bWYK-JWmUTR66I7hQ/abigail-mate/dsc06872-2/w=1400	200	110060	public/img/abigail-mate/dsc06872-2-w1400.webp	image/webp
https://imagedelivery.net/_XdB7bWYK-JWmUTR66I7hQ/abigail-mate/dsc06872-2/w=1440	200	115484	public/img/abigail-mate/dsc06872-2-w1440.webp	image/webp
https://imagedelivery.net/_XdB7bWYK-JWmUTR66I7hQ/abigail-mate/dsc06872-2/w=1920	200	192284	public/img/abigail-mate/dsc06872-2-w1920.webp	image/webp
https://imagedelivery.net/_XdB7bWYK-JWmUTR66I7hQ/abigail-mate/dsc06872-2/w=2560	200	340480	public/img/abigail-mate/dsc06872-2-w2560.webp	image/webp
https://imagedelivery.net/_XdB7bWYK-JWmUTR66I7hQ/abigail-mate/dsc08276/w=640	200	16886	public/img/abigail-mate/dsc08276-w640.webp	image/webp
https://imagedelivery.net/_XdB7bWYK-JWmUTR66I7hQ/abigail-mate/dsc08276/w=1024	200	31332	public/img/abigail-mate/dsc08276-w1024.webp	image/webp
https://imagedelivery.net/_XdB7bWYK-JWmUTR66I7hQ/abigail-mate/dsc08276/w=1400	200	48580	public/img/abigail-mate/dsc08276-w1400.webp	image/webp
https://imagedelivery.net/_XdB7bWYK-JWmUTR66I7hQ/abigail-mate/dsc08276/w=1440	200	50278	public/img/abigail-mate/dsc08276-w1440.webp	image/webp
https://imagedelivery.net/_XdB7bWYK-JWmUTR66I7hQ/abigail-mate/dsc08276/w=1920	200	79888	public/img/abigail-mate/dsc08276-w1920.webp	image/webp
https://imagedelivery.net/_XdB7bWYK-JWmUTR66I7hQ/abigail-mate/dsc08276/w=2560	200	150332	public/img/abigail-mate/dsc08276-w2560.webp	image/webp
https://imagedelivery.net/_XdB7bWYK-JWmUTR66I7hQ/abigail-mate/dsc08413/w=640	200	65796	public/img/abigail-mate/dsc08413-w640.webp	image/webp
https://imagedelivery.net/_XdB7bWYK-JWmUTR66I7hQ/abigail-mate/dsc08413/w=1024	200	140078	public/img/abigail-mate/dsc08413-w1024.webp	image/webp
https://imagedelivery.net/_XdB7bWYK-JWmUTR66I7hQ/abigail-mate/dsc08413/w=1100	200	159240	public/img/abigail-mate/dsc08413-w1100.webp	image/webp
https://imagedelivery.net/_XdB7bWYK-JWmUTR66I7hQ/abigail-mate/dsc08413/w=1440	200	254962	public/img/abigail-mate/dsc08413-w1440.webp	image/webp
https://imagedelivery.net/_XdB7bWYK-JWmUTR66I7hQ/abigail-mate/dsc08413/w=1920	200	415142	public/img/abigail-mate/dsc08413-w1920.webp	image/webp
https://imagedelivery.net/_XdB7bWYK-JWmUTR66I7hQ/abigail-mate/dsc08413/w=2000	200	444444	public/img/abigail-mate/dsc08413-w2000.webp	image/webp
https://imagedelivery.net/_XdB7bWYK-JWmUTR66I7hQ/abigail-mate/dsc08413/w=2560	200	666774	public/img/abigail-mate/dsc08413-w2560.webp	image/webp
https://imagedelivery.net/_XdB7bWYK-JWmUTR66I7hQ/abigail-mate/dsc08465/w=640	200	40908	public/img/abigail-mate/dsc08465-w640.webp	image/webp
https://imagedelivery.net/_XdB7bWYK-JWmUTR66I7hQ/abigail-mate/dsc08465/w=1024	200	79370	public/img/abigail-mate/dsc08465-w1024.webp	image/webp
https://imagedelivery.net/_XdB7bWYK-JWmUTR66I7hQ/abigail-mate/dsc08465/w=1400	200	121544	public/img/abigail-mate/dsc08465-w1400.webp	image/webp
https://imagedelivery.net/_XdB7bWYK-JWmUTR66I7hQ/abigail-mate/dsc08465/w=1440	200	125256	public/img/abigail-mate/dsc08465-w1440.webp	image/webp
https://imagedelivery.net/_XdB7bWYK-JWmUTR66I7hQ/abigail-mate/dsc08465/w=1920	200	183176	public/img/abigail-mate/dsc08465-w1920.webp	image/webp
https://imagedelivery.net/_XdB7bWYK-JWmUTR66I7hQ/abigail-mate/dsc08465/w=2560	200	275348	public/img/abigail-mate/dsc08465-w2560.webp	image/webp
https://imagedelivery.net/_XdB7bWYK-JWmUTR66I7hQ/abigail-mate/dsc08562/w=640	200	58492	public/img/abigail-mate/dsc08562-w640.webp	image/webp
https://imagedelivery.net/_XdB7bWYK-JWmUTR66I7hQ/abigail-mate/dsc08562/w=1024	200	113338	public/img/abigail-mate/dsc08562-w1024.webp	image/webp
https://imagedelivery.net/_XdB7bWYK-JWmUTR66I7hQ/abigail-mate/dsc08562/w=1440	200	179084	public/img/abigail-mate/dsc08562-w1440.webp	image/webp
https://imagedelivery.net/_XdB7bWYK-JWmUTR66I7hQ/abigail-mate/dsc08562/w=1920	200	258292	public/img/abigail-mate/dsc08562-w1920.webp	image/webp
https://imagedelivery.net/_XdB7bWYK-JWmUTR66I7hQ/abigail-mate/dsc08562/w=2000	200	271302	public/img/abigail-mate/dsc08562-w2000.webp	image/webp
https://imagedelivery.net/_XdB7bWYK-JWmUTR66I7hQ/abigail-mate/dsc08562/w=2560	200	381292	public/img/abigail-mate/dsc08562-w2560.webp	image/webp
https://imagedelivery.net/_XdB7bWYK-JWmUTR66I7hQ/abigail-mate/dsc08649/w=640	200	83048	public/img/abigail-mate/dsc08649-w640.webp	image/webp
https://imagedelivery.net/_XdB7bWYK-JWmUTR66I7hQ/abigail-mate/dsc08649/w=1024	200	151398	public/img/abigail-mate/dsc08649-w1024.webp	image/webp
https://imagedelivery.net/_XdB7bWYK-JWmUTR66I7hQ/abigail-mate/dsc08649/w=1100	200	166328	public/img/abigail-mate/dsc08649-w1100.webp	image/webp
https://imagedelivery.net/_XdB7bWYK-JWmUTR66I7hQ/abigail-mate/dsc08649/w=1400	200	228074	public/img/abigail-mate/dsc08649-w1400.webp	image/webp
https://imagedelivery.net/_XdB7bWYK-JWmUTR66I7hQ/abigail-mate/dsc08649/w=1440	200	237136	public/img/abigail-mate/dsc08649-w1440.webp	image/webp
https://imagedelivery.net/_XdB7bWYK-JWmUTR66I7hQ/abigail-mate/dsc08649/w=1920	200	365228	public/img/abigail-mate/dsc08649-w1920.webp	image/webp
https://imagedelivery.net/_XdB7bWYK-JWmUTR66I7hQ/abigail-mate/dsc08649/w=2560	200	612528	public/img/abigail-mate/dsc08649-w2560.webp	image/webp
https://imagedelivery.net/_XdB7bWYK-JWmUTR66I7hQ/abigail-mate/dsc08660/w=640	200	59148	public/img/abigail-mate/dsc08660-w640.webp	image/webp
https://imagedelivery.net/_XdB7bWYK-JWmUTR66I7hQ/abigail-mate/dsc08660/w=1024	200	126648	public/img/abigail-mate/dsc08660-w1024.webp	image/webp
https://imagedelivery.net/_XdB7bWYK-JWmUTR66I7hQ/abigail-mate/dsc08660/w=1400	200	209722	public/img/abigail-mate/dsc08660-w1400.webp	image/webp
https://imagedelivery.net/_XdB7bWYK-JWmUTR66I7hQ/abigail-mate/dsc08660/w=1440	200	221412	public/img/abigail-mate/dsc08660-w1440.webp	image/webp
https://imagedelivery.net/_XdB7bWYK-JWmUTR66I7hQ/abigail-mate/dsc08660/w=1920	200	427904	public/img/abigail-mate/dsc08660-w1920.webp	image/webp
https://imagedelivery.net/_XdB7bWYK-JWmUTR66I7hQ/abigail-mate/dsc08660/w=2560	200	852466	public/img/abigail-mate/dsc08660-w2560.webp	image/webp
https://imagedelivery.net/_XdB7bWYK-JWmUTR66I7hQ/abigail-mate/dsc08706/w=640	200	26550	public/img/abigail-mate/dsc08706-w640.webp	image/webp
https://imagedelivery.net/_XdB7bWYK-JWmUTR66I7hQ/abigail-mate/dsc08706/w=1024	200	53392	public/img/abigail-mate/dsc08706-w1024.webp	image/webp
https://imagedelivery.net/_XdB7bWYK-JWmUTR66I7hQ/abigail-mate/dsc08706/w=1440	200	86934	public/img/abigail-mate/dsc08706-w1440.webp	image/webp
https://imagedelivery.net/_XdB7bWYK-JWmUTR66I7hQ/abigail-mate/dsc08706/w=1920	200	123782	public/img/abigail-mate/dsc08706-w1920.webp	image/webp
https://imagedelivery.net/_XdB7bWYK-JWmUTR66I7hQ/abigail-mate/dsc08706/w=2000	200	129884	public/img/abigail-mate/dsc08706-w2000.webp	image/webp
https://imagedelivery.net/_XdB7bWYK-JWmUTR66I7hQ/abigail-mate/dsc08706/w=2560	200	185002	public/img/abigail-mate/dsc08706-w2560.webp	image/webp
https://imagedelivery.net/_XdB7bWYK-JWmUTR66I7hQ/abigail-mate/dsc08802/w=640	200	28004	public/img/abigail-mate/dsc08802-w640.webp	image/webp
https://imagedelivery.net/_XdB7bWYK-JWmUTR66I7hQ/abigail-mate/dsc08802/w=1024	200	59458	public/img/abigail-mate/dsc08802-w1024.webp	image/webp
https://imagedelivery.net/_XdB7bWYK-JWmUTR66I7hQ/abigail-mate/dsc08802/w=1100	200	67374	public/img/abigail-mate/dsc08802-w1100.webp	image/webp
https://imagedelivery.net/_XdB7bWYK-JWmUTR66I7hQ/abigail-mate/dsc08802/w=1440	200	101310	public/img/abigail-mate/dsc08802-w1440.webp	image/webp
https://imagedelivery.net/_XdB7bWYK-JWmUTR66I7hQ/abigail-mate/dsc08802/w=1600	200	119040	public/img/abigail-mate/dsc08802-w1600.webp	image/webp
https://imagedelivery.net/_XdB7bWYK-JWmUTR66I7hQ/abigail-mate/dsc08802/w=1920	200	158426	public/img/abigail-mate/dsc08802-w1920.webp	image/webp
https://imagedelivery.net/_XdB7bWYK-JWmUTR66I7hQ/abigail-mate/dsc08802/w=2560	200	246666	public/img/abigail-mate/dsc08802-w2560.webp	image/webp
https://imagedelivery.net/_XdB7bWYK-JWmUTR66I7hQ/abigail-mate/dsc08837/w=640	200	34418	public/img/abigail-mate/dsc08837-w640.webp	image/webp
https://imagedelivery.net/_XdB7bWYK-JWmUTR66I7hQ/abigail-mate/dsc08837/w=1024	200	88568	public/img/abigail-mate/dsc08837-w1024.webp	image/webp
https://imagedelivery.net/_XdB7bWYK-JWmUTR66I7hQ/abigail-mate/dsc08837/w=1400	200	209312	public/img/abigail-mate/dsc08837-w1400.webp	image/webp
https://imagedelivery.net/_XdB7bWYK-JWmUTR66I7hQ/abigail-mate/dsc08837/w=1440	200	227268	public/img/abigail-mate/dsc08837-w1440.webp	image/webp
https://imagedelivery.net/_XdB7bWYK-JWmUTR66I7hQ/abigail-mate/dsc08837/w=1920	200	495746	public/img/abigail-mate/dsc08837-w1920.webp	image/webp
https://imagedelivery.net/_XdB7bWYK-JWmUTR66I7hQ/abigail-mate/dsc08837/w=2560	200	936808	public/img/abigail-mate/dsc08837-w2560.webp	image/webp
https://imagedelivery.net/_XdB7bWYK-JWmUTR66I7hQ/abigail-mate/dsc08980/w=640	200	22334	public/img/abigail-mate/dsc08980-w640.webp	image/webp
https://imagedelivery.net/_XdB7bWYK-JWmUTR66I7hQ/abigail-mate/dsc08980/w=800	200	31878	public/img/abigail-mate/dsc08980-w800.webp	image/webp
https://imagedelivery.net/_XdB7bWYK-JWmUTR66I7hQ/abigail-mate/dsc08980/w=900	200	40574	public/img/abigail-mate/dsc08980-w900.webp	image/webp
https://imagedelivery.net/_XdB7bWYK-JWmUTR66I7hQ/abigail-mate/dsc08980/w=1024	200	47310	public/img/abigail-mate/dsc08980-w1024.webp	image/webp
https://imagedelivery.net/_XdB7bWYK-JWmUTR66I7hQ/abigail-mate/dsc08980/w=1100	200	53214	public/img/abigail-mate/dsc08980-w1100.webp	image/webp
https://imagedelivery.net/_XdB7bWYK-JWmUTR66I7hQ/abigail-mate/dsc08980/w=1200	200	61040	public/img/abigail-mate/dsc08980-w1200.webp	image/webp
https://imagedelivery.net/_XdB7bWYK-JWmUTR66I7hQ/abigail-mate/dsc08980/w=1440	200	80118	public/img/abigail-mate/dsc08980-w1440.webp	image/webp
https://imagedelivery.net/_XdB7bWYK-JWmUTR66I7hQ/abigail-mate/dsc08980/w=1600	200	95384	public/img/abigail-mate/dsc08980-w1600.webp	image/webp
https://imagedelivery.net/_XdB7bWYK-JWmUTR66I7hQ/abigail-mate/dsc08980/w=1920	200	130234	public/img/abigail-mate/dsc08980-w1920.webp	image/webp
https://imagedelivery.net/_XdB7bWYK-JWmUTR66I7hQ/abigail-mate/dsc08980/w=2000	200	140496	public/img/abigail-mate/dsc08980-w2000.webp	image/webp
https://imagedelivery.net/_XdB7bWYK-JWmUTR66I7hQ/abigail-mate/dsc08980/w=2200	200	167822	public/img/abigail-mate/dsc08980-w2200.webp	image/webp
https://imagedelivery.net/_XdB7bWYK-JWmUTR66I7hQ/abigail-mate/dsc08980/w=2560	200	227294	public/img/abigail-mate/dsc08980-w2560.webp	image/webp
https://imagedelivery.net/_XdB7bWYK-JWmUTR66I7hQ/abigail-mate/dsc09004/w=640	200	55638	public/img/abigail-mate/dsc09004-w640.webp	image/webp
https://imagedelivery.net/_XdB7bWYK-JWmUTR66I7hQ/abigail-mate/dsc09004/w=1024	200	126352	public/img/abigail-mate/dsc09004-w1024.webp	image/webp
https://imagedelivery.net/_XdB7bWYK-JWmUTR66I7hQ/abigail-mate/dsc09004/w=1400	200	233214	public/img/abigail-mate/dsc09004-w1400.webp	image/webp
https://imagedelivery.net/_XdB7bWYK-JWmUTR66I7hQ/abigail-mate/dsc09004/w=1440	200	246654	public/img/abigail-mate/dsc09004-w1440.webp	image/webp
https://imagedelivery.net/_XdB7bWYK-JWmUTR66I7hQ/abigail-mate/dsc09004/w=1920	200	476676	public/img/abigail-mate/dsc09004-w1920.webp	image/webp
https://imagedelivery.net/_XdB7bWYK-JWmUTR66I7hQ/abigail-mate/dsc09004/w=2560	200	934096	public/img/abigail-mate/dsc09004-w2560.webp	image/webp
https://imagedelivery.net/_XdB7bWYK-JWmUTR66I7hQ/abigail-mate/dsc09294/w=640	200	15496	public/img/abigail-mate/dsc09294-w640.webp	image/webp
https://imagedelivery.net/_XdB7bWYK-JWmUTR66I7hQ/abigail-mate/dsc09294/w=1024	200	29216	public/img/abigail-mate/dsc09294-w1024.webp	image/webp
https://imagedelivery.net/_XdB7bWYK-JWmUTR66I7hQ/abigail-mate/dsc09294/w=1440	200	46454	public/img/abigail-mate/dsc09294-w1440.webp	image/webp
https://imagedelivery.net/_XdB7bWYK-JWmUTR66I7hQ/abigail-mate/dsc09294/w=1600	200	54072	public/img/abigail-mate/dsc09294-w1600.webp	image/webp
https://imagedelivery.net/_XdB7bWYK-JWmUTR66I7hQ/abigail-mate/dsc09294/w=1920	200	67484	public/img/abigail-mate/dsc09294-w1920.webp	image/webp
https://imagedelivery.net/_XdB7bWYK-JWmUTR66I7hQ/abigail-mate/dsc09294/w=2560	200	103920	public/img/abigail-mate/dsc09294-w2560.webp	image/webp
https://imagedelivery.net/_XdB7bWYK-JWmUTR66I7hQ/abigail-mate/dsc09583/w=640	200	79092	public/img/abigail-mate/dsc09583-w640.webp	image/webp
https://imagedelivery.net/_XdB7bWYK-JWmUTR66I7hQ/abigail-mate/dsc09583/w=1024	200	156164	public/img/abigail-mate/dsc09583-w1024.webp	image/webp
https://imagedelivery.net/_XdB7bWYK-JWmUTR66I7hQ/abigail-mate/dsc09583/w=1100	200	173908	public/img/abigail-mate/dsc09583-w1100.webp	image/webp
https://imagedelivery.net/_XdB7bWYK-JWmUTR66I7hQ/abigail-mate/dsc09583/w=1440	200	248620	public/img/abigail-mate/dsc09583-w1440.webp	image/webp
https://imagedelivery.net/_XdB7bWYK-JWmUTR66I7hQ/abigail-mate/dsc09583/w=1600	200	288764	public/img/abigail-mate/dsc09583-w1600.webp	image/webp
https://imagedelivery.net/_XdB7bWYK-JWmUTR66I7hQ/abigail-mate/dsc09583/w=1920	200	365216	public/img/abigail-mate/dsc09583-w1920.webp	image/webp
https://imagedelivery.net/_XdB7bWYK-JWmUTR66I7hQ/abigail-mate/dsc09583/w=2560	200	547222	public/img/abigail-mate/dsc09583-w2560.webp	image/webp
https://imagedelivery.net/_XdB7bWYK-JWmUTR66I7hQ/abigail-mate/dsc09646/w=640	200	50828	public/img/abigail-mate/dsc09646-w640.webp	image/webp
https://imagedelivery.net/_XdB7bWYK-JWmUTR66I7hQ/abigail-mate/dsc09646/w=1024	200	97752	public/img/abigail-mate/dsc09646-w1024.webp	image/webp
https://imagedelivery.net/_XdB7bWYK-JWmUTR66I7hQ/abigail-mate/dsc09646/w=1400	200	150548	public/img/abigail-mate/dsc09646-w1400.webp	image/webp
https://imagedelivery.net/_XdB7bWYK-JWmUTR66I7hQ/abigail-mate/dsc09646/w=1440	200	155972	public/img/abigail-mate/dsc09646-w1440.webp	image/webp
https://imagedelivery.net/_XdB7bWYK-JWmUTR66I7hQ/abigail-mate/dsc09646/w=1920	200	232012	public/img/abigail-mate/dsc09646-w1920.webp	image/webp
https://imagedelivery.net/_XdB7bWYK-JWmUTR66I7hQ/abigail-mate/dsc09646/w=2560	200	339184	public/img/abigail-mate/dsc09646-w2560.webp	image/webp
https://imagedelivery.net/_XdB7bWYK-JWmUTR66I7hQ/abigail-mate/dsc09859/w=640	200	31702	public/img/abigail-mate/dsc09859-w640.webp	image/webp
https://imagedelivery.net/_XdB7bWYK-JWmUTR66I7hQ/abigail-mate/dsc09859/w=1024	200	67168	public/img/abigail-mate/dsc09859-w1024.webp	image/webp
https://imagedelivery.net/_XdB7bWYK-JWmUTR66I7hQ/abigail-mate/dsc09859/w=1400	200	114582	public/img/abigail-mate/dsc09859-w1400.webp	image/webp
https://imagedelivery.net/_XdB7bWYK-JWmUTR66I7hQ/abigail-mate/dsc09859/w=1440	200	120316	public/img/abigail-mate/dsc09859-w1440.webp	image/webp
https://imagedelivery.net/_XdB7bWYK-JWmUTR66I7hQ/abigail-mate/dsc09859/w=1920	200	207408	public/img/abigail-mate/dsc09859-w1920.webp	image/webp
https://imagedelivery.net/_XdB7bWYK-JWmUTR66I7hQ/abigail-mate/dsc09859/w=2560	200	373318	public/img/abigail-mate/dsc09859-w2560.webp	image/webp
https://imagedelivery.net/_XdB7bWYK-JWmUTR66I7hQ/abigail-mate/dsc09873/w=640	200	62406	public/img/abigail-mate/dsc09873-w640.webp	image/webp
https://imagedelivery.net/_XdB7bWYK-JWmUTR66I7hQ/abigail-mate/dsc09873/w=1024	200	161500	public/img/abigail-mate/dsc09873-w1024.webp	image/webp
https://imagedelivery.net/_XdB7bWYK-JWmUTR66I7hQ/abigail-mate/dsc09873/w=1400	200	351368	public/img/abigail-mate/dsc09873-w1400.webp	image/webp
https://imagedelivery.net/_XdB7bWYK-JWmUTR66I7hQ/abigail-mate/dsc09873/w=1440	200	374582	public/img/abigail-mate/dsc09873-w1440.webp	image/webp
https://imagedelivery.net/_XdB7bWYK-JWmUTR66I7hQ/abigail-mate/dsc09873/w=1920	200	737352	public/img/abigail-mate/dsc09873-w1920.webp	image/webp
https://imagedelivery.net/_XdB7bWYK-JWmUTR66I7hQ/abigail-mate/dsc09873/w=2560	200	1402090	public/img/abigail-mate/dsc09873-w2560.webp	image/webp
https://imagedelivery.net/_XdB7bWYK-JWmUTR66I7hQ/abigail-mate/dsc09901/w=640	200	46540	public/img/abigail-mate/dsc09901-w640.webp	image/webp
https://imagedelivery.net/_XdB7bWYK-JWmUTR66I7hQ/abigail-mate/dsc09901/w=1024	200	110618	public/img/abigail-mate/dsc09901-w1024.webp	image/webp
https://imagedelivery.net/_XdB7bWYK-JWmUTR66I7hQ/abigail-mate/dsc09901/w=1400	200	222720	public/img/abigail-mate/dsc09901-w1400.webp	image/webp
https://imagedelivery.net/_XdB7bWYK-JWmUTR66I7hQ/abigail-mate/dsc09901/w=1440	200	237916	public/img/abigail-mate/dsc09901-w1440.webp	image/webp
https://imagedelivery.net/_XdB7bWYK-JWmUTR66I7hQ/abigail-mate/dsc09901/w=1920	200	484794	public/img/abigail-mate/dsc09901-w1920.webp	image/webp
https://imagedelivery.net/_XdB7bWYK-JWmUTR66I7hQ/abigail-mate/dsc09901/w=2560	200	1015282	public/img/abigail-mate/dsc09901-w2560.webp	image/webp
https://imagedelivery.net/_XdB7bWYK-JWmUTR66I7hQ/about/heart-surgery/w=1200	200	240654	public/img/about/heart-surgery-w1200.webp	image/webp
https://imagedelivery.net/_XdB7bWYK-JWmUTR66I7hQ/about/overlooking-mountain/w=1000	200	127400	public/img/about/overlooking-mountain-w1000.webp	image/webp
https://imagedelivery.net/_XdB7bWYK-JWmUTR66I7hQ/about/profile-photo/w=900	200	34962	public/img/about/profile-photo-w900.webp	image/webp
https://imagedelivery.net/_XdB7bWYK-JWmUTR66I7hQ/about/profile-photo/w=1100	200	48684	public/img/about/profile-photo-w1100.webp	image/webp
https://imagedelivery.net/_XdB7bWYK-JWmUTR66I7hQ/childhood/01/w=520	200	22930	public/img/childhood/01-w520.webp	image/webp
https://imagedelivery.net/_XdB7bWYK-JWmUTR66I7hQ/childhood/01/w=1800	200	22930	public/img/childhood/01-w1800.webp	image/webp
https://imagedelivery.net/_XdB7bWYK-JWmUTR66I7hQ/childhood/02/w=520	200	48902	public/img/childhood/02-w520.webp	image/webp
https://imagedelivery.net/_XdB7bWYK-JWmUTR66I7hQ/childhood/02/w=1800	200	48902	public/img/childhood/02-w1800.webp	image/webp
https://imagedelivery.net/_XdB7bWYK-JWmUTR66I7hQ/childhood/03/w=520	200	13866	public/img/childhood/03-w520.webp	image/webp
https://imagedelivery.net/_XdB7bWYK-JWmUTR66I7hQ/childhood/03/w=1800	200	200024	public/img/childhood/03-w1800.webp	image/webp
https://imagedelivery.net/_XdB7bWYK-JWmUTR66I7hQ/childhood/04/w=520	200	21010	public/img/childhood/04-w520.webp	image/webp
https://imagedelivery.net/_XdB7bWYK-JWmUTR66I7hQ/childhood/04/w=1800	200	114692	public/img/childhood/04-w1800.webp	image/webp
https://imagedelivery.net/_XdB7bWYK-JWmUTR66I7hQ/childhood/05/w=520	200	35892	public/img/childhood/05-w520.webp	image/webp
https://imagedelivery.net/_XdB7bWYK-JWmUTR66I7hQ/childhood/05/w=1800	200	198700	public/img/childhood/05-w1800.webp	image/webp
https://imagedelivery.net/_XdB7bWYK-JWmUTR66I7hQ/childhood/06/w=520	200	11708	public/img/childhood/06-w520.webp	image/webp
https://imagedelivery.net/_XdB7bWYK-JWmUTR66I7hQ/childhood/06/w=1800	200	104582	public/img/childhood/06-w1800.webp	image/webp
https://imagedelivery.net/_XdB7bWYK-JWmUTR66I7hQ/childhood/07/w=520	200	10586	public/img/childhood/07-w520.webp	image/webp
https://imagedelivery.net/_XdB7bWYK-JWmUTR66I7hQ/childhood/07/w=1800	200	154962	public/img/childhood/07-w1800.webp	image/webp
https://imagedelivery.net/_XdB7bWYK-JWmUTR66I7hQ/childhood/08/w=520	200	14336	public/img/childhood/08-w520.webp	image/webp
https://imagedelivery.net/_XdB7bWYK-JWmUTR66I7hQ/childhood/08/w=1800	200	82726	public/img/childhood/08-w1800.webp	image/webp
https://imagedelivery.net/_XdB7bWYK-JWmUTR66I7hQ/childhood/09/w=520	200	45494	public/img/childhood/09-w520.webp	image/webp
https://imagedelivery.net/_XdB7bWYK-JWmUTR66I7hQ/childhood/09/w=1800	200	211582	public/img/childhood/09-w1800.webp	image/webp
https://imagedelivery.net/_XdB7bWYK-JWmUTR66I7hQ/childhood/10/w=520	200	12952	public/img/childhood/10-w520.webp	image/webp
https://imagedelivery.net/_XdB7bWYK-JWmUTR66I7hQ/childhood/10/w=1800	200	73486	public/img/childhood/10-w1800.webp	image/webp
https://imagedelivery.net/_XdB7bWYK-JWmUTR66I7hQ/childhood/11/w=520	200	7748	public/img/childhood/11-w520.webp	image/webp
https://imagedelivery.net/_XdB7bWYK-JWmUTR66I7hQ/childhood/11/w=1800	200	124232	public/img/childhood/11-w1800.webp	image/webp
https://imagedelivery.net/_XdB7bWYK-JWmUTR66I7hQ/childhood/12/w=520	200	18568	public/img/childhood/12-w520.webp	image/webp
https://imagedelivery.net/_XdB7bWYK-JWmUTR66I7hQ/childhood/12/w=1800	200	94748	public/img/childhood/12-w1800.webp	image/webp
https://imagedelivery.net/_XdB7bWYK-JWmUTR66I7hQ/childhood/13/w=520	200	39410	public/img/childhood/13-w520.webp	image/webp
https://imagedelivery.net/_XdB7bWYK-JWmUTR66I7hQ/childhood/13/w=1800	200	137810	public/img/childhood/13-w1800.webp	image/webp
https://imagedelivery.net/_XdB7bWYK-JWmUTR66I7hQ/childhood/14/w=520	200	7894	public/img/childhood/14-w520.webp	image/webp
https://imagedelivery.net/_XdB7bWYK-JWmUTR66I7hQ/childhood/14/w=1800	200	437460	public/img/childhood/14-w1800.webp	image/webp
https://imagedelivery.net/_XdB7bWYK-JWmUTR66I7hQ/childhood/15/w=520	200	27926	public/img/childhood/15-w520.webp	image/webp
https://imagedelivery.net/_XdB7bWYK-JWmUTR66I7hQ/childhood/15/w=1800	200	145072	public/img/childhood/15-w1800.webp	image/webp
https://imagedelivery.net/_XdB7bWYK-JWmUTR66I7hQ/childhood/16/w=520	200	22710	public/img/childhood/16-w520.webp	image/webp
https://imagedelivery.net/_XdB7bWYK-JWmUTR66I7hQ/childhood/16/w=1800	200	156426	public/img/childhood/16-w1800.webp	image/webp
https://imagedelivery.net/_XdB7bWYK-JWmUTR66I7hQ/childhood/17/w=520	200	22042	public/img/childhood/17-w520.webp	image/webp
https://imagedelivery.net/_XdB7bWYK-JWmUTR66I7hQ/childhood/17/w=1800	200	115924	public/img/childhood/17-w1800.webp	image/webp
https://imagedelivery.net/_XdB7bWYK-JWmUTR66I7hQ/childhood/18/w=520	200	6838	public/img/childhood/18-w520.webp	image/webp
https://imagedelivery.net/_XdB7bWYK-JWmUTR66I7hQ/childhood/18/w=1800	200	9748	public/img/childhood/18-w1800.webp	image/webp
https://imagedelivery.net/_XdB7bWYK-JWmUTR66I7hQ/childhood/19/w=520	200	15354	public/img/childhood/19-w520.webp	image/webp
https://imagedelivery.net/_XdB7bWYK-JWmUTR66I7hQ/childhood/19/w=1800	200	146370	public/img/childhood/19-w1800.webp	image/webp
https://imagedelivery.net/_XdB7bWYK-JWmUTR66I7hQ/childhood/20/w=520	200	6358	public/img/childhood/20-w520.webp	image/webp
https://imagedelivery.net/_XdB7bWYK-JWmUTR66I7hQ/childhood/20/w=1800	200	50942	public/img/childhood/20-w1800.webp	image/webp
https://imagedelivery.net/_XdB7bWYK-JWmUTR66I7hQ/childhood/21/w=520	200	10674	public/img/childhood/21-w520.webp	image/webp
https://imagedelivery.net/_XdB7bWYK-JWmUTR66I7hQ/childhood/21/w=1800	200	80098	public/img/childhood/21-w1800.webp	image/webp
https://imagedelivery.net/_XdB7bWYK-JWmUTR66I7hQ/childhood/22/w=520	200	6458	public/img/childhood/22-w520.webp	image/webp
https://imagedelivery.net/_XdB7bWYK-JWmUTR66I7hQ/childhood/22/w=1800	200	64630	public/img/childhood/22-w1800.webp	image/webp
https://imagedelivery.net/_XdB7bWYK-JWmUTR66I7hQ/childhood/23/w=520	200	25350	public/img/childhood/23-w520.webp	image/webp
https://imagedelivery.net/_XdB7bWYK-JWmUTR66I7hQ/childhood/23/w=1800	200	138804	public/img/childhood/23-w1800.webp	image/webp
https://imagedelivery.net/_XdB7bWYK-JWmUTR66I7hQ/childhood/24/w=520	200	37940	public/img/childhood/24-w520.webp	image/webp
https://imagedelivery.net/_XdB7bWYK-JWmUTR66I7hQ/childhood/24/w=1800	200	378690	public/img/childhood/24-w1800.webp	image/webp
https://imagedelivery.net/_XdB7bWYK-JWmUTR66I7hQ/childhood/25/w=520	200	2312	public/img/childhood/25-w520.webp	image/webp
https://imagedelivery.net/_XdB7bWYK-JWmUTR66I7hQ/childhood/25/w=1800	200	12650	public/img/childhood/25-w1800.webp	image/webp
https://imagedelivery.net/_XdB7bWYK-JWmUTR66I7hQ/childhood/26/w=520	200	26514	public/img/childhood/26-w520.webp	image/webp
https://imagedelivery.net/_XdB7bWYK-JWmUTR66I7hQ/childhood/26/w=1800	200	247490	public/img/childhood/26-w1800.webp	image/webp
https://imagedelivery.net/_XdB7bWYK-JWmUTR66I7hQ/childhood/27/w=520	200	11994	public/img/childhood/27-w520.webp	image/webp
https://imagedelivery.net/_XdB7bWYK-JWmUTR66I7hQ/childhood/27/w=1800	200	88916	public/img/childhood/27-w1800.webp	image/webp
https://imagedelivery.net/_XdB7bWYK-JWmUTR66I7hQ/childhood/28/w=520	200	55022	public/img/childhood/28-w520.webp	image/webp
https://imagedelivery.net/_XdB7bWYK-JWmUTR66I7hQ/childhood/28/w=1800	200	192672	public/img/childhood/28-w1800.webp	image/webp
https://imagedelivery.net/_XdB7bWYK-JWmUTR66I7hQ/childhood/29/w=520	200	9590	public/img/childhood/29-w520.webp	image/webp
https://imagedelivery.net/_XdB7bWYK-JWmUTR66I7hQ/childhood/29/w=1800	200	66984	public/img/childhood/29-w1800.webp	image/webp
https://imagedelivery.net/_XdB7bWYK-JWmUTR66I7hQ/childhood/30/w=520	200	48362	public/img/childhood/30-w520.webp	image/webp
https://imagedelivery.net/_XdB7bWYK-JWmUTR66I7hQ/childhood/30/w=1800	200	211326	public/img/childhood/30-w1800.webp	image/webp
https://imagedelivery.net/_XdB7bWYK-JWmUTR66I7hQ/childhood/31/w=520	200	18960	public/img/childhood/31-w520.webp	image/webp
https://imagedelivery.net/_XdB7bWYK-JWmUTR66I7hQ/childhood/31/w=1800	200	101072	public/img/childhood/31-w1800.webp	image/webp
https://imagedelivery.net/_XdB7bWYK-JWmUTR66I7hQ/commercial/dji-20250423194623-0025-d/w=360	200	37208	public/img/commercial/dji-20250423194623-0025-d-w360.webp	image/webp
https://imagedelivery.net/_XdB7bWYK-JWmUTR66I7hQ/commercial/dji-20250423194623-0025-d/w=480	200	61158	public/img/commercial/dji-20250423194623-0025-d-w480.webp	image/webp
https://imagedelivery.net/_XdB7bWYK-JWmUTR66I7hQ/commercial/dji-20250423194623-0025-d/w=800	200	145704	public/img/commercial/dji-20250423194623-0025-d-w800.webp	image/webp
https://imagedelivery.net/_XdB7bWYK-JWmUTR66I7hQ/commercial/dji-20250423194623-0025-d/w=1200	200	298334	public/img/commercial/dji-20250423194623-0025-d-w1200.webp	image/webp
https://imagedelivery.net/_XdB7bWYK-JWmUTR66I7hQ/commercial/dji-20250423194623-0025-d/w=1400	200	394874	public/img/commercial/dji-20250423194623-0025-d-w1400.webp	image/webp
https://imagedelivery.net/_XdB7bWYK-JWmUTR66I7hQ/commercial/dji-20250423194623-0025-d/w=1600	200	510828	public/img/commercial/dji-20250423194623-0025-d-w1600.webp	image/webp
https://imagedelivery.net/_XdB7bWYK-JWmUTR66I7hQ/commercial/dji-20250423194623-0025-d/w=2400	200	1024248	public/img/commercial/dji-20250423194623-0025-d-w2400.webp	image/webp
https://imagedelivery.net/_XdB7bWYK-JWmUTR66I7hQ/commercial/dji-20250423225851-0039-d/w=360	200	39498	public/img/commercial/dji-20250423225851-0039-d-w360.webp	image/webp
https://imagedelivery.net/_XdB7bWYK-JWmUTR66I7hQ/commercial/dji-20250423225851-0039-d/w=480	200	67502	public/img/commercial/dji-20250423225851-0039-d-w480.webp	image/webp
https://imagedelivery.net/_XdB7bWYK-JWmUTR66I7hQ/commercial/dji-20250423225851-0039-d/w=800	200	162890	public/img/commercial/dji-20250423225851-0039-d-w800.webp	image/webp
https://imagedelivery.net/_XdB7bWYK-JWmUTR66I7hQ/commercial/dji-20250423225851-0039-d/w=1200	200	339284	public/img/commercial/dji-20250423225851-0039-d-w1200.webp	image/webp
https://imagedelivery.net/_XdB7bWYK-JWmUTR66I7hQ/commercial/dji-20250423225851-0039-d/w=1280	200	380342	public/img/commercial/dji-20250423225851-0039-d-w1280.webp	image/webp
https://imagedelivery.net/_XdB7bWYK-JWmUTR66I7hQ/commercial/dji-20250423225851-0039-d/w=1400	200	442470	public/img/commercial/dji-20250423225851-0039-d-w1400.webp	image/webp
https://imagedelivery.net/_XdB7bWYK-JWmUTR66I7hQ/commercial/dji-20250423225851-0039-d/w=1600	200	565524	public/img/commercial/dji-20250423225851-0039-d-w1600.webp	image/webp
https://imagedelivery.net/_XdB7bWYK-JWmUTR66I7hQ/commercial/dji-20250423225851-0039-d/w=1920	200	784592	public/img/commercial/dji-20250423225851-0039-d-w1920.webp	image/webp
https://imagedelivery.net/_XdB7bWYK-JWmUTR66I7hQ/commercial/dji-20250423225851-0039-d/w=2400	200	1120622	public/img/commercial/dji-20250423225851-0039-d-w2400.webp	image/webp
https://imagedelivery.net/_XdB7bWYK-JWmUTR66I7hQ/commercial/dji-20250423225851-0039-d/w=2560	200	1241542	public/img/commercial/dji-20250423225851-0039-d-w2560.webp	image/webp
https://imagedelivery.net/_XdB7bWYK-JWmUTR66I7hQ/commercial/dsc00132/w=360	200	3754	public/img/commercial/dsc00132-w360.webp	image/webp
https://imagedelivery.net/_XdB7bWYK-JWmUTR66I7hQ/commercial/dsc00132/w=480	200	5952	public/img/commercial/dsc00132-w480.webp	image/webp
https://imagedelivery.net/_XdB7bWYK-JWmUTR66I7hQ/commercial/dsc00132/w=800	200	13932	public/img/commercial/dsc00132-w800.webp	image/webp
https://imagedelivery.net/_XdB7bWYK-JWmUTR66I7hQ/commercial/dsc00132/w=1200	200	28076	public/img/commercial/dsc00132-w1200.webp	image/webp
https://imagedelivery.net/_XdB7bWYK-JWmUTR66I7hQ/commercial/dsc00132/w=1400	200	37058	public/img/commercial/dsc00132-w1400.webp	image/webp
https://imagedelivery.net/_XdB7bWYK-JWmUTR66I7hQ/commercial/dsc00132/w=1600	200	45696	public/img/commercial/dsc00132-w1600.webp	image/webp
https://imagedelivery.net/_XdB7bWYK-JWmUTR66I7hQ/commercial/dsc00132/w=2400	200	93280	public/img/commercial/dsc00132-w2400.webp	image/webp
https://imagedelivery.net/_XdB7bWYK-JWmUTR66I7hQ/commercial/dsc00168/w=360	200	11040	public/img/commercial/dsc00168-w360.webp	image/webp
https://imagedelivery.net/_XdB7bWYK-JWmUTR66I7hQ/commercial/dsc00168/w=480	200	16672	public/img/commercial/dsc00168-w480.webp	image/webp
https://imagedelivery.net/_XdB7bWYK-JWmUTR66I7hQ/commercial/dsc00168/w=800	200	34108	public/img/commercial/dsc00168-w800.webp	image/webp
https://imagedelivery.net/_XdB7bWYK-JWmUTR66I7hQ/commercial/dsc00168/w=1100	200	63870	public/img/commercial/dsc00168-w1100.webp	image/webp
https://imagedelivery.net/_XdB7bWYK-JWmUTR66I7hQ/commercial/dsc00168/w=1200	200	80610	public/img/commercial/dsc00168-w1200.webp	image/webp
https://imagedelivery.net/_XdB7bWYK-JWmUTR66I7hQ/commercial/dsc00168/w=1600	200	177836	public/img/commercial/dsc00168-w1600.webp	image/webp
https://imagedelivery.net/_XdB7bWYK-JWmUTR66I7hQ/commercial/dsc00168/w=2400	200	729974	public/img/commercial/dsc00168-w2400.webp	image/webp
https://imagedelivery.net/_XdB7bWYK-JWmUTR66I7hQ/commercial/dsc00276/w=360	200	4440	public/img/commercial/dsc00276-w360.webp	image/webp
https://imagedelivery.net/_XdB7bWYK-JWmUTR66I7hQ/commercial/dsc00276/w=480	200	6550	public/img/commercial/dsc00276-w480.webp	image/webp
https://imagedelivery.net/_XdB7bWYK-JWmUTR66I7hQ/commercial/dsc00276/w=800	200	13470	public/img/commercial/dsc00276-w800.webp	image/webp
https://imagedelivery.net/_XdB7bWYK-JWmUTR66I7hQ/commercial/dsc00276/w=1100	200	21468	public/img/commercial/dsc00276-w1100.webp	image/webp
https://imagedelivery.net/_XdB7bWYK-JWmUTR66I7hQ/commercial/dsc00276/w=1200	200	24748	public/img/commercial/dsc00276-w1200.webp	image/webp
https://imagedelivery.net/_XdB7bWYK-JWmUTR66I7hQ/commercial/dsc00276/w=1600	200	38670	public/img/commercial/dsc00276-w1600.webp	image/webp
https://imagedelivery.net/_XdB7bWYK-JWmUTR66I7hQ/commercial/dsc00276/w=2400	200	72476	public/img/commercial/dsc00276-w2400.webp	image/webp
https://imagedelivery.net/_XdB7bWYK-JWmUTR66I7hQ/commercial/dsc00435/w=360	200	10116	public/img/commercial/dsc00435-w360.webp	image/webp
https://imagedelivery.net/_XdB7bWYK-JWmUTR66I7hQ/commercial/dsc00435/w=480	200	16002	public/img/commercial/dsc00435-w480.webp	image/webp
https://imagedelivery.net/_XdB7bWYK-JWmUTR66I7hQ/commercial/dsc00435/w=800	200	35068	public/img/commercial/dsc00435-w800.webp	image/webp
https://imagedelivery.net/_XdB7bWYK-JWmUTR66I7hQ/commercial/dsc00435/w=1100	200	57170	public/img/commercial/dsc00435-w1100.webp	image/webp
https://imagedelivery.net/_XdB7bWYK-JWmUTR66I7hQ/commercial/dsc00435/w=1200	200	65516	public/img/commercial/dsc00435-w1200.webp	image/webp
https://imagedelivery.net/_XdB7bWYK-JWmUTR66I7hQ/commercial/dsc00435/w=1600	200	105572	public/img/commercial/dsc00435-w1600.webp	image/webp
https://imagedelivery.net/_XdB7bWYK-JWmUTR66I7hQ/commercial/dsc00435/w=2400	200	258160	public/img/commercial/dsc00435-w2400.webp	image/webp
https://imagedelivery.net/_XdB7bWYK-JWmUTR66I7hQ/commercial/dsc00552/w=360	200	9356	public/img/commercial/dsc00552-w360.webp	image/webp
https://imagedelivery.net/_XdB7bWYK-JWmUTR66I7hQ/commercial/dsc00552/w=480	200	14602	public/img/commercial/dsc00552-w480.webp	image/webp
https://imagedelivery.net/_XdB7bWYK-JWmUTR66I7hQ/commercial/dsc00552/w=800	200	31086	public/img/commercial/dsc00552-w800.webp	image/webp
https://imagedelivery.net/_XdB7bWYK-JWmUTR66I7hQ/commercial/dsc00552/w=1100	200	49706	public/img/commercial/dsc00552-w1100.webp	image/webp
https://imagedelivery.net/_XdB7bWYK-JWmUTR66I7hQ/commercial/dsc00552/w=1200	200	56990	public/img/commercial/dsc00552-w1200.webp	image/webp
https://imagedelivery.net/_XdB7bWYK-JWmUTR66I7hQ/commercial/dsc00552/w=1600	200	86956	public/img/commercial/dsc00552-w1600.webp	image/webp
https://imagedelivery.net/_XdB7bWYK-JWmUTR66I7hQ/commercial/dsc00552/w=2400	200	158966	public/img/commercial/dsc00552-w2400.webp	image/webp
https://imagedelivery.net/_XdB7bWYK-JWmUTR66I7hQ/commercial/dsc01018/w=360	200	14350	public/img/commercial/dsc01018-w360.webp	image/webp
https://imagedelivery.net/_XdB7bWYK-JWmUTR66I7hQ/commercial/dsc01018/w=480	200	22630	public/img/commercial/dsc01018-w480.webp	image/webp
https://imagedelivery.net/_XdB7bWYK-JWmUTR66I7hQ/commercial/dsc01018/w=800	200	52566	public/img/commercial/dsc01018-w800.webp	image/webp
https://imagedelivery.net/_XdB7bWYK-JWmUTR66I7hQ/commercial/dsc01018/w=1100	200	81160	public/img/commercial/dsc01018-w1100.webp	image/webp
https://imagedelivery.net/_XdB7bWYK-JWmUTR66I7hQ/commercial/dsc01018/w=1200	200	93134	public/img/commercial/dsc01018-w1200.webp	image/webp
https://imagedelivery.net/_XdB7bWYK-JWmUTR66I7hQ/commercial/dsc01018/w=1600	200	140782	public/img/commercial/dsc01018-w1600.webp	image/webp
https://imagedelivery.net/_XdB7bWYK-JWmUTR66I7hQ/commercial/dsc01018/w=2400	200	277828	public/img/commercial/dsc01018-w2400.webp	image/webp
https://imagedelivery.net/_XdB7bWYK-JWmUTR66I7hQ/commercial/dsc01068/w=360	200	12312	public/img/commercial/dsc01068-w360.webp	image/webp
https://imagedelivery.net/_XdB7bWYK-JWmUTR66I7hQ/commercial/dsc01068/w=480	200	19002	public/img/commercial/dsc01068-w480.webp	image/webp
https://imagedelivery.net/_XdB7bWYK-JWmUTR66I7hQ/commercial/dsc01068/w=800	200	43800	public/img/commercial/dsc01068-w800.webp	image/webp
https://imagedelivery.net/_XdB7bWYK-JWmUTR66I7hQ/commercial/dsc01068/w=1100	200	75816	public/img/commercial/dsc01068-w1100.webp	image/webp
https://imagedelivery.net/_XdB7bWYK-JWmUTR66I7hQ/commercial/dsc01068/w=1200	200	88528	public/img/commercial/dsc01068-w1200.webp	image/webp
https://imagedelivery.net/_XdB7bWYK-JWmUTR66I7hQ/commercial/dsc01068/w=1600	200	152248	public/img/commercial/dsc01068-w1600.webp	image/webp
https://imagedelivery.net/_XdB7bWYK-JWmUTR66I7hQ/commercial/dsc01068/w=2400	200	362544	public/img/commercial/dsc01068-w2400.webp	image/webp
https://imagedelivery.net/_XdB7bWYK-JWmUTR66I7hQ/commercial/dsc01078/w=360	200	4272	public/img/commercial/dsc01078-w360.webp	image/webp
https://imagedelivery.net/_XdB7bWYK-JWmUTR66I7hQ/commercial/dsc01078/w=1200	200	27974	public/img/commercial/dsc01078-w1200.webp	image/webp
https://imagedelivery.net/_XdB7bWYK-JWmUTR66I7hQ/commercial/dsc01078/w=1600	200	47002	public/img/commercial/dsc01078-w1600.webp	image/webp
https://imagedelivery.net/_XdB7bWYK-JWmUTR66I7hQ/commercial/dsc01078/w=2400	200	113100	public/img/commercial/dsc01078-w2400.webp	image/webp
https://imagedelivery.net/_XdB7bWYK-JWmUTR66I7hQ/commercial/dsc01080/w=360	200	4528	public/img/commercial/dsc01080-w360.webp	image/webp
https://imagedelivery.net/_XdB7bWYK-JWmUTR66I7hQ/commercial/dsc01080/w=1200	200	32316	public/img/commercial/dsc01080-w1200.webp	image/webp
https://imagedelivery.net/_XdB7bWYK-JWmUTR66I7hQ/commercial/dsc01080/w=1600	200	56766	public/img/commercial/dsc01080-w1600.webp	image/webp
https://imagedelivery.net/_XdB7bWYK-JWmUTR66I7hQ/commercial/dsc01080/w=2400	200	179254	public/img/commercial/dsc01080-w2400.webp	image/webp
https://imagedelivery.net/_XdB7bWYK-JWmUTR66I7hQ/commercial/dsc01156/w=360	200	32372	public/img/commercial/dsc01156-w360.webp	image/webp
https://imagedelivery.net/_XdB7bWYK-JWmUTR66I7hQ/commercial/dsc01156/w=1200	200	447070	public/img/commercial/dsc01156-w1200.webp	image/webp
https://imagedelivery.net/_XdB7bWYK-JWmUTR66I7hQ/commercial/dsc01156/w=1600	200	891452	public/img/commercial/dsc01156-w1600.webp	image/webp
https://imagedelivery.net/_XdB7bWYK-JWmUTR66I7hQ/commercial/dsc01156/w=2400	200	2212536	public/img/commercial/dsc01156-w2400.webp	image/webp
https://imagedelivery.net/_XdB7bWYK-JWmUTR66I7hQ/commercial/dsc01190/w=360	200	5980	public/img/commercial/dsc01190-w360.webp	image/webp
https://imagedelivery.net/_XdB7bWYK-JWmUTR66I7hQ/commercial/dsc01190/w=1200	200	45282	public/img/commercial/dsc01190-w1200.webp	image/webp
https://imagedelivery.net/_XdB7bWYK-JWmUTR66I7hQ/commercial/dsc01190/w=1600	200	76140	public/img/commercial/dsc01190-w1600.webp	image/webp
https://imagedelivery.net/_XdB7bWYK-JWmUTR66I7hQ/commercial/dsc01190/w=2400	200	187840	public/img/commercial/dsc01190-w2400.webp	image/webp
https://imagedelivery.net/_XdB7bWYK-JWmUTR66I7hQ/commercial/dsc01207-hdr/w=360	200	20196	public/img/commercial/dsc01207-hdr-w360.webp	image/webp
https://imagedelivery.net/_XdB7bWYK-JWmUTR66I7hQ/commercial/dsc01207-hdr/w=1200	200	165732	public/img/commercial/dsc01207-hdr-w1200.webp	image/webp
https://imagedelivery.net/_XdB7bWYK-JWmUTR66I7hQ/commercial/dsc01207-hdr/w=1600	200	262564	public/img/commercial/dsc01207-hdr-w1600.webp	image/webp
https://imagedelivery.net/_XdB7bWYK-JWmUTR66I7hQ/commercial/dsc01207-hdr/w=2400	200	516778	public/img/commercial/dsc01207-hdr-w2400.webp	image/webp
https://imagedelivery.net/_XdB7bWYK-JWmUTR66I7hQ/commercial/dsc01318/w=360	200	9678	public/img/commercial/dsc01318-w360.webp	image/webp
https://imagedelivery.net/_XdB7bWYK-JWmUTR66I7hQ/commercial/dsc01318/w=1200	200	70130	public/img/commercial/dsc01318-w1200.webp	image/webp
https://imagedelivery.net/_XdB7bWYK-JWmUTR66I7hQ/commercial/dsc01318/w=1600	200	107856	public/img/commercial/dsc01318-w1600.webp	image/webp
https://imagedelivery.net/_XdB7bWYK-JWmUTR66I7hQ/commercial/dsc01318/w=2400	200	210396	public/img/commercial/dsc01318-w2400.webp	image/webp
https://imagedelivery.net/_XdB7bWYK-JWmUTR66I7hQ/commercial/dsc01387/w=360	200	19102	public/img/commercial/dsc01387-w360.webp	image/webp
https://imagedelivery.net/_XdB7bWYK-JWmUTR66I7hQ/commercial/dsc01387/w=1200	200	180004	public/img/commercial/dsc01387-w1200.webp	image/webp
https://imagedelivery.net/_XdB7bWYK-JWmUTR66I7hQ/commercial/dsc01387/w=1600	200	338620	public/img/commercial/dsc01387-w1600.webp	image/webp
https://imagedelivery.net/_XdB7bWYK-JWmUTR66I7hQ/commercial/dsc01387/w=2400	200	873646	public/img/commercial/dsc01387-w2400.webp	image/webp
https://imagedelivery.net/_XdB7bWYK-JWmUTR66I7hQ/commercial/dsc01473/w=360	200	9622	public/img/commercial/dsc01473-w360.webp	image/webp
https://imagedelivery.net/_XdB7bWYK-JWmUTR66I7hQ/commercial/dsc01473/w=1200	200	79608	public/img/commercial/dsc01473-w1200.webp	image/webp
https://imagedelivery.net/_XdB7bWYK-JWmUTR66I7hQ/commercial/dsc01473/w=1600	200	152750	public/img/commercial/dsc01473-w1600.webp	image/webp
https://imagedelivery.net/_XdB7bWYK-JWmUTR66I7hQ/commercial/dsc01473/w=2400	200	435948	public/img/commercial/dsc01473-w2400.webp	image/webp
https://imagedelivery.net/_XdB7bWYK-JWmUTR66I7hQ/commercial/dsc02093/w=360	200	15052	public/img/commercial/dsc02093-w360.webp	image/webp
https://imagedelivery.net/_XdB7bWYK-JWmUTR66I7hQ/commercial/dsc02093/w=1300	200	235468	public/img/commercial/dsc02093-w1300.webp	image/webp
https://imagedelivery.net/_XdB7bWYK-JWmUTR66I7hQ/commercial/dsc02093/w=1600	200	458314	public/img/commercial/dsc02093-w1600.webp	image/webp
https://imagedelivery.net/_XdB7bWYK-JWmUTR66I7hQ/commercial/dsc02093/w=2400	200	1416010	public/img/commercial/dsc02093-w2400.webp	image/webp
https://imagedelivery.net/_XdB7bWYK-JWmUTR66I7hQ/commercial/dsc02095/w=360	200	8808	public/img/commercial/dsc02095-w360.webp	image/webp
https://imagedelivery.net/_XdB7bWYK-JWmUTR66I7hQ/commercial/dsc02095/w=1300	200	346290	public/img/commercial/dsc02095-w1300.webp	image/webp
https://imagedelivery.net/_XdB7bWYK-JWmUTR66I7hQ/commercial/dsc02095/w=1600	200	614904	public/img/commercial/dsc02095-w1600.webp	image/webp
https://imagedelivery.net/_XdB7bWYK-JWmUTR66I7hQ/commercial/dsc02095/w=2400	200	1678886	public/img/commercial/dsc02095-w2400.webp	image/webp
https://imagedelivery.net/_XdB7bWYK-JWmUTR66I7hQ/commercial/dsc02107/w=360	200	9330	public/img/commercial/dsc02107-w360.webp	image/webp
https://imagedelivery.net/_XdB7bWYK-JWmUTR66I7hQ/commercial/dsc02107/w=1300	200	242284	public/img/commercial/dsc02107-w1300.webp	image/webp
https://imagedelivery.net/_XdB7bWYK-JWmUTR66I7hQ/commercial/dsc02107/w=1600	200	469346	public/img/commercial/dsc02107-w1600.webp	image/webp
https://imagedelivery.net/_XdB7bWYK-JWmUTR66I7hQ/commercial/dsc02107/w=2400	200	1409460	public/img/commercial/dsc02107-w2400.webp	image/webp
https://imagedelivery.net/_XdB7bWYK-JWmUTR66I7hQ/commercial/dsc02469-edit/w=160	200	2300	public/img/commercial/dsc02469-edit-w160.webp	image/webp
https://imagedelivery.net/_XdB7bWYK-JWmUTR66I7hQ/commercial/dsc02469-edit/w=360	200	7662	public/img/commercial/dsc02469-edit-w360.webp	image/webp
https://imagedelivery.net/_XdB7bWYK-JWmUTR66I7hQ/commercial/dsc02469-edit/w=1280	200	94174	public/img/commercial/dsc02469-edit-w1280.webp	image/webp
https://imagedelivery.net/_XdB7bWYK-JWmUTR66I7hQ/commercial/dsc02469-edit/w=1300	200	97404	public/img/commercial/dsc02469-edit-w1300.webp	image/webp
https://imagedelivery.net/_XdB7bWYK-JWmUTR66I7hQ/commercial/dsc02469-edit/w=1600	200	150488	public/img/commercial/dsc02469-edit-w1600.webp	image/webp
https://imagedelivery.net/_XdB7bWYK-JWmUTR66I7hQ/commercial/dsc02469-edit/w=1920	200	216122	public/img/commercial/dsc02469-edit-w1920.webp	image/webp
https://imagedelivery.net/_XdB7bWYK-JWmUTR66I7hQ/commercial/dsc02469-edit/w=2400	200	325578	public/img/commercial/dsc02469-edit-w2400.webp	image/webp
https://imagedelivery.net/_XdB7bWYK-JWmUTR66I7hQ/commercial/dsc02469-edit/w=2560	200	365094	public/img/commercial/dsc02469-edit-w2560.webp	image/webp
https://imagedelivery.net/_XdB7bWYK-JWmUTR66I7hQ/commercial/dsc02480-edit/w=360	200	14292	public/img/commercial/dsc02480-edit-w360.webp	image/webp
https://imagedelivery.net/_XdB7bWYK-JWmUTR66I7hQ/commercial/dsc02480-edit/w=1300	200	126422	public/img/commercial/dsc02480-edit-w1300.webp	image/webp
https://imagedelivery.net/_XdB7bWYK-JWmUTR66I7hQ/commercial/dsc02480-edit/w=1600	200	173532	public/img/commercial/dsc02480-edit-w1600.webp	image/webp
https://imagedelivery.net/_XdB7bWYK-JWmUTR66I7hQ/commercial/dsc02480-edit/w=2400	200	298882	public/img/commercial/dsc02480-edit-w2400.webp	image/webp
https://imagedelivery.net/_XdB7bWYK-JWmUTR66I7hQ/commercial/dsc02495/w=360	200	28860	public/img/commercial/dsc02495-w360.webp	image/webp
https://imagedelivery.net/_XdB7bWYK-JWmUTR66I7hQ/commercial/dsc02495/w=1300	200	246046	public/img/commercial/dsc02495-w1300.webp	image/webp
https://imagedelivery.net/_XdB7bWYK-JWmUTR66I7hQ/commercial/dsc02495/w=1600	200	342704	public/img/commercial/dsc02495-w1600.webp	image/webp
https://imagedelivery.net/_XdB7bWYK-JWmUTR66I7hQ/commercial/dsc02495/w=2400	200	645726	public/img/commercial/dsc02495-w2400.webp	image/webp
https://imagedelivery.net/_XdB7bWYK-JWmUTR66I7hQ/commercial/dsc03084/w=360	200	25232	public/img/commercial/dsc03084-w360.webp	image/webp
https://imagedelivery.net/_XdB7bWYK-JWmUTR66I7hQ/commercial/dsc03084/w=1200	200	167750	public/img/commercial/dsc03084-w1200.webp	image/webp
https://imagedelivery.net/_XdB7bWYK-JWmUTR66I7hQ/commercial/dsc03084/w=1600	200	255222	public/img/commercial/dsc03084-w1600.webp	image/webp
https://imagedelivery.net/_XdB7bWYK-JWmUTR66I7hQ/commercial/dsc03084/w=2400	200	440102	public/img/commercial/dsc03084-w2400.webp	image/webp
https://imagedelivery.net/_XdB7bWYK-JWmUTR66I7hQ/commercial/dsc03098/w=360	200	35900	public/img/commercial/dsc03098-w360.webp	image/webp
https://imagedelivery.net/_XdB7bWYK-JWmUTR66I7hQ/commercial/dsc03098/w=1200	200	285406	public/img/commercial/dsc03098-w1200.webp	image/webp
https://imagedelivery.net/_XdB7bWYK-JWmUTR66I7hQ/commercial/dsc03098/w=1600	200	444894	public/img/commercial/dsc03098-w1600.webp	image/webp
https://imagedelivery.net/_XdB7bWYK-JWmUTR66I7hQ/commercial/dsc03098/w=2400	200	764110	public/img/commercial/dsc03098-w2400.webp	image/webp
https://imagedelivery.net/_XdB7bWYK-JWmUTR66I7hQ/commercial/dsc03105/w=360	200	37648	public/img/commercial/dsc03105-w360.webp	image/webp
https://imagedelivery.net/_XdB7bWYK-JWmUTR66I7hQ/commercial/dsc03105/w=1200	200	187442	public/img/commercial/dsc03105-w1200.webp	image/webp
https://imagedelivery.net/_XdB7bWYK-JWmUTR66I7hQ/commercial/dsc03105/w=1600	200	273234	public/img/commercial/dsc03105-w1600.webp	image/webp
https://imagedelivery.net/_XdB7bWYK-JWmUTR66I7hQ/commercial/dsc03105/w=2400	200	441132	public/img/commercial/dsc03105-w2400.webp	image/webp
https://imagedelivery.net/_XdB7bWYK-JWmUTR66I7hQ/commercial/dsc03166/w=360	200	48568	public/img/commercial/dsc03166-w360.webp	image/webp
https://imagedelivery.net/_XdB7bWYK-JWmUTR66I7hQ/commercial/dsc03166/w=1200	200	434920	public/img/commercial/dsc03166-w1200.webp	image/webp
https://imagedelivery.net/_XdB7bWYK-JWmUTR66I7hQ/commercial/dsc03166/w=1600	200	676726	public/img/commercial/dsc03166-w1600.webp	image/webp
https://imagedelivery.net/_XdB7bWYK-JWmUTR66I7hQ/commercial/dsc03166/w=2400	200	1162060	public/img/commercial/dsc03166-w2400.webp	image/webp
https://imagedelivery.net/_XdB7bWYK-JWmUTR66I7hQ/commercial/dsc03172/w=360	200	32628	public/img/commercial/dsc03172-w360.webp	image/webp
https://imagedelivery.net/_XdB7bWYK-JWmUTR66I7hQ/commercial/dsc03172/w=1200	200	168010	public/img/commercial/dsc03172-w1200.webp	image/webp
https://imagedelivery.net/_XdB7bWYK-JWmUTR66I7hQ/commercial/dsc03172/w=1600	200	237994	public/img/commercial/dsc03172-w1600.webp	image/webp
https://imagedelivery.net/_XdB7bWYK-JWmUTR66I7hQ/commercial/dsc03172/w=2400	200	432412	public/img/commercial/dsc03172-w2400.webp	image/webp
https://imagedelivery.net/_XdB7bWYK-JWmUTR66I7hQ/commercial/dsc03179/w=360	200	44764	public/img/commercial/dsc03179-w360.webp	image/webp
https://imagedelivery.net/_XdB7bWYK-JWmUTR66I7hQ/commercial/dsc03179/w=1200	200	356644	public/img/commercial/dsc03179-w1200.webp	image/webp
https://imagedelivery.net/_XdB7bWYK-JWmUTR66I7hQ/commercial/dsc03179/w=1600	200	554304	public/img/commercial/dsc03179-w1600.webp	image/webp
https://imagedelivery.net/_XdB7bWYK-JWmUTR66I7hQ/commercial/dsc03179/w=2400	200	994652	public/img/commercial/dsc03179-w2400.webp	image/webp
https://imagedelivery.net/_XdB7bWYK-JWmUTR66I7hQ/commercial/dsc03271-edit/w=360	200	33266	public/img/commercial/dsc03271-edit-w360.webp	image/webp
https://imagedelivery.net/_XdB7bWYK-JWmUTR66I7hQ/commercial/dsc03271-edit/w=1200	200	311580	public/img/commercial/dsc03271-edit-w1200.webp	image/webp
https://imagedelivery.net/_XdB7bWYK-JWmUTR66I7hQ/commercial/dsc03271-edit/w=1600	200	592926	public/img/commercial/dsc03271-edit-w1600.webp	image/webp
https://imagedelivery.net/_XdB7bWYK-JWmUTR66I7hQ/commercial/dsc03271-edit/w=2400	200	1439386	public/img/commercial/dsc03271-edit-w2400.webp	image/webp
https://imagedelivery.net/_XdB7bWYK-JWmUTR66I7hQ/commercial/dsc03278/w=360	200	27174	public/img/commercial/dsc03278-w360.webp	image/webp
https://imagedelivery.net/_XdB7bWYK-JWmUTR66I7hQ/commercial/dsc03278/w=1280	200	435420	public/img/commercial/dsc03278-w1280.webp	image/webp
https://imagedelivery.net/_XdB7bWYK-JWmUTR66I7hQ/commercial/dsc03278/w=1600	200	614782	public/img/commercial/dsc03278-w1600.webp	image/webp
https://imagedelivery.net/_XdB7bWYK-JWmUTR66I7hQ/commercial/dsc03278/w=1920	200	811200	public/img/commercial/dsc03278-w1920.webp	image/webp
https://imagedelivery.net/_XdB7bWYK-JWmUTR66I7hQ/commercial/dsc03278/w=2400	200	1067558	public/img/commercial/dsc03278-w2400.webp	image/webp
https://imagedelivery.net/_XdB7bWYK-JWmUTR66I7hQ/commercial/dsc03278/w=2560	200	1172384	public/img/commercial/dsc03278-w2560.webp	image/webp
https://imagedelivery.net/_XdB7bWYK-JWmUTR66I7hQ/commercial/dsc03278-2/w=360	200	35848	public/img/commercial/dsc03278-2-w360.webp	image/webp
https://imagedelivery.net/_XdB7bWYK-JWmUTR66I7hQ/commercial/dsc03278-2/w=1600	200	143360	public/img/commercial/dsc03278-2-w1600.webp	image/webp
https://imagedelivery.net/_XdB7bWYK-JWmUTR66I7hQ/commercial/dsc03278-2/w=2400	200	143360	public/img/commercial/dsc03278-2-w2400.webp	image/webp
https://imagedelivery.net/_XdB7bWYK-JWmUTR66I7hQ/commercial/dsc03284/w=360	200	14584	public/img/commercial/dsc03284-w360.webp	image/webp
https://imagedelivery.net/_XdB7bWYK-JWmUTR66I7hQ/commercial/dsc03284/w=1200	200	66678	public/img/commercial/dsc03284-w1200.webp	image/webp
https://imagedelivery.net/_XdB7bWYK-JWmUTR66I7hQ/commercial/dsc03284/w=1600	200	98526	public/img/commercial/dsc03284-w1600.webp	image/webp
https://imagedelivery.net/_XdB7bWYK-JWmUTR66I7hQ/commercial/dsc03284/w=2400	200	171502	public/img/commercial/dsc03284-w2400.webp	image/webp
https://imagedelivery.net/_XdB7bWYK-JWmUTR66I7hQ/commercial/dsc03295/w=360	200	12708	public/img/commercial/dsc03295-w360.webp	image/webp
https://imagedelivery.net/_XdB7bWYK-JWmUTR66I7hQ/commercial/dsc03295/w=1200	200	72438	public/img/commercial/dsc03295-w1200.webp	image/webp
https://imagedelivery.net/_XdB7bWYK-JWmUTR66I7hQ/commercial/dsc03295/w=1600	200	110224	public/img/commercial/dsc03295-w1600.webp	image/webp
https://imagedelivery.net/_XdB7bWYK-JWmUTR66I7hQ/commercial/dsc03295/w=2400	200	205436	public/img/commercial/dsc03295-w2400.webp	image/webp
https://imagedelivery.net/_XdB7bWYK-JWmUTR66I7hQ/commercial/dsc03318/w=360	200	13486	public/img/commercial/dsc03318-w360.webp	image/webp
https://imagedelivery.net/_XdB7bWYK-JWmUTR66I7hQ/commercial/dsc03318/w=1200	200	74746	public/img/commercial/dsc03318-w1200.webp	image/webp
https://imagedelivery.net/_XdB7bWYK-JWmUTR66I7hQ/commercial/dsc03318/w=1600	200	115384	public/img/commercial/dsc03318-w1600.webp	image/webp
https://imagedelivery.net/_XdB7bWYK-JWmUTR66I7hQ/commercial/dsc03318/w=2400	200	215374	public/img/commercial/dsc03318-w2400.webp	image/webp
https://imagedelivery.net/_XdB7bWYK-JWmUTR66I7hQ/commercial/dsc03333/w=360	200	30234	public/img/commercial/dsc03333-w360.webp	image/webp
https://imagedelivery.net/_XdB7bWYK-JWmUTR66I7hQ/commercial/dsc03333/w=1200	200	186834	public/img/commercial/dsc03333-w1200.webp	image/webp
https://imagedelivery.net/_XdB7bWYK-JWmUTR66I7hQ/commercial/dsc03333/w=1600	200	283398	public/img/commercial/dsc03333-w1600.webp	image/webp
https://imagedelivery.net/_XdB7bWYK-JWmUTR66I7hQ/commercial/dsc03333/w=2400	200	506848	public/img/commercial/dsc03333-w2400.webp	image/webp
https://imagedelivery.net/_XdB7bWYK-JWmUTR66I7hQ/commercial/dsc03340/w=360	200	27796	public/img/commercial/dsc03340-w360.webp	image/webp
https://imagedelivery.net/_XdB7bWYK-JWmUTR66I7hQ/commercial/dsc03340/w=1200	200	160964	public/img/commercial/dsc03340-w1200.webp	image/webp
https://imagedelivery.net/_XdB7bWYK-JWmUTR66I7hQ/commercial/dsc03340/w=1600	200	241826	public/img/commercial/dsc03340-w1600.webp	image/webp
https://imagedelivery.net/_XdB7bWYK-JWmUTR66I7hQ/commercial/dsc03340/w=2400	200	415596	public/img/commercial/dsc03340-w2400.webp	image/webp
https://imagedelivery.net/_XdB7bWYK-JWmUTR66I7hQ/commercial/dsc03399/w=360	200	42522	public/img/commercial/dsc03399-w360.webp	image/webp
https://imagedelivery.net/_XdB7bWYK-JWmUTR66I7hQ/commercial/dsc03399/w=1200	200	305316	public/img/commercial/dsc03399-w1200.webp	image/webp
https://imagedelivery.net/_XdB7bWYK-JWmUTR66I7hQ/commercial/dsc03399/w=1600	200	558404	public/img/commercial/dsc03399-w1600.webp	image/webp
https://imagedelivery.net/_XdB7bWYK-JWmUTR66I7hQ/commercial/dsc03399/w=2400	200	1352820	public/img/commercial/dsc03399-w2400.webp	image/webp
https://imagedelivery.net/_XdB7bWYK-JWmUTR66I7hQ/commercial/dsc03437/w=360	200	10488	public/img/commercial/dsc03437-w360.webp	image/webp
https://imagedelivery.net/_XdB7bWYK-JWmUTR66I7hQ/commercial/dsc03437/w=1200	200	78084	public/img/commercial/dsc03437-w1200.webp	image/webp
https://imagedelivery.net/_XdB7bWYK-JWmUTR66I7hQ/commercial/dsc03437/w=1600	200	120596	public/img/commercial/dsc03437-w1600.webp	image/webp
https://imagedelivery.net/_XdB7bWYK-JWmUTR66I7hQ/commercial/dsc03437/w=2400	200	207788	public/img/commercial/dsc03437-w2400.webp	image/webp
https://imagedelivery.net/_XdB7bWYK-JWmUTR66I7hQ/commercial/dsc03725/w=360	200	22016	public/img/commercial/dsc03725-w360.webp	image/webp
https://imagedelivery.net/_XdB7bWYK-JWmUTR66I7hQ/commercial/dsc03725/w=1200	200	225812	public/img/commercial/dsc03725-w1200.webp	image/webp
https://imagedelivery.net/_XdB7bWYK-JWmUTR66I7hQ/commercial/dsc03725/w=1600	200	502708	public/img/commercial/dsc03725-w1600.webp	image/webp
https://imagedelivery.net/_XdB7bWYK-JWmUTR66I7hQ/commercial/dsc03725/w=2400	200	1380704	public/img/commercial/dsc03725-w2400.webp	image/webp
https://imagedelivery.net/_XdB7bWYK-JWmUTR66I7hQ/commercial/dsc03834/w=360	200	33398	public/img/commercial/dsc03834-w360.webp	image/webp
https://imagedelivery.net/_XdB7bWYK-JWmUTR66I7hQ/commercial/dsc03834/w=1200	200	232156	public/img/commercial/dsc03834-w1200.webp	image/webp
https://imagedelivery.net/_XdB7bWYK-JWmUTR66I7hQ/commercial/dsc03834/w=1600	200	418212	public/img/commercial/dsc03834-w1600.webp	image/webp
https://imagedelivery.net/_XdB7bWYK-JWmUTR66I7hQ/commercial/dsc03834/w=2400	200	1009230	public/img/commercial/dsc03834-w2400.webp	image/webp
https://imagedelivery.net/_XdB7bWYK-JWmUTR66I7hQ/commercial/dsc05932/w=360	200	12908	public/img/commercial/dsc05932-w360.webp	image/webp
https://imagedelivery.net/_XdB7bWYK-JWmUTR66I7hQ/commercial/dsc05932/w=1300	200	120444	public/img/commercial/dsc05932-w1300.webp	image/webp
https://imagedelivery.net/_XdB7bWYK-JWmUTR66I7hQ/commercial/dsc05932/w=1600	200	160052	public/img/commercial/dsc05932-w1600.webp	image/webp
https://imagedelivery.net/_XdB7bWYK-JWmUTR66I7hQ/commercial/dsc05932/w=2400	200	186596	public/img/commercial/dsc05932-w2400.webp	image/webp
https://imagedelivery.net/_XdB7bWYK-JWmUTR66I7hQ/commercial/dsc05941/w=360	200	26904	public/img/commercial/dsc05941-w360.webp	image/webp
https://imagedelivery.net/_XdB7bWYK-JWmUTR66I7hQ/commercial/dsc05941/w=1300	200	174488	public/img/commercial/dsc05941-w1300.webp	image/webp
https://imagedelivery.net/_XdB7bWYK-JWmUTR66I7hQ/commercial/dsc05941/w=1600	200	217788	public/img/commercial/dsc05941-w1600.webp	image/webp
https://imagedelivery.net/_XdB7bWYK-JWmUTR66I7hQ/commercial/dsc05941/w=2400	200	217788	public/img/commercial/dsc05941-w2400.webp	image/webp
https://imagedelivery.net/_XdB7bWYK-JWmUTR66I7hQ/commercial/dsc05941-2/w=360	200	21178	public/img/commercial/dsc05941-2-w360.webp	image/webp
https://imagedelivery.net/_XdB7bWYK-JWmUTR66I7hQ/commercial/dsc05941-2/w=1300	200	177814	public/img/commercial/dsc05941-2-w1300.webp	image/webp
https://imagedelivery.net/_XdB7bWYK-JWmUTR66I7hQ/commercial/dsc05941-2/w=1600	200	228454	public/img/commercial/dsc05941-2-w1600.webp	image/webp
https://imagedelivery.net/_XdB7bWYK-JWmUTR66I7hQ/commercial/dsc05941-2/w=2400	200	419840	public/img/commercial/dsc05941-2-w2400.webp	image/webp
https://imagedelivery.net/_XdB7bWYK-JWmUTR66I7hQ/commercial/dsc06190-edit/w=360	200	32546	public/img/commercial/dsc06190-edit-w360.webp	image/webp
https://imagedelivery.net/_XdB7bWYK-JWmUTR66I7hQ/commercial/dsc06190-edit/w=1200	200	227556	public/img/commercial/dsc06190-edit-w1200.webp	image/webp
https://imagedelivery.net/_XdB7bWYK-JWmUTR66I7hQ/commercial/dsc06190-edit/w=1600	200	345556	public/img/commercial/dsc06190-edit-w1600.webp	image/webp
https://imagedelivery.net/_XdB7bWYK-JWmUTR66I7hQ/commercial/dsc06190-edit/w=2400	200	584088	public/img/commercial/dsc06190-edit-w2400.webp	image/webp
https://imagedelivery.net/_XdB7bWYK-JWmUTR66I7hQ/commercial/dsc06220/w=360	200	22876	public/img/commercial/dsc06220-w360.webp	image/webp
https://imagedelivery.net/_XdB7bWYK-JWmUTR66I7hQ/commercial/dsc06220/w=1200	200	110330	public/img/commercial/dsc06220-w1200.webp	image/webp
https://imagedelivery.net/_XdB7bWYK-JWmUTR66I7hQ/commercial/dsc06220/w=1600	200	161254	public/img/commercial/dsc06220-w1600.webp	image/webp
https://imagedelivery.net/_XdB7bWYK-JWmUTR66I7hQ/commercial/dsc06220/w=2400	200	301664	public/img/commercial/dsc06220-w2400.webp	image/webp
https://imagedelivery.net/_XdB7bWYK-JWmUTR66I7hQ/commercial/dsc06243/w=360	200	29254	public/img/commercial/dsc06243-w360.webp	image/webp
https://imagedelivery.net/_XdB7bWYK-JWmUTR66I7hQ/commercial/dsc06243/w=1600	200	209120	public/img/commercial/dsc06243-w1600.webp	image/webp
https://imagedelivery.net/_XdB7bWYK-JWmUTR66I7hQ/commercial/dsc06285/w=360	200	18356	public/img/commercial/dsc06285-w360.webp	image/webp
https://imagedelivery.net/_XdB7bWYK-JWmUTR66I7hQ/commercial/dsc06285/w=1280	200	117596	public/img/commercial/dsc06285-w1280.webp	image/webp
https://imagedelivery.net/_XdB7bWYK-JWmUTR66I7hQ/commercial/dsc06285/w=1400	200	135458	public/img/commercial/dsc06285-w1400.webp	image/webp
https://imagedelivery.net/_XdB7bWYK-JWmUTR66I7hQ/commercial/dsc06285/w=1600	200	164120	public/img/commercial/dsc06285-w1600.webp	image/webp
https://imagedelivery.net/_XdB7bWYK-JWmUTR66I7hQ/commercial/dsc06285/w=1920	200	208102	public/img/commercial/dsc06285-w1920.webp	image/webp
https://imagedelivery.net/_XdB7bWYK-JWmUTR66I7hQ/commercial/dsc06285/w=2400	200	279812	public/img/commercial/dsc06285-w2400.webp	image/webp
https://imagedelivery.net/_XdB7bWYK-JWmUTR66I7hQ/commercial/dsc06285/w=2560	200	303834	public/img/commercial/dsc06285-w2560.webp	image/webp
https://imagedelivery.net/_XdB7bWYK-JWmUTR66I7hQ/commercial/dsc06337/w=360	200	29792	public/img/commercial/dsc06337-w360.webp	image/webp
https://imagedelivery.net/_XdB7bWYK-JWmUTR66I7hQ/commercial/dsc06337/w=1200	200	195488	public/img/commercial/dsc06337-w1200.webp	image/webp
https://imagedelivery.net/_XdB7bWYK-JWmUTR66I7hQ/commercial/dsc06337/w=1600	200	296922	public/img/commercial/dsc06337-w1600.webp	image/webp
https://imagedelivery.net/_XdB7bWYK-JWmUTR66I7hQ/commercial/dsc06337/w=2400	200	534486	public/img/commercial/dsc06337-w2400.webp	image/webp
https://imagedelivery.net/_XdB7bWYK-JWmUTR66I7hQ/commercial/dsc06457/w=360	200	14288	public/img/commercial/dsc06457-w360.webp	image/webp
https://imagedelivery.net/_XdB7bWYK-JWmUTR66I7hQ/commercial/dsc06457/w=1200	200	70860	public/img/commercial/dsc06457-w1200.webp	image/webp
https://imagedelivery.net/_XdB7bWYK-JWmUTR66I7hQ/commercial/dsc06457/w=1600	200	103970	public/img/commercial/dsc06457-w1600.webp	image/webp
https://imagedelivery.net/_XdB7bWYK-JWmUTR66I7hQ/commercial/dsc06457/w=2400	200	182170	public/img/commercial/dsc06457-w2400.webp	image/webp
https://imagedelivery.net/_XdB7bWYK-JWmUTR66I7hQ/commercial/dsc07179/w=360	200	17076	public/img/commercial/dsc07179-w360.webp	image/webp
https://imagedelivery.net/_XdB7bWYK-JWmUTR66I7hQ/commercial/dsc07179/w=1200	200	105850	public/img/commercial/dsc07179-w1200.webp	image/webp
https://imagedelivery.net/_XdB7bWYK-JWmUTR66I7hQ/commercial/dsc07179/w=1600	200	160466	public/img/commercial/dsc07179-w1600.webp	image/webp
https://imagedelivery.net/_XdB7bWYK-JWmUTR66I7hQ/commercial/dsc07179/w=2400	200	282406	public/img/commercial/dsc07179-w2400.webp	image/webp
https://imagedelivery.net/_XdB7bWYK-JWmUTR66I7hQ/commercial/dsc07222/w=360	200	32784	public/img/commercial/dsc07222-w360.webp	image/webp
https://imagedelivery.net/_XdB7bWYK-JWmUTR66I7hQ/commercial/dsc07222/w=1200	200	166416	public/img/commercial/dsc07222-w1200.webp	image/webp
https://imagedelivery.net/_XdB7bWYK-JWmUTR66I7hQ/commercial/dsc07222/w=1600	200	247322	public/img/commercial/dsc07222-w1600.webp	image/webp
https://imagedelivery.net/_XdB7bWYK-JWmUTR66I7hQ/commercial/dsc07222/w=2400	200	438660	public/img/commercial/dsc07222-w2400.webp	image/webp
https://imagedelivery.net/_XdB7bWYK-JWmUTR66I7hQ/commercial/dsc07249/w=360	200	14168	public/img/commercial/dsc07249-w360.webp	image/webp
https://imagedelivery.net/_XdB7bWYK-JWmUTR66I7hQ/commercial/dsc07249/w=1200	200	86190	public/img/commercial/dsc07249-w1200.webp	image/webp
https://imagedelivery.net/_XdB7bWYK-JWmUTR66I7hQ/commercial/dsc07249/w=1600	200	134088	public/img/commercial/dsc07249-w1600.webp	image/webp
https://imagedelivery.net/_XdB7bWYK-JWmUTR66I7hQ/commercial/dsc07249/w=2400	200	239222	public/img/commercial/dsc07249-w2400.webp	image/webp
https://imagedelivery.net/_XdB7bWYK-JWmUTR66I7hQ/commercial/dsc07298/w=360	200	21510	public/img/commercial/dsc07298-w360.webp	image/webp
https://imagedelivery.net/_XdB7bWYK-JWmUTR66I7hQ/commercial/dsc07298/w=1600	200	187248	public/img/commercial/dsc07298-w1600.webp	image/webp
https://imagedelivery.net/_XdB7bWYK-JWmUTR66I7hQ/commercial/dsc07298/w=2000	200	280572	public/img/commercial/dsc07298-w2000.webp	image/webp
https://imagedelivery.net/_XdB7bWYK-JWmUTR66I7hQ/commercial/dsc07298/w=2400	200	401994	public/img/commercial/dsc07298-w2400.webp	image/webp
https://imagedelivery.net/_XdB7bWYK-JWmUTR66I7hQ/commercial/dsc08204/w=360	200	23732	public/img/commercial/dsc08204-w360.webp	image/webp
https://imagedelivery.net/_XdB7bWYK-JWmUTR66I7hQ/commercial/dsc08204/w=1200	200	116900	public/img/commercial/dsc08204-w1200.webp	image/webp
https://imagedelivery.net/_XdB7bWYK-JWmUTR66I7hQ/commercial/dsc08204/w=1600	200	171880	public/img/commercial/dsc08204-w1600.webp	image/webp
https://imagedelivery.net/_XdB7bWYK-JWmUTR66I7hQ/commercial/dsc08204/w=2400	200	286768	public/img/commercial/dsc08204-w2400.webp	image/webp
https://imagedelivery.net/_XdB7bWYK-JWmUTR66I7hQ/commercial/dsc08224/w=360	200	30406	public/img/commercial/dsc08224-w360.webp	image/webp
https://imagedelivery.net/_XdB7bWYK-JWmUTR66I7hQ/commercial/dsc08224/w=1200	200	164570	public/img/commercial/dsc08224-w1200.webp	image/webp
https://imagedelivery.net/_XdB7bWYK-JWmUTR66I7hQ/commercial/dsc08224/w=1600	200	244742	public/img/commercial/dsc08224-w1600.webp	image/webp
https://imagedelivery.net/_XdB7bWYK-JWmUTR66I7hQ/commercial/dsc08224/w=2400	200	420996	public/img/commercial/dsc08224-w2400.webp	image/webp
https://imagedelivery.net/_XdB7bWYK-JWmUTR66I7hQ/commercial/dsc08257/w=360	200	29346	public/img/commercial/dsc08257-w360.webp	image/webp
https://imagedelivery.net/_XdB7bWYK-JWmUTR66I7hQ/commercial/dsc08257/w=1200	200	149100	public/img/commercial/dsc08257-w1200.webp	image/webp
https://imagedelivery.net/_XdB7bWYK-JWmUTR66I7hQ/commercial/dsc08257/w=1600	200	219566	public/img/commercial/dsc08257-w1600.webp	image/webp
https://imagedelivery.net/_XdB7bWYK-JWmUTR66I7hQ/commercial/dsc08257/w=2400	200	398512	public/img/commercial/dsc08257-w2400.webp	image/webp
https://imagedelivery.net/_XdB7bWYK-JWmUTR66I7hQ/commercial/dsc08275/w=360	200	24078	public/img/commercial/dsc08275-w360.webp	image/webp
https://imagedelivery.net/_XdB7bWYK-JWmUTR66I7hQ/commercial/dsc08275/w=1200	200	189208	public/img/commercial/dsc08275-w1200.webp	image/webp
https://imagedelivery.net/_XdB7bWYK-JWmUTR66I7hQ/commercial/dsc08275/w=1600	200	351192	public/img/commercial/dsc08275-w1600.webp	image/webp
https://imagedelivery.net/_XdB7bWYK-JWmUTR66I7hQ/commercial/dsc08275/w=2400	200	849476	public/img/commercial/dsc08275-w2400.webp	image/webp
https://imagedelivery.net/_XdB7bWYK-JWmUTR66I7hQ/commercial/dsc08306/w=360	200	26974	public/img/commercial/dsc08306-w360.webp	image/webp
https://imagedelivery.net/_XdB7bWYK-JWmUTR66I7hQ/commercial/dsc08306/w=1200	200	142650	public/img/commercial/dsc08306-w1200.webp	image/webp
https://imagedelivery.net/_XdB7bWYK-JWmUTR66I7hQ/commercial/dsc08306/w=1600	200	209618	public/img/commercial/dsc08306-w1600.webp	image/webp
https://imagedelivery.net/_XdB7bWYK-JWmUTR66I7hQ/commercial/dsc08306/w=2400	200	363814	public/img/commercial/dsc08306-w2400.webp	image/webp
https://imagedelivery.net/_XdB7bWYK-JWmUTR66I7hQ/commercial/dsc08328/w=360	200	26802	public/img/commercial/dsc08328-w360.webp	image/webp
https://imagedelivery.net/_XdB7bWYK-JWmUTR66I7hQ/commercial/dsc08328/w=1200	200	124078	public/img/commercial/dsc08328-w1200.webp	image/webp
https://imagedelivery.net/_XdB7bWYK-JWmUTR66I7hQ/commercial/dsc08328/w=1600	200	177132	public/img/commercial/dsc08328-w1600.webp	image/webp
https://imagedelivery.net/_XdB7bWYK-JWmUTR66I7hQ/commercial/dsc08328/w=2400	200	302420	public/img/commercial/dsc08328-w2400.webp	image/webp
https://imagedelivery.net/_XdB7bWYK-JWmUTR66I7hQ/commercial/dsc08374/w=360	200	15676	public/img/commercial/dsc08374-w360.webp	image/webp
https://imagedelivery.net/_XdB7bWYK-JWmUTR66I7hQ/commercial/dsc08374/w=1200	200	96672	public/img/commercial/dsc08374-w1200.webp	image/webp
https://imagedelivery.net/_XdB7bWYK-JWmUTR66I7hQ/commercial/dsc08374/w=1600	200	154604	public/img/commercial/dsc08374-w1600.webp	image/webp
https://imagedelivery.net/_XdB7bWYK-JWmUTR66I7hQ/commercial/dsc08374/w=2400	200	319934	public/img/commercial/dsc08374-w2400.webp	image/webp
https://imagedelivery.net/_XdB7bWYK-JWmUTR66I7hQ/commercial/dsc08379/w=360	200	45842	public/img/commercial/dsc08379-w360.webp	image/webp
https://imagedelivery.net/_XdB7bWYK-JWmUTR66I7hQ/commercial/dsc08379/w=1200	200	334864	public/img/commercial/dsc08379-w1200.webp	image/webp
https://imagedelivery.net/_XdB7bWYK-JWmUTR66I7hQ/commercial/dsc08379/w=1600	200	523972	public/img/commercial/dsc08379-w1600.webp	image/webp
https://imagedelivery.net/_XdB7bWYK-JWmUTR66I7hQ/commercial/dsc08379/w=2400	200	902394	public/img/commercial/dsc08379-w2400.webp	image/webp
https://imagedelivery.net/_XdB7bWYK-JWmUTR66I7hQ/commercial/dsc08440/w=360	200	19460	public/img/commercial/dsc08440-w360.webp	image/webp
https://imagedelivery.net/_XdB7bWYK-JWmUTR66I7hQ/commercial/dsc08440/w=1200	200	103608	public/img/commercial/dsc08440-w1200.webp	image/webp
https://imagedelivery.net/_XdB7bWYK-JWmUTR66I7hQ/commercial/dsc08440/w=1600	200	158872	public/img/commercial/dsc08440-w1600.webp	image/webp
https://imagedelivery.net/_XdB7bWYK-JWmUTR66I7hQ/commercial/dsc08440/w=2400	200	331316	public/img/commercial/dsc08440-w2400.webp	image/webp
https://imagedelivery.net/_XdB7bWYK-JWmUTR66I7hQ/commercial/dsc08453/w=360	200	28850	public/img/commercial/dsc08453-w360.webp	image/webp
https://imagedelivery.net/_XdB7bWYK-JWmUTR66I7hQ/commercial/dsc08453/w=1200	200	239792	public/img/commercial/dsc08453-w1200.webp	image/webp
https://imagedelivery.net/_XdB7bWYK-JWmUTR66I7hQ/commercial/dsc08453/w=1600	200	425230	public/img/commercial/dsc08453-w1600.webp	image/webp
https://imagedelivery.net/_XdB7bWYK-JWmUTR66I7hQ/commercial/dsc08453/w=2400	200	942702	public/img/commercial/dsc08453-w2400.webp	image/webp
https://imagedelivery.net/_XdB7bWYK-JWmUTR66I7hQ/commercial/dsc08590/w=360	200	29884	public/img/commercial/dsc08590-w360.webp	image/webp
https://imagedelivery.net/_XdB7bWYK-JWmUTR66I7hQ/commercial/dsc08590/w=1200	200	187402	public/img/commercial/dsc08590-w1200.webp	image/webp
https://imagedelivery.net/_XdB7bWYK-JWmUTR66I7hQ/commercial/dsc08590/w=1280	200	206564	public/img/commercial/dsc08590-w1280.webp	image/webp
https://imagedelivery.net/_XdB7bWYK-JWmUTR66I7hQ/commercial/dsc08590/w=1600	200	286558	public/img/commercial/dsc08590-w1600.webp	image/webp
https://imagedelivery.net/_XdB7bWYK-JWmUTR66I7hQ/commercial/dsc08590/w=1920	200	381878	public/img/commercial/dsc08590-w1920.webp	image/webp
https://imagedelivery.net/_XdB7bWYK-JWmUTR66I7hQ/commercial/dsc08590/w=2400	200	541520	public/img/commercial/dsc08590-w2400.webp	image/webp
https://imagedelivery.net/_XdB7bWYK-JWmUTR66I7hQ/commercial/dsc08590/w=2560	200	599950	public/img/commercial/dsc08590-w2560.webp	image/webp
https://imagedelivery.net/_XdB7bWYK-JWmUTR66I7hQ/commercial/dsc08595/w=360	200	29978	public/img/commercial/dsc08595-w360.webp	image/webp
https://imagedelivery.net/_XdB7bWYK-JWmUTR66I7hQ/commercial/dsc08595/w=1200	200	274844	public/img/commercial/dsc08595-w1200.webp	image/webp
https://imagedelivery.net/_XdB7bWYK-JWmUTR66I7hQ/commercial/dsc08595/w=1600	200	417892	public/img/commercial/dsc08595-w1600.webp	image/webp
https://imagedelivery.net/_XdB7bWYK-JWmUTR66I7hQ/commercial/dsc08595/w=2400	200	774812	public/img/commercial/dsc08595-w2400.webp	image/webp
https://imagedelivery.net/_XdB7bWYK-JWmUTR66I7hQ/commercial/dsc09739/w=360	200	4546	public/img/commercial/dsc09739-w360.webp	image/webp
https://imagedelivery.net/_XdB7bWYK-JWmUTR66I7hQ/commercial/dsc09739/w=1200	200	36864	public/img/commercial/dsc09739-w1200.webp	image/webp
https://imagedelivery.net/_XdB7bWYK-JWmUTR66I7hQ/commercial/dsc09739/w=1600	200	64630	public/img/commercial/dsc09739-w1600.webp	image/webp
https://imagedelivery.net/_XdB7bWYK-JWmUTR66I7hQ/commercial/dsc09739/w=2400	200	160598	public/img/commercial/dsc09739-w2400.webp	image/webp
https://imagedelivery.net/_XdB7bWYK-JWmUTR66I7hQ/commercial/dsc09894/w=360	200	8844	public/img/commercial/dsc09894-w360.webp	image/webp
https://imagedelivery.net/_XdB7bWYK-JWmUTR66I7hQ/commercial/dsc09894/w=1200	200	42186	public/img/commercial/dsc09894-w1200.webp	image/webp
https://imagedelivery.net/_XdB7bWYK-JWmUTR66I7hQ/commercial/dsc09894/w=1600	200	60284	public/img/commercial/dsc09894-w1600.webp	image/webp
https://imagedelivery.net/_XdB7bWYK-JWmUTR66I7hQ/commercial/dsc09894/w=2400	200	105494	public/img/commercial/dsc09894-w2400.webp	image/webp
https://imagedelivery.net/_XdB7bWYK-JWmUTR66I7hQ/commercial/dsc09946/w=360	200	29630	public/img/commercial/dsc09946-w360.webp	image/webp
https://imagedelivery.net/_XdB7bWYK-JWmUTR66I7hQ/commercial/dsc09946/w=1200	200	355122	public/img/commercial/dsc09946-w1200.webp	image/webp
https://imagedelivery.net/_XdB7bWYK-JWmUTR66I7hQ/commercial/dsc09946/w=1600	200	714494	public/img/commercial/dsc09946-w1600.webp	image/webp
https://imagedelivery.net/_XdB7bWYK-JWmUTR66I7hQ/commercial/dsc09946/w=2400	200	1912864	public/img/commercial/dsc09946-w2400.webp	image/webp
https://imagedelivery.net/_XdB7bWYK-JWmUTR66I7hQ/commercial/ethanw-february-12-2026-248/w=360	200	23104	public/img/commercial/ethanw-february-12-2026-248-w360.webp	image/webp
https://imagedelivery.net/_XdB7bWYK-JWmUTR66I7hQ/commercial/ethanw-february-12-2026-248/w=1200	200	139644	public/img/commercial/ethanw-february-12-2026-248-w1200.webp	image/webp
https://imagedelivery.net/_XdB7bWYK-JWmUTR66I7hQ/commercial/ethanw-february-12-2026-248/w=1280	200	153842	public/img/commercial/ethanw-february-12-2026-248-w1280.webp	image/webp
https://imagedelivery.net/_XdB7bWYK-JWmUTR66I7hQ/commercial/ethanw-february-12-2026-248/w=1600	200	219260	public/img/commercial/ethanw-february-12-2026-248-w1600.webp	image/webp
https://imagedelivery.net/_XdB7bWYK-JWmUTR66I7hQ/commercial/ethanw-february-12-2026-248/w=1920	200	295932	public/img/commercial/ethanw-february-12-2026-248-w1920.webp	image/webp
https://imagedelivery.net/_XdB7bWYK-JWmUTR66I7hQ/commercial/ethanw-february-12-2026-248/w=2400	200	413666	public/img/commercial/ethanw-february-12-2026-248-w2400.webp	image/webp
https://imagedelivery.net/_XdB7bWYK-JWmUTR66I7hQ/commercial/ethanw-february-12-2026-248/w=2560	200	457524	public/img/commercial/ethanw-february-12-2026-248-w2560.webp	image/webp
https://imagedelivery.net/_XdB7bWYK-JWmUTR66I7hQ/commercial/ethanw-february-12-2026-511/w=360	200	40210	public/img/commercial/ethanw-february-12-2026-511-w360.webp	image/webp
https://imagedelivery.net/_XdB7bWYK-JWmUTR66I7hQ/commercial/ethanw-february-12-2026-511/w=1200	200	306408	public/img/commercial/ethanw-february-12-2026-511-w1200.webp	image/webp
https://imagedelivery.net/_XdB7bWYK-JWmUTR66I7hQ/commercial/ethanw-february-12-2026-511/w=1600	200	487090	public/img/commercial/ethanw-february-12-2026-511-w1600.webp	image/webp
https://imagedelivery.net/_XdB7bWYK-JWmUTR66I7hQ/commercial/ethanw-february-12-2026-511/w=2400	200	903004	public/img/commercial/ethanw-february-12-2026-511-w2400.webp	image/webp
https://imagedelivery.net/_XdB7bWYK-JWmUTR66I7hQ/commercial/ethanw-february-13-2026-6-edit-3/w=360	200	8158	public/img/commercial/ethanw-february-13-2026-6-edit-3-w360.webp	image/webp
https://imagedelivery.net/_XdB7bWYK-JWmUTR66I7hQ/commercial/ethanw-february-13-2026-6-edit-3/w=1200	200	39700	public/img/commercial/ethanw-february-13-2026-6-edit-3-w1200.webp	image/webp
https://imagedelivery.net/_XdB7bWYK-JWmUTR66I7hQ/commercial/ethanw-february-13-2026-6-edit-3/w=1600	200	59582	public/img/commercial/ethanw-february-13-2026-6-edit-3-w1600.webp	image/webp
https://imagedelivery.net/_XdB7bWYK-JWmUTR66I7hQ/commercial/ethanw-february-13-2026-6-edit-3/w=2400	200	104784	public/img/commercial/ethanw-february-13-2026-6-edit-3-w2400.webp	image/webp
https://imagedelivery.net/_XdB7bWYK-JWmUTR66I7hQ/commercial/img-5147/w=360	200	52438	public/img/commercial/img-5147-w360.webp	image/webp
https://imagedelivery.net/_XdB7bWYK-JWmUTR66I7hQ/commercial/img-5147/w=1200	200	421644	public/img/commercial/img-5147-w1200.webp	image/webp
https://imagedelivery.net/_XdB7bWYK-JWmUTR66I7hQ/commercial/img-5147/w=1600	200	627166	public/img/commercial/img-5147-w1600.webp	image/webp
https://imagedelivery.net/_XdB7bWYK-JWmUTR66I7hQ/commercial/img-5147/w=2400	200	1051180	public/img/commercial/img-5147-w2400.webp	image/webp
https://imagedelivery.net/_XdB7bWYK-JWmUTR66I7hQ/commercial/img-5185-edit/w=360	200	3728	public/img/commercial/img-5185-edit-w360.webp	image/webp
https://imagedelivery.net/_XdB7bWYK-JWmUTR66I7hQ/commercial/img-5185-edit/w=1400	200	28646	public/img/commercial/img-5185-edit-w1400.webp	image/webp
https://imagedelivery.net/_XdB7bWYK-JWmUTR66I7hQ/commercial/img-5185-edit/w=1600	200	36730	public/img/commercial/img-5185-edit-w1600.webp	image/webp
https://imagedelivery.net/_XdB7bWYK-JWmUTR66I7hQ/commercial/img-5185-edit/w=2400	200	76144	public/img/commercial/img-5185-edit-w2400.webp	image/webp
https://imagedelivery.net/_XdB7bWYK-JWmUTR66I7hQ/commercial/img-9906/w=360	200	28116	public/img/commercial/img-9906-w360.webp	image/webp
https://imagedelivery.net/_XdB7bWYK-JWmUTR66I7hQ/commercial/img-9906/w=1200	200	142048	public/img/commercial/img-9906-w1200.webp	image/webp
https://imagedelivery.net/_XdB7bWYK-JWmUTR66I7hQ/commercial/img-9906/w=1600	200	203340	public/img/commercial/img-9906-w1600.webp	image/webp
https://imagedelivery.net/_XdB7bWYK-JWmUTR66I7hQ/commercial/img-9906/w=2400	200	362214	public/img/commercial/img-9906-w2400.webp	image/webp
https://imagedelivery.net/_XdB7bWYK-JWmUTR66I7hQ/commercial/img-9925-2/w=360	200	26998	public/img/commercial/img-9925-2-w360.webp	image/webp
https://imagedelivery.net/_XdB7bWYK-JWmUTR66I7hQ/commercial/img-9925-2/w=1200	200	139954	public/img/commercial/img-9925-2-w1200.webp	image/webp
https://imagedelivery.net/_XdB7bWYK-JWmUTR66I7hQ/commercial/img-9925-2/w=1600	200	229994	public/img/commercial/img-9925-2-w1600.webp	image/webp
https://imagedelivery.net/_XdB7bWYK-JWmUTR66I7hQ/commercial/img-9925-2/w=2400	200	485092	public/img/commercial/img-9925-2-w2400.webp	image/webp
https://imagedelivery.net/_XdB7bWYK-JWmUTR66I7hQ/commercial/rooftop-pool/w=640	200	99112	public/img/commercial/rooftop-pool-w640.webp	image/webp
https://imagedelivery.net/_XdB7bWYK-JWmUTR66I7hQ/commercial/rooftop-pool/w=1024	200	217016	public/img/commercial/rooftop-pool-w1024.webp	image/webp
https://imagedelivery.net/_XdB7bWYK-JWmUTR66I7hQ/commercial/rooftop-pool/w=1200	200	282526	public/img/commercial/rooftop-pool-w1200.webp	image/webp
https://imagedelivery.net/_XdB7bWYK-JWmUTR66I7hQ/commercial/rooftop-pool/w=1280	200	311052	public/img/commercial/rooftop-pool-w1280.webp	image/webp
https://imagedelivery.net/_XdB7bWYK-JWmUTR66I7hQ/commercial/rooftop-pool/w=1440	200	366340	public/img/commercial/rooftop-pool-w1440.webp	image/webp
https://imagedelivery.net/_XdB7bWYK-JWmUTR66I7hQ/commercial/rooftop-pool/w=1920	200	537272	public/img/commercial/rooftop-pool-w1920.webp	image/webp
https://imagedelivery.net/_XdB7bWYK-JWmUTR66I7hQ/commercial/rooftop-pool/w=2200	200	537272	public/img/commercial/rooftop-pool-w2200.webp	image/webp
https://imagedelivery.net/_XdB7bWYK-JWmUTR66I7hQ/commercial/rooftop-pool/w=2560	200	537272	public/img/commercial/rooftop-pool-w2560.webp	image/webp
https://imagedelivery.net/_XdB7bWYK-JWmUTR66I7hQ/editorials/a7300583/w=360	200	57506	public/img/editorials/a7300583-w360.webp	image/webp
https://imagedelivery.net/_XdB7bWYK-JWmUTR66I7hQ/editorials/a7300583/w=640	200	124434	public/img/editorials/a7300583-w640.webp	image/webp
https://imagedelivery.net/_XdB7bWYK-JWmUTR66I7hQ/editorials/a7300583/w=1024	200	255532	public/img/editorials/a7300583-w1024.webp	image/webp
https://imagedelivery.net/_XdB7bWYK-JWmUTR66I7hQ/editorials/a7300583/w=1440	200	415222	public/img/editorials/a7300583-w1440.webp	image/webp
https://imagedelivery.net/_XdB7bWYK-JWmUTR66I7hQ/editorials/a7300583/w=1600	200	486408	public/img/editorials/a7300583-w1600.webp	image/webp
https://imagedelivery.net/_XdB7bWYK-JWmUTR66I7hQ/editorials/a7300583/w=1920	200	640040	public/img/editorials/a7300583-w1920.webp	image/webp
https://imagedelivery.net/_XdB7bWYK-JWmUTR66I7hQ/editorials/a7300583/w=2200	200	774134	public/img/editorials/a7300583-w2200.webp	image/webp
https://imagedelivery.net/_XdB7bWYK-JWmUTR66I7hQ/editorials/a7300583/w=2560	200	967874	public/img/editorials/a7300583-w2560.webp	image/webp
https://imagedelivery.net/_XdB7bWYK-JWmUTR66I7hQ/editorials/a7300683/w=360	200	34362	public/img/editorials/a7300683-w360.webp	image/webp
https://imagedelivery.net/_XdB7bWYK-JWmUTR66I7hQ/editorials/a7300683/w=640	200	82376	public/img/editorials/a7300683-w640.webp	image/webp
https://imagedelivery.net/_XdB7bWYK-JWmUTR66I7hQ/editorials/a7300683/w=1024	200	166718	public/img/editorials/a7300683-w1024.webp	image/webp
https://imagedelivery.net/_XdB7bWYK-JWmUTR66I7hQ/editorials/a7300683/w=1440	200	277866	public/img/editorials/a7300683-w1440.webp	image/webp
https://imagedelivery.net/_XdB7bWYK-JWmUTR66I7hQ/editorials/a7300683/w=1600	200	330412	public/img/editorials/a7300683-w1600.webp	image/webp
https://imagedelivery.net/_XdB7bWYK-JWmUTR66I7hQ/editorials/a7300683/w=1920	200	448576	public/img/editorials/a7300683-w1920.webp	image/webp
https://imagedelivery.net/_XdB7bWYK-JWmUTR66I7hQ/editorials/a7300683/w=2200	200	561728	public/img/editorials/a7300683-w2200.webp	image/webp
https://imagedelivery.net/_XdB7bWYK-JWmUTR66I7hQ/editorials/a7300683/w=2560	200	719050	public/img/editorials/a7300683-w2560.webp	image/webp
https://imagedelivery.net/_XdB7bWYK-JWmUTR66I7hQ/editorials/a7300685/w=360	200	40396	public/img/editorials/a7300685-w360.webp	image/webp
https://imagedelivery.net/_XdB7bWYK-JWmUTR66I7hQ/editorials/a7300685/w=640	200	92590	public/img/editorials/a7300685-w640.webp	image/webp
https://imagedelivery.net/_XdB7bWYK-JWmUTR66I7hQ/editorials/a7300685/w=1024	200	194656	public/img/editorials/a7300685-w1024.webp	image/webp
https://imagedelivery.net/_XdB7bWYK-JWmUTR66I7hQ/editorials/a7300685/w=1440	200	333260	public/img/editorials/a7300685-w1440.webp	image/webp
https://imagedelivery.net/_XdB7bWYK-JWmUTR66I7hQ/editorials/a7300685/w=1600	200	397026	public/img/editorials/a7300685-w1600.webp	image/webp
https://imagedelivery.net/_XdB7bWYK-JWmUTR66I7hQ/editorials/a7300685/w=1920	200	526054	public/img/editorials/a7300685-w1920.webp	image/webp
https://imagedelivery.net/_XdB7bWYK-JWmUTR66I7hQ/editorials/a7300685/w=2200	200	663776	public/img/editorials/a7300685-w2200.webp	image/webp
https://imagedelivery.net/_XdB7bWYK-JWmUTR66I7hQ/editorials/a7300685/w=2560	200	852484	public/img/editorials/a7300685-w2560.webp	image/webp
https://imagedelivery.net/_XdB7bWYK-JWmUTR66I7hQ/editorials/a7300688/w=360	200	40824	public/img/editorials/a7300688-w360.webp	image/webp
https://imagedelivery.net/_XdB7bWYK-JWmUTR66I7hQ/editorials/a7300688/w=640	200	98198	public/img/editorials/a7300688-w640.webp	image/webp
https://imagedelivery.net/_XdB7bWYK-JWmUTR66I7hQ/editorials/a7300688/w=1024	200	214668	public/img/editorials/a7300688-w1024.webp	image/webp
https://imagedelivery.net/_XdB7bWYK-JWmUTR66I7hQ/editorials/a7300688/w=1440	200	365996	public/img/editorials/a7300688-w1440.webp	image/webp
https://imagedelivery.net/_XdB7bWYK-JWmUTR66I7hQ/editorials/a7300688/w=1600	200	434552	public/img/editorials/a7300688-w1600.webp	image/webp
https://imagedelivery.net/_XdB7bWYK-JWmUTR66I7hQ/editorials/a7300688/w=1920	200	564096	public/img/editorials/a7300688-w1920.webp	image/webp
https://imagedelivery.net/_XdB7bWYK-JWmUTR66I7hQ/editorials/a7300688/w=2200	200	695186	public/img/editorials/a7300688-w2200.webp	image/webp
https://imagedelivery.net/_XdB7bWYK-JWmUTR66I7hQ/editorials/a7300688/w=2560	200	865822	public/img/editorials/a7300688-w2560.webp	image/webp
https://imagedelivery.net/_XdB7bWYK-JWmUTR66I7hQ/editorials/a7300701/w=360	200	35334	public/img/editorials/a7300701-w360.webp	image/webp
https://imagedelivery.net/_XdB7bWYK-JWmUTR66I7hQ/editorials/a7300701/w=640	200	77528	public/img/editorials/a7300701-w640.webp	image/webp
https://imagedelivery.net/_XdB7bWYK-JWmUTR66I7hQ/editorials/a7300701/w=1024	200	146548	public/img/editorials/a7300701-w1024.webp	image/webp
https://imagedelivery.net/_XdB7bWYK-JWmUTR66I7hQ/editorials/a7300701/w=1440	200	230898	public/img/editorials/a7300701-w1440.webp	image/webp
https://imagedelivery.net/_XdB7bWYK-JWmUTR66I7hQ/editorials/a7300701/w=1600	200	267876	public/img/editorials/a7300701-w1600.webp	image/webp
https://imagedelivery.net/_XdB7bWYK-JWmUTR66I7hQ/editorials/a7300701/w=1920	200	347810	public/img/editorials/a7300701-w1920.webp	image/webp
https://imagedelivery.net/_XdB7bWYK-JWmUTR66I7hQ/editorials/a7300701/w=2200	200	428184	public/img/editorials/a7300701-w2200.webp	image/webp
https://imagedelivery.net/_XdB7bWYK-JWmUTR66I7hQ/editorials/a7300701/w=2560	200	530748	public/img/editorials/a7300701-w2560.webp	image/webp
https://imagedelivery.net/_XdB7bWYK-JWmUTR66I7hQ/editorials/a7300833-edit/w=360	200	12482	public/img/editorials/a7300833-edit-w360.webp	image/webp
https://imagedelivery.net/_XdB7bWYK-JWmUTR66I7hQ/editorials/a7300833-edit/w=640	200	27954	public/img/editorials/a7300833-edit-w640.webp	image/webp
https://imagedelivery.net/_XdB7bWYK-JWmUTR66I7hQ/editorials/a7300833-edit/w=1024	200	59602	public/img/editorials/a7300833-edit-w1024.webp	image/webp
https://imagedelivery.net/_XdB7bWYK-JWmUTR66I7hQ/editorials/a7300833-edit/w=1440	200	110818	public/img/editorials/a7300833-edit-w1440.webp	image/webp
https://imagedelivery.net/_XdB7bWYK-JWmUTR66I7hQ/editorials/a7300833-edit/w=1600	200	135362	public/img/editorials/a7300833-edit-w1600.webp	image/webp
https://imagedelivery.net/_XdB7bWYK-JWmUTR66I7hQ/editorials/a7300833-edit/w=1920	200	199430	public/img/editorials/a7300833-edit-w1920.webp	image/webp
https://imagedelivery.net/_XdB7bWYK-JWmUTR66I7hQ/editorials/a7300833-edit/w=2200	200	266072	public/img/editorials/a7300833-edit-w2200.webp	image/webp
https://imagedelivery.net/_XdB7bWYK-JWmUTR66I7hQ/editorials/a7300833-edit/w=2560	200	360630	public/img/editorials/a7300833-edit-w2560.webp	image/webp
https://imagedelivery.net/_XdB7bWYK-JWmUTR66I7hQ/editorials/a7300839/w=360	200	11768	public/img/editorials/a7300839-w360.webp	image/webp
https://imagedelivery.net/_XdB7bWYK-JWmUTR66I7hQ/editorials/a7300839/w=640	200	28424	public/img/editorials/a7300839-w640.webp	image/webp
https://imagedelivery.net/_XdB7bWYK-JWmUTR66I7hQ/editorials/a7300839/w=1024	200	66306	public/img/editorials/a7300839-w1024.webp	image/webp
https://imagedelivery.net/_XdB7bWYK-JWmUTR66I7hQ/editorials/a7300839/w=1100	200	75956	public/img/editorials/a7300839-w1100.webp	image/webp
https://imagedelivery.net/_XdB7bWYK-JWmUTR66I7hQ/editorials/a7300839/w=1200	200	89382	public/img/editorials/a7300839-w1200.webp	image/webp
https://imagedelivery.net/_XdB7bWYK-JWmUTR66I7hQ/editorials/a7300839/w=1440	200	126952	public/img/editorials/a7300839-w1440.webp	image/webp
https://imagedelivery.net/_XdB7bWYK-JWmUTR66I7hQ/editorials/a7300839/w=1600	200	155504	public/img/editorials/a7300839-w1600.webp	image/webp
https://imagedelivery.net/_XdB7bWYK-JWmUTR66I7hQ/editorials/a7300839/w=1920	200	223206	public/img/editorials/a7300839-w1920.webp	image/webp
https://imagedelivery.net/_XdB7bWYK-JWmUTR66I7hQ/editorials/a7300839/w=2200	200	288532	public/img/editorials/a7300839-w2200.webp	image/webp
https://imagedelivery.net/_XdB7bWYK-JWmUTR66I7hQ/editorials/a7300839/w=2560	200	381294	public/img/editorials/a7300839-w2560.webp	image/webp
https://imagedelivery.net/_XdB7bWYK-JWmUTR66I7hQ/editorials/a7300859/w=360	200	6880	public/img/editorials/a7300859-w360.webp	image/webp
https://imagedelivery.net/_XdB7bWYK-JWmUTR66I7hQ/editorials/a7300859/w=640	200	15526	public/img/editorials/a7300859-w640.webp	image/webp
https://imagedelivery.net/_XdB7bWYK-JWmUTR66I7hQ/editorials/a7300859/w=1024	200	31242	public/img/editorials/a7300859-w1024.webp	image/webp
https://imagedelivery.net/_XdB7bWYK-JWmUTR66I7hQ/editorials/a7300859/w=1440	200	53248	public/img/editorials/a7300859-w1440.webp	image/webp
https://imagedelivery.net/_XdB7bWYK-JWmUTR66I7hQ/editorials/a7300859/w=1600	200	62696	public/img/editorials/a7300859-w1600.webp	image/webp
https://imagedelivery.net/_XdB7bWYK-JWmUTR66I7hQ/editorials/a7300859/w=1920	200	83778	public/img/editorials/a7300859-w1920.webp	image/webp
https://imagedelivery.net/_XdB7bWYK-JWmUTR66I7hQ/editorials/a7300859/w=2200	200	104268	public/img/editorials/a7300859-w2200.webp	image/webp
https://imagedelivery.net/_XdB7bWYK-JWmUTR66I7hQ/editorials/a7300859/w=2560	200	131522	public/img/editorials/a7300859-w2560.webp	image/webp
https://imagedelivery.net/_XdB7bWYK-JWmUTR66I7hQ/editorials/a7300920/w=360	200	5174	public/img/editorials/a7300920-w360.webp	image/webp
https://imagedelivery.net/_XdB7bWYK-JWmUTR66I7hQ/editorials/a7300920/w=640	200	11938	public/img/editorials/a7300920-w640.webp	image/webp
https://imagedelivery.net/_XdB7bWYK-JWmUTR66I7hQ/editorials/a7300920/w=1024	200	69012	public/img/editorials/a7300920-w1024.webp	image/webp
https://imagedelivery.net/_XdB7bWYK-JWmUTR66I7hQ/editorials/a7300920/w=1440	200	234010	public/img/editorials/a7300920-w1440.webp	image/webp
https://imagedelivery.net/_XdB7bWYK-JWmUTR66I7hQ/editorials/a7300920/w=1600	200	309658	public/img/editorials/a7300920-w1600.webp	image/webp
https://imagedelivery.net/_XdB7bWYK-JWmUTR66I7hQ/editorials/a7300920/w=1920	200	460962	public/img/editorials/a7300920-w1920.webp	image/webp
https://imagedelivery.net/_XdB7bWYK-JWmUTR66I7hQ/editorials/a7300920/w=2200	200	460962	public/img/editorials/a7300920-w2200.webp	image/webp
https://imagedelivery.net/_XdB7bWYK-JWmUTR66I7hQ/editorials/a7300920/w=2560	200	460962	public/img/editorials/a7300920-w2560.webp	image/webp
https://imagedelivery.net/_XdB7bWYK-JWmUTR66I7hQ/editorials/a7301001/w=360	200	18760	public/img/editorials/a7301001-w360.webp	image/webp
https://imagedelivery.net/_XdB7bWYK-JWmUTR66I7hQ/editorials/a7301001/w=640	200	48378	public/img/editorials/a7301001-w640.webp	image/webp
https://imagedelivery.net/_XdB7bWYK-JWmUTR66I7hQ/editorials/a7301001/w=1024	200	136586	public/img/editorials/a7301001-w1024.webp	image/webp
https://imagedelivery.net/_XdB7bWYK-JWmUTR66I7hQ/editorials/a7301001/w=1440	200	293602	public/img/editorials/a7301001-w1440.webp	image/webp
https://imagedelivery.net/_XdB7bWYK-JWmUTR66I7hQ/editorials/a7301001/w=1600	200	320882	public/img/editorials/a7301001-w1600.webp	image/webp
https://imagedelivery.net/_XdB7bWYK-JWmUTR66I7hQ/editorials/a7301001/w=1920	200	509426	public/img/editorials/a7301001-w1920.webp	image/webp
https://imagedelivery.net/_XdB7bWYK-JWmUTR66I7hQ/editorials/a7301001/w=2200	200	635358	public/img/editorials/a7301001-w2200.webp	image/webp
https://imagedelivery.net/_XdB7bWYK-JWmUTR66I7hQ/editorials/a7301001/w=2560	200	787794	public/img/editorials/a7301001-w2560.webp	image/webp
https://imagedelivery.net/_XdB7bWYK-JWmUTR66I7hQ/editorials/a7301040/w=360	200	26678	public/img/editorials/a7301040-w360.webp	image/webp
https://imagedelivery.net/_XdB7bWYK-JWmUTR66I7hQ/editorials/a7301040/w=640	200	72696	public/img/editorials/a7301040-w640.webp	image/webp
https://imagedelivery.net/_XdB7bWYK-JWmUTR66I7hQ/editorials/a7301040/w=1024	200	179682	public/img/editorials/a7301040-w1024.webp	image/webp
https://imagedelivery.net/_XdB7bWYK-JWmUTR66I7hQ/editorials/a7301040/w=1100	200	206090	public/img/editorials/a7301040-w1100.webp	image/webp
https://imagedelivery.net/_XdB7bWYK-JWmUTR66I7hQ/editorials/a7301040/w=1440	200	346910	public/img/editorials/a7301040-w1440.webp	image/webp
https://imagedelivery.net/_XdB7bWYK-JWmUTR66I7hQ/editorials/a7301040/w=1600	200	413550	public/img/editorials/a7301040-w1600.webp	image/webp
https://imagedelivery.net/_XdB7bWYK-JWmUTR66I7hQ/editorials/a7301040/w=1920	200	535744	public/img/editorials/a7301040-w1920.webp	image/webp
https://imagedelivery.net/_XdB7bWYK-JWmUTR66I7hQ/editorials/a7301040/w=2200	200	649168	public/img/editorials/a7301040-w2200.webp	image/webp
https://imagedelivery.net/_XdB7bWYK-JWmUTR66I7hQ/editorials/a7301040/w=2560	200	788766	public/img/editorials/a7301040-w2560.webp	image/webp
https://imagedelivery.net/_XdB7bWYK-JWmUTR66I7hQ/editorials/a7301043/w=360	200	23964	public/img/editorials/a7301043-w360.webp	image/webp
https://imagedelivery.net/_XdB7bWYK-JWmUTR66I7hQ/editorials/a7301043/w=640	200	63420	public/img/editorials/a7301043-w640.webp	image/webp
https://imagedelivery.net/_XdB7bWYK-JWmUTR66I7hQ/editorials/a7301043/w=1024	200	178132	public/img/editorials/a7301043-w1024.webp	image/webp
https://imagedelivery.net/_XdB7bWYK-JWmUTR66I7hQ/editorials/a7301043/w=1440	200	344892	public/img/editorials/a7301043-w1440.webp	image/webp
https://imagedelivery.net/_XdB7bWYK-JWmUTR66I7hQ/editorials/a7301043/w=1600	200	411808	public/img/editorials/a7301043-w1600.webp	image/webp
https://imagedelivery.net/_XdB7bWYK-JWmUTR66I7hQ/editorials/a7301043/w=1920	200	533486	public/img/editorials/a7301043-w1920.webp	image/webp
https://imagedelivery.net/_XdB7bWYK-JWmUTR66I7hQ/editorials/a7301043/w=2200	200	645056	public/img/editorials/a7301043-w2200.webp	image/webp
https://imagedelivery.net/_XdB7bWYK-JWmUTR66I7hQ/editorials/a7301043/w=2560	200	783112	public/img/editorials/a7301043-w2560.webp	image/webp
https://imagedelivery.net/_XdB7bWYK-JWmUTR66I7hQ/editorials/a7301047/w=360	200	22724	public/img/editorials/a7301047-w360.webp	image/webp
https://imagedelivery.net/_XdB7bWYK-JWmUTR66I7hQ/editorials/a7301047/w=640	200	54232	public/img/editorials/a7301047-w640.webp	image/webp
https://imagedelivery.net/_XdB7bWYK-JWmUTR66I7hQ/editorials/a7301047/w=1024	200	111118	public/img/editorials/a7301047-w1024.webp	image/webp
https://imagedelivery.net/_XdB7bWYK-JWmUTR66I7hQ/editorials/a7301047/w=1440	200	186366	public/img/editorials/a7301047-w1440.webp	image/webp
https://imagedelivery.net/_XdB7bWYK-JWmUTR66I7hQ/editorials/a7301047/w=1600	200	221986	public/img/editorials/a7301047-w1600.webp	image/webp
https://imagedelivery.net/_XdB7bWYK-JWmUTR66I7hQ/editorials/a7301047/w=1920	200	286220	public/img/editorials/a7301047-w1920.webp	image/webp
https://imagedelivery.net/_XdB7bWYK-JWmUTR66I7hQ/editorials/a7301047/w=2200	200	354626	public/img/editorials/a7301047-w2200.webp	image/webp
https://imagedelivery.net/_XdB7bWYK-JWmUTR66I7hQ/editorials/a7301047/w=2560	200	444112	public/img/editorials/a7301047-w2560.webp	image/webp
https://imagedelivery.net/_XdB7bWYK-JWmUTR66I7hQ/editorials/a7301160/w=360	200	3332	public/img/editorials/a7301160-w360.webp	image/webp
https://imagedelivery.net/_XdB7bWYK-JWmUTR66I7hQ/editorials/a7301160/w=640	200	6850	public/img/editorials/a7301160-w640.webp	image/webp
https://imagedelivery.net/_XdB7bWYK-JWmUTR66I7hQ/editorials/a7301160/w=1024	200	12862	public/img/editorials/a7301160-w1024.webp	image/webp
https://imagedelivery.net/_XdB7bWYK-JWmUTR66I7hQ/editorials/a7301160/w=1440	200	21686	public/img/editorials/a7301160-w1440.webp	image/webp
https://imagedelivery.net/_XdB7bWYK-JWmUTR66I7hQ/editorials/a7301160/w=1600	200	25806	public/img/editorials/a7301160-w1600.webp	image/webp
https://imagedelivery.net/_XdB7bWYK-JWmUTR66I7hQ/editorials/a7301160/w=1920	200	34960	public/img/editorials/a7301160-w1920.webp	image/webp
https://imagedelivery.net/_XdB7bWYK-JWmUTR66I7hQ/editorials/a7301160/w=2200	200	45564	public/img/editorials/a7301160-w2200.webp	image/webp
https://imagedelivery.net/_XdB7bWYK-JWmUTR66I7hQ/editorials/a7301160/w=2560	200	60012	public/img/editorials/a7301160-w2560.webp	image/webp
https://imagedelivery.net/_XdB7bWYK-JWmUTR66I7hQ/editorials/a7301220/w=360	200	45732	public/img/editorials/a7301220-w360.webp	image/webp
https://imagedelivery.net/_XdB7bWYK-JWmUTR66I7hQ/editorials/a7301220/w=640	200	115906	public/img/editorials/a7301220-w640.webp	image/webp
https://imagedelivery.net/_XdB7bWYK-JWmUTR66I7hQ/editorials/a7301220/w=1024	200	254934	public/img/editorials/a7301220-w1024.webp	image/webp
https://imagedelivery.net/_XdB7bWYK-JWmUTR66I7hQ/editorials/a7301220/w=1100	200	287758	public/img/editorials/a7301220-w1100.webp	image/webp
https://imagedelivery.net/_XdB7bWYK-JWmUTR66I7hQ/editorials/a7301220/w=1440	200	459516	public/img/editorials/a7301220-w1440.webp	image/webp
https://imagedelivery.net/_XdB7bWYK-JWmUTR66I7hQ/editorials/a7301220/w=1600	200	556028	public/img/editorials/a7301220-w1600.webp	image/webp
https://imagedelivery.net/_XdB7bWYK-JWmUTR66I7hQ/editorials/a7301220/w=1920	200	773890	public/img/editorials/a7301220-w1920.webp	image/webp
https://imagedelivery.net/_XdB7bWYK-JWmUTR66I7hQ/editorials/a7301220/w=2200	200	987364	public/img/editorials/a7301220-w2200.webp	image/webp
https://imagedelivery.net/_XdB7bWYK-JWmUTR66I7hQ/editorials/a7301220/w=2560	200	1241254	public/img/editorials/a7301220-w2560.webp	image/webp
https://imagedelivery.net/_XdB7bWYK-JWmUTR66I7hQ/editorials/a7301226/w=360	200	44424	public/img/editorials/a7301226-w360.webp	image/webp
https://imagedelivery.net/_XdB7bWYK-JWmUTR66I7hQ/editorials/a7301226/w=640	200	109340	public/img/editorials/a7301226-w640.webp	image/webp
https://imagedelivery.net/_XdB7bWYK-JWmUTR66I7hQ/editorials/a7301226/w=1024	200	235622	public/img/editorials/a7301226-w1024.webp	image/webp
https://imagedelivery.net/_XdB7bWYK-JWmUTR66I7hQ/editorials/a7301226/w=1440	200	419230	public/img/editorials/a7301226-w1440.webp	image/webp
https://imagedelivery.net/_XdB7bWYK-JWmUTR66I7hQ/editorials/a7301226/w=1600	200	504064	public/img/editorials/a7301226-w1600.webp	image/webp
https://imagedelivery.net/_XdB7bWYK-JWmUTR66I7hQ/editorials/a7301226/w=1920	200	707132	public/img/editorials/a7301226-w1920.webp	image/webp
https://imagedelivery.net/_XdB7bWYK-JWmUTR66I7hQ/editorials/a7301226/w=2200	200	878666	public/img/editorials/a7301226-w2200.webp	image/webp
https://imagedelivery.net/_XdB7bWYK-JWmUTR66I7hQ/editorials/a7301226/w=2560	200	1104854	public/img/editorials/a7301226-w2560.webp	image/webp
https://imagedelivery.net/_XdB7bWYK-JWmUTR66I7hQ/editorials/a7301452/w=360	200	40330	public/img/editorials/a7301452-w360.webp	image/webp
https://imagedelivery.net/_XdB7bWYK-JWmUTR66I7hQ/editorials/a7301452/w=640	200	97782	public/img/editorials/a7301452-w640.webp	image/webp
https://imagedelivery.net/_XdB7bWYK-JWmUTR66I7hQ/editorials/a7301452/w=1024	200	204812	public/img/editorials/a7301452-w1024.webp	image/webp
https://imagedelivery.net/_XdB7bWYK-JWmUTR66I7hQ/editorials/a7301452/w=1440	200	360318	public/img/editorials/a7301452-w1440.webp	image/webp
https://imagedelivery.net/_XdB7bWYK-JWmUTR66I7hQ/editorials/a7301452/w=1600	200	433450	public/img/editorials/a7301452-w1600.webp	image/webp
https://imagedelivery.net/_XdB7bWYK-JWmUTR66I7hQ/editorials/a7301452/w=1920	200	573352	public/img/editorials/a7301452-w1920.webp	image/webp
https://imagedelivery.net/_XdB7bWYK-JWmUTR66I7hQ/editorials/a7301452/w=2200	200	725942	public/img/editorials/a7301452-w2200.webp	image/webp
https://imagedelivery.net/_XdB7bWYK-JWmUTR66I7hQ/editorials/a7301452/w=2560	200	934884	public/img/editorials/a7301452-w2560.webp	image/webp
https://imagedelivery.net/_XdB7bWYK-JWmUTR66I7hQ/editorials/dsc00529-edit-3/w=360	200	6020	public/img/editorials/dsc00529-edit-3-w360.webp	image/webp
https://imagedelivery.net/_XdB7bWYK-JWmUTR66I7hQ/editorials/dsc00529-edit-3/w=760	200	14342	public/img/editorials/dsc00529-edit-3-w760.webp	image/webp
https://imagedelivery.net/_XdB7bWYK-JWmUTR66I7hQ/editorials/dsc00529-edit-3/w=1600	200	38880	public/img/editorials/dsc00529-edit-3-w1600.webp	image/webp
https://imagedelivery.net/_XdB7bWYK-JWmUTR66I7hQ/editorials/dsc00529-edit-3/w=2200	200	60846	public/img/editorials/dsc00529-edit-3-w2200.webp	image/webp
https://imagedelivery.net/_XdB7bWYK-JWmUTR66I7hQ/editorials/dsc00670/w=360	200	5662	public/img/editorials/dsc00670-w360.webp	image/webp
https://imagedelivery.net/_XdB7bWYK-JWmUTR66I7hQ/editorials/dsc00670/w=760	200	28694	public/img/editorials/dsc00670-w760.webp	image/webp
https://imagedelivery.net/_XdB7bWYK-JWmUTR66I7hQ/editorials/dsc00670/w=1100	200	117762	public/img/editorials/dsc00670-w1100.webp	image/webp
https://imagedelivery.net/_XdB7bWYK-JWmUTR66I7hQ/editorials/dsc00670/w=1600	200	419248	public/img/editorials/dsc00670-w1600.webp	image/webp
https://imagedelivery.net/_XdB7bWYK-JWmUTR66I7hQ/editorials/dsc00670/w=2200	200	982262	public/img/editorials/dsc00670-w2200.webp	image/webp
https://imagedelivery.net/_XdB7bWYK-JWmUTR66I7hQ/editorials/dsc00928/w=360	200	3866	public/img/editorials/dsc00928-w360.webp	image/webp
https://imagedelivery.net/_XdB7bWYK-JWmUTR66I7hQ/editorials/dsc00928/w=760	200	38462	public/img/editorials/dsc00928-w760.webp	image/webp
https://imagedelivery.net/_XdB7bWYK-JWmUTR66I7hQ/editorials/dsc00928/w=1600	200	468646	public/img/editorials/dsc00928-w1600.webp	image/webp
https://imagedelivery.net/_XdB7bWYK-JWmUTR66I7hQ/editorials/dsc00928/w=2200	200	925526	public/img/editorials/dsc00928-w2200.webp	image/webp
https://imagedelivery.net/_XdB7bWYK-JWmUTR66I7hQ/editorials/dsc01098-edit/w=360	200	21466	public/img/editorials/dsc01098-edit-w360.webp	image/webp
https://imagedelivery.net/_XdB7bWYK-JWmUTR66I7hQ/editorials/dsc01098-edit/w=760	200	79406	public/img/editorials/dsc01098-edit-w760.webp	image/webp
https://imagedelivery.net/_XdB7bWYK-JWmUTR66I7hQ/editorials/dsc01098-edit/w=1600	200	225502	public/img/editorials/dsc01098-edit-w1600.webp	image/webp
https://imagedelivery.net/_XdB7bWYK-JWmUTR66I7hQ/editorials/dsc01098-edit/w=2200	200	243758	public/img/editorials/dsc01098-edit-w2200.webp	image/webp
https://imagedelivery.net/_XdB7bWYK-JWmUTR66I7hQ/editorials/dsc01280/w=360	200	18414	public/img/editorials/dsc01280-w360.webp	image/webp
https://imagedelivery.net/_XdB7bWYK-JWmUTR66I7hQ/editorials/dsc01280/w=760	200	60076	public/img/editorials/dsc01280-w760.webp	image/webp
https://imagedelivery.net/_XdB7bWYK-JWmUTR66I7hQ/editorials/dsc01280/w=1600	200	196586	public/img/editorials/dsc01280-w1600.webp	image/webp
https://imagedelivery.net/_XdB7bWYK-JWmUTR66I7hQ/editorials/dsc01280/w=2200	200	308880	public/img/editorials/dsc01280-w2200.webp	image/webp
https://imagedelivery.net/_XdB7bWYK-JWmUTR66I7hQ/editorials/dsc01429-edit/w=360	200	4122	public/img/editorials/dsc01429-edit-w360.webp	image/webp
https://imagedelivery.net/_XdB7bWYK-JWmUTR66I7hQ/editorials/dsc01429-edit/w=760	200	12474	public/img/editorials/dsc01429-edit-w760.webp	image/webp
https://imagedelivery.net/_XdB7bWYK-JWmUTR66I7hQ/editorials/dsc01429-edit/w=1100	200	21648	public/img/editorials/dsc01429-edit-w1100.webp	image/webp
https://imagedelivery.net/_XdB7bWYK-JWmUTR66I7hQ/editorials/dsc01429-edit/w=1600	200	40026	public/img/editorials/dsc01429-edit-w1600.webp	image/webp
https://imagedelivery.net/_XdB7bWYK-JWmUTR66I7hQ/editorials/dsc01429-edit/w=2200	200	65148	public/img/editorials/dsc01429-edit-w2200.webp	image/webp
https://imagedelivery.net/_XdB7bWYK-JWmUTR66I7hQ/editorials/dsc01436-edit/w=360	200	6382	public/img/editorials/dsc01436-edit-w360.webp	image/webp
https://imagedelivery.net/_XdB7bWYK-JWmUTR66I7hQ/editorials/dsc01436-edit/w=760	200	18388	public/img/editorials/dsc01436-edit-w760.webp	image/webp
https://imagedelivery.net/_XdB7bWYK-JWmUTR66I7hQ/editorials/dsc01436-edit/w=1600	200	55944	public/img/editorials/dsc01436-edit-w1600.webp	image/webp
https://imagedelivery.net/_XdB7bWYK-JWmUTR66I7hQ/editorials/dsc01436-edit/w=2200	200	91122	public/img/editorials/dsc01436-edit-w2200.webp	image/webp
https://imagedelivery.net/_XdB7bWYK-JWmUTR66I7hQ/editorials/dsc01592-edit/w=360	200	15084	public/img/editorials/dsc01592-edit-w360.webp	image/webp
https://imagedelivery.net/_XdB7bWYK-JWmUTR66I7hQ/editorials/dsc01592-edit/w=760	200	58066	public/img/editorials/dsc01592-edit-w760.webp	image/webp
https://imagedelivery.net/_XdB7bWYK-JWmUTR66I7hQ/editorials/dsc01592-edit/w=1600	200	218222	public/img/editorials/dsc01592-edit-w1600.webp	image/webp
https://imagedelivery.net/_XdB7bWYK-JWmUTR66I7hQ/editorials/dsc01592-edit/w=2200	200	218222	public/img/editorials/dsc01592-edit-w2200.webp	image/webp
https://imagedelivery.net/_XdB7bWYK-JWmUTR66I7hQ/editorials/dsc02961-edit-edit/w=360	200	11476	public/img/editorials/dsc02961-edit-edit-w360.webp	image/webp
https://imagedelivery.net/_XdB7bWYK-JWmUTR66I7hQ/editorials/dsc02961-edit-edit/w=480	200	18558	public/img/editorials/dsc02961-edit-edit-w480.webp	image/webp
https://imagedelivery.net/_XdB7bWYK-JWmUTR66I7hQ/editorials/dsc02961-edit-edit/w=760	200	43170	public/img/editorials/dsc02961-edit-edit-w760.webp	image/webp
https://imagedelivery.net/_XdB7bWYK-JWmUTR66I7hQ/editorials/dsc02961-edit-edit/w=800	200	48148	public/img/editorials/dsc02961-edit-edit-w800.webp	image/webp
https://imagedelivery.net/_XdB7bWYK-JWmUTR66I7hQ/editorials/dsc02961-edit-edit/w=1200	200	104758	public/img/editorials/dsc02961-edit-edit-w1200.webp	image/webp
https://imagedelivery.net/_XdB7bWYK-JWmUTR66I7hQ/editorials/dsc02961-edit-edit/w=1400	200	143244	public/img/editorials/dsc02961-edit-edit-w1400.webp	image/webp
https://imagedelivery.net/_XdB7bWYK-JWmUTR66I7hQ/editorials/dsc02961-edit-edit/w=1600	200	183740	public/img/editorials/dsc02961-edit-edit-w1600.webp	image/webp
https://imagedelivery.net/_XdB7bWYK-JWmUTR66I7hQ/editorials/dsc02961-edit-edit/w=2200	200	310298	public/img/editorials/dsc02961-edit-edit-w2200.webp	image/webp
https://imagedelivery.net/_XdB7bWYK-JWmUTR66I7hQ/editorials/dsc03012-edit/w=360	200	13092	public/img/editorials/dsc03012-edit-w360.webp	image/webp
https://imagedelivery.net/_XdB7bWYK-JWmUTR66I7hQ/editorials/dsc03012-edit/w=480	200	19302	public/img/editorials/dsc03012-edit-w480.webp	image/webp
https://imagedelivery.net/_XdB7bWYK-JWmUTR66I7hQ/editorials/dsc03012-edit/w=760	200	35102	public/img/editorials/dsc03012-edit-w760.webp	image/webp
https://imagedelivery.net/_XdB7bWYK-JWmUTR66I7hQ/editorials/dsc03012-edit/w=800	200	38312	public/img/editorials/dsc03012-edit-w800.webp	image/webp
https://imagedelivery.net/_XdB7bWYK-JWmUTR66I7hQ/editorials/dsc03012-edit/w=1100	200	60610	public/img/editorials/dsc03012-edit-w1100.webp	image/webp
https://imagedelivery.net/_XdB7bWYK-JWmUTR66I7hQ/editorials/dsc03012-edit/w=1200	200	69298	public/img/editorials/dsc03012-edit-w1200.webp	image/webp
https://imagedelivery.net/_XdB7bWYK-JWmUTR66I7hQ/editorials/dsc03012-edit/w=1600	200	109124	public/img/editorials/dsc03012-edit-w1600.webp	image/webp
https://imagedelivery.net/_XdB7bWYK-JWmUTR66I7hQ/editorials/dsc03012-edit/w=2200	200	192436	public/img/editorials/dsc03012-edit-w2200.webp	image/webp
https://imagedelivery.net/_XdB7bWYK-JWmUTR66I7hQ/editorials/dsc03089/w=360	200	11768	public/img/editorials/dsc03089-w360.webp	image/webp
https://imagedelivery.net/_XdB7bWYK-JWmUTR66I7hQ/editorials/dsc03089/w=760	200	36140	public/img/editorials/dsc03089-w760.webp	image/webp
https://imagedelivery.net/_XdB7bWYK-JWmUTR66I7hQ/editorials/dsc03089/w=1100	200	68332	public/img/editorials/dsc03089-w1100.webp	image/webp
https://imagedelivery.net/_XdB7bWYK-JWmUTR66I7hQ/editorials/dsc03089/w=1600	200	144332	public/img/editorials/dsc03089-w1600.webp	image/webp
https://imagedelivery.net/_XdB7bWYK-JWmUTR66I7hQ/editorials/dsc03089/w=2200	200	260750	public/img/editorials/dsc03089-w2200.webp	image/webp
https://imagedelivery.net/_XdB7bWYK-JWmUTR66I7hQ/editorials/dsc03114-edit-edit/w=360	200	2926	public/img/editorials/dsc03114-edit-edit-w360.webp	image/webp
https://imagedelivery.net/_XdB7bWYK-JWmUTR66I7hQ/editorials/dsc03114-edit-edit/w=760	200	8176	public/img/editorials/dsc03114-edit-edit-w760.webp	image/webp
https://imagedelivery.net/_XdB7bWYK-JWmUTR66I7hQ/editorials/dsc03114-edit-edit/w=1280	200	18144	public/img/editorials/dsc03114-edit-edit-w1280.webp	image/webp
https://imagedelivery.net/_XdB7bWYK-JWmUTR66I7hQ/editorials/dsc03114-edit-edit/w=1600	200	25892	public/img/editorials/dsc03114-edit-edit-w1600.webp	image/webp
https://imagedelivery.net/_XdB7bWYK-JWmUTR66I7hQ/editorials/dsc03114-edit-edit/w=1920	200	34520	public/img/editorials/dsc03114-edit-edit-w1920.webp	image/webp
https://imagedelivery.net/_XdB7bWYK-JWmUTR66I7hQ/editorials/dsc03114-edit-edit/w=2200	200	43176	public/img/editorials/dsc03114-edit-edit-w2200.webp	image/webp
https://imagedelivery.net/_XdB7bWYK-JWmUTR66I7hQ/editorials/dsc03114-edit-edit/w=2560	200	55532	public/img/editorials/dsc03114-edit-edit-w2560.webp	image/webp
https://imagedelivery.net/_XdB7bWYK-JWmUTR66I7hQ/editorials/dsc03299-copy/w=360	200	16806	public/img/editorials/dsc03299-copy-w360.webp	image/webp
https://imagedelivery.net/_XdB7bWYK-JWmUTR66I7hQ/editorials/dsc03299-copy/w=760	200	51438	public/img/editorials/dsc03299-copy-w760.webp	image/webp
https://imagedelivery.net/_XdB7bWYK-JWmUTR66I7hQ/editorials/dsc03299-copy/w=1600	200	189238	public/img/editorials/dsc03299-copy-w1600.webp	image/webp
https://imagedelivery.net/_XdB7bWYK-JWmUTR66I7hQ/editorials/dsc03299-copy/w=2200	200	342408	public/img/editorials/dsc03299-copy-w2200.webp	image/webp
https://imagedelivery.net/_XdB7bWYK-JWmUTR66I7hQ/editorials/dsc03353/w=360	200	23372	public/img/editorials/dsc03353-w360.webp	image/webp
https://imagedelivery.net/_XdB7bWYK-JWmUTR66I7hQ/editorials/dsc03353/w=760	200	73864	public/img/editorials/dsc03353-w760.webp	image/webp
https://imagedelivery.net/_XdB7bWYK-JWmUTR66I7hQ/editorials/dsc03353/w=1100	200	137126	public/img/editorials/dsc03353-w1100.webp	image/webp
https://imagedelivery.net/_XdB7bWYK-JWmUTR66I7hQ/editorials/dsc03353/w=1600	200	271798	public/img/editorials/dsc03353-w1600.webp	image/webp
https://imagedelivery.net/_XdB7bWYK-JWmUTR66I7hQ/editorials/dsc03353/w=2200	200	494450	public/img/editorials/dsc03353-w2200.webp	image/webp
https://imagedelivery.net/_XdB7bWYK-JWmUTR66I7hQ/editorials/dsc03684-edit/w=360	200	33658	public/img/editorials/dsc03684-edit-w360.webp	image/webp
https://imagedelivery.net/_XdB7bWYK-JWmUTR66I7hQ/editorials/dsc03684-edit/w=760	200	89616	public/img/editorials/dsc03684-edit-w760.webp	image/webp
https://imagedelivery.net/_XdB7bWYK-JWmUTR66I7hQ/editorials/dsc03684-edit/w=1100	200	146082	public/img/editorials/dsc03684-edit-w1100.webp	image/webp
https://imagedelivery.net/_XdB7bWYK-JWmUTR66I7hQ/editorials/dsc03684-edit/w=1600	200	253370	public/img/editorials/dsc03684-edit-w1600.webp	image/webp
https://imagedelivery.net/_XdB7bWYK-JWmUTR66I7hQ/editorials/dsc03684-edit/w=2200	200	389258	public/img/editorials/dsc03684-edit-w2200.webp	image/webp
https://imagedelivery.net/_XdB7bWYK-JWmUTR66I7hQ/editorials/dsc03863-edit/w=360	200	31698	public/img/editorials/dsc03863-edit-w360.webp	image/webp
https://imagedelivery.net/_XdB7bWYK-JWmUTR66I7hQ/editorials/dsc03863-edit/w=760	200	101964	public/img/editorials/dsc03863-edit-w760.webp	image/webp
https://imagedelivery.net/_XdB7bWYK-JWmUTR66I7hQ/editorials/dsc03863-edit/w=1600	200	320600	public/img/editorials/dsc03863-edit-w1600.webp	image/webp
https://imagedelivery.net/_XdB7bWYK-JWmUTR66I7hQ/editorials/dsc03863-edit/w=2200	200	513260	public/img/editorials/dsc03863-edit-w2200.webp	image/webp
https://imagedelivery.net/_XdB7bWYK-JWmUTR66I7hQ/editorials/dsc03911/w=360	200	50114	public/img/editorials/dsc03911-w360.webp	image/webp
https://imagedelivery.net/_XdB7bWYK-JWmUTR66I7hQ/editorials/dsc03911/w=760	200	178758	public/img/editorials/dsc03911-w760.webp	image/webp
https://imagedelivery.net/_XdB7bWYK-JWmUTR66I7hQ/editorials/dsc03911/w=1600	200	563106	public/img/editorials/dsc03911-w1600.webp	image/webp
https://imagedelivery.net/_XdB7bWYK-JWmUTR66I7hQ/editorials/dsc03911/w=2200	200	885192	public/img/editorials/dsc03911-w2200.webp	image/webp
https://imagedelivery.net/_XdB7bWYK-JWmUTR66I7hQ/editorials/dsc03994/w=360	200	11534	public/img/editorials/dsc03994-w360.webp	image/webp
https://imagedelivery.net/_XdB7bWYK-JWmUTR66I7hQ/editorials/dsc03994/w=760	200	38766	public/img/editorials/dsc03994-w760.webp	image/webp
https://imagedelivery.net/_XdB7bWYK-JWmUTR66I7hQ/editorials/dsc03994/w=1600	200	115764	public/img/editorials/dsc03994-w1600.webp	image/webp
https://imagedelivery.net/_XdB7bWYK-JWmUTR66I7hQ/editorials/dsc03994/w=2200	200	184882	public/img/editorials/dsc03994-w2200.webp	image/webp
https://imagedelivery.net/_XdB7bWYK-JWmUTR66I7hQ/editorials/dsc04581/w=360	200	12582	public/img/editorials/dsc04581-w360.webp	image/webp
https://imagedelivery.net/_XdB7bWYK-JWmUTR66I7hQ/editorials/dsc04581/w=480	200	18646	public/img/editorials/dsc04581-w480.webp	image/webp
https://imagedelivery.net/_XdB7bWYK-JWmUTR66I7hQ/editorials/dsc04581/w=760	200	34422	public/img/editorials/dsc04581-w760.webp	image/webp
https://imagedelivery.net/_XdB7bWYK-JWmUTR66I7hQ/editorials/dsc04581/w=800	200	37500	public/img/editorials/dsc04581-w800.webp	image/webp
https://imagedelivery.net/_XdB7bWYK-JWmUTR66I7hQ/editorials/dsc04581/w=1100	200	62136	public/img/editorials/dsc04581-w1100.webp	image/webp
https://imagedelivery.net/_XdB7bWYK-JWmUTR66I7hQ/editorials/dsc04581/w=1200	200	71766	public/img/editorials/dsc04581-w1200.webp	image/webp
https://imagedelivery.net/_XdB7bWYK-JWmUTR66I7hQ/editorials/dsc04581/w=1400	200	89458	public/img/editorials/dsc04581-w1400.webp	image/webp
https://imagedelivery.net/_XdB7bWYK-JWmUTR66I7hQ/editorials/dsc04581/w=1600	200	110914	public/img/editorials/dsc04581-w1600.webp	image/webp
https://imagedelivery.net/_XdB7bWYK-JWmUTR66I7hQ/editorials/dsc04581/w=2200	200	188750	public/img/editorials/dsc04581-w2200.webp	image/webp
https://imagedelivery.net/_XdB7bWYK-JWmUTR66I7hQ/editorials/dsc04768/w=360	200	15908	public/img/editorials/dsc04768-w360.webp	image/webp
https://imagedelivery.net/_XdB7bWYK-JWmUTR66I7hQ/editorials/dsc04768/w=760	200	61144	public/img/editorials/dsc04768-w760.webp	image/webp
https://imagedelivery.net/_XdB7bWYK-JWmUTR66I7hQ/editorials/dsc04768/w=1600	200	461690	public/img/editorials/dsc04768-w1600.webp	image/webp
https://imagedelivery.net/_XdB7bWYK-JWmUTR66I7hQ/editorials/dsc04768/w=2200	200	1032288	public/img/editorials/dsc04768-w2200.webp	image/webp
https://imagedelivery.net/_XdB7bWYK-JWmUTR66I7hQ/editorials/dsc05305-edit/w=360	200	6388	public/img/editorials/dsc05305-edit-w360.webp	image/webp
https://imagedelivery.net/_XdB7bWYK-JWmUTR66I7hQ/editorials/dsc05305-edit/w=480	200	9602	public/img/editorials/dsc05305-edit-w480.webp	image/webp
https://imagedelivery.net/_XdB7bWYK-JWmUTR66I7hQ/editorials/dsc05305-edit/w=760	200	20170	public/img/editorials/dsc05305-edit-w760.webp	image/webp
https://imagedelivery.net/_XdB7bWYK-JWmUTR66I7hQ/editorials/dsc05305-edit/w=800	200	22298	public/img/editorials/dsc05305-edit-w800.webp	image/webp
https://imagedelivery.net/_XdB7bWYK-JWmUTR66I7hQ/editorials/dsc05305-edit/w=1100	200	36718	public/img/editorials/dsc05305-edit-w1100.webp	image/webp
https://imagedelivery.net/_XdB7bWYK-JWmUTR66I7hQ/editorials/dsc05305-edit/w=1200	200	44132	public/img/editorials/dsc05305-edit-w1200.webp	image/webp
https://imagedelivery.net/_XdB7bWYK-JWmUTR66I7hQ/editorials/dsc05305-edit/w=1280	200	47260	public/img/editorials/dsc05305-edit-w1280.webp	image/webp
https://imagedelivery.net/_XdB7bWYK-JWmUTR66I7hQ/editorials/dsc05305-edit/w=1600	200	67512	public/img/editorials/dsc05305-edit-w1600.webp	image/webp
https://imagedelivery.net/_XdB7bWYK-JWmUTR66I7hQ/editorials/dsc05305-edit/w=1920	200	89666	public/img/editorials/dsc05305-edit-w1920.webp	image/webp
https://imagedelivery.net/_XdB7bWYK-JWmUTR66I7hQ/editorials/dsc05305-edit/w=2200	200	112388	public/img/editorials/dsc05305-edit-w2200.webp	image/webp
https://imagedelivery.net/_XdB7bWYK-JWmUTR66I7hQ/editorials/dsc05305-edit/w=2560	200	140962	public/img/editorials/dsc05305-edit-w2560.webp	image/webp
https://imagedelivery.net/_XdB7bWYK-JWmUTR66I7hQ/editorials/dsc05945/w=360	200	13754	public/img/editorials/dsc05945-w360.webp	image/webp
https://imagedelivery.net/_XdB7bWYK-JWmUTR66I7hQ/editorials/dsc05945/w=760	200	40778	public/img/editorials/dsc05945-w760.webp	image/webp
https://imagedelivery.net/_XdB7bWYK-JWmUTR66I7hQ/editorials/dsc05945/w=1600	200	149582	public/img/editorials/dsc05945-w1600.webp	image/webp
https://imagedelivery.net/_XdB7bWYK-JWmUTR66I7hQ/editorials/dsc05945/w=2200	200	264556	public/img/editorials/dsc05945-w2200.webp	image/webp
https://imagedelivery.net/_XdB7bWYK-JWmUTR66I7hQ/editorials/dsc06225-edit/w=360	200	24154	public/img/editorials/dsc06225-edit-w360.webp	image/webp
https://imagedelivery.net/_XdB7bWYK-JWmUTR66I7hQ/editorials/dsc06225-edit/w=480	200	38652	public/img/editorials/dsc06225-edit-w480.webp	image/webp
https://imagedelivery.net/_XdB7bWYK-JWmUTR66I7hQ/editorials/dsc06225-edit/w=760	200	80612	public/img/editorials/dsc06225-edit-w760.webp	image/webp
https://imagedelivery.net/_XdB7bWYK-JWmUTR66I7hQ/editorials/dsc06225-edit/w=800	200	87978	public/img/editorials/dsc06225-edit-w800.webp	image/webp
https://imagedelivery.net/_XdB7bWYK-JWmUTR66I7hQ/editorials/dsc06225-edit/w=1100	200	154720	public/img/editorials/dsc06225-edit-w1100.webp	image/webp
https://imagedelivery.net/_XdB7bWYK-JWmUTR66I7hQ/editorials/dsc06225-edit/w=1200	200	183526	public/img/editorials/dsc06225-edit-w1200.webp	image/webp
https://imagedelivery.net/_XdB7bWYK-JWmUTR66I7hQ/editorials/dsc06225-edit/w=1280	200	206978	public/img/editorials/dsc06225-edit-w1280.webp	image/webp
https://imagedelivery.net/_XdB7bWYK-JWmUTR66I7hQ/editorials/dsc06225-edit/w=1400	200	245898	public/img/editorials/dsc06225-edit-w1400.webp	image/webp
https://imagedelivery.net/_XdB7bWYK-JWmUTR66I7hQ/editorials/dsc06225-edit/w=1600	200	319076	public/img/editorials/dsc06225-edit-w1600.webp	image/webp
https://imagedelivery.net/_XdB7bWYK-JWmUTR66I7hQ/editorials/dsc06225-edit/w=1920	200	449962	public/img/editorials/dsc06225-edit-w1920.webp	image/webp
https://imagedelivery.net/_XdB7bWYK-JWmUTR66I7hQ/editorials/dsc06225-edit/w=2200	200	571146	public/img/editorials/dsc06225-edit-w2200.webp	image/webp
https://imagedelivery.net/_XdB7bWYK-JWmUTR66I7hQ/editorials/dsc06225-edit/w=2560	200	732226	public/img/editorials/dsc06225-edit-w2560.webp	image/webp
https://imagedelivery.net/_XdB7bWYK-JWmUTR66I7hQ/editorials/dsc06516/w=360	200	5418	public/img/editorials/dsc06516-w360.webp	image/webp
https://imagedelivery.net/_XdB7bWYK-JWmUTR66I7hQ/editorials/dsc06516/w=760	200	16918	public/img/editorials/dsc06516-w760.webp	image/webp
https://imagedelivery.net/_XdB7bWYK-JWmUTR66I7hQ/editorials/dsc06516/w=1600	200	68870	public/img/editorials/dsc06516-w1600.webp	image/webp
https://imagedelivery.net/_XdB7bWYK-JWmUTR66I7hQ/editorials/dsc06516/w=2200	200	145788	public/img/editorials/dsc06516-w2200.webp	image/webp
https://imagedelivery.net/_XdB7bWYK-JWmUTR66I7hQ/editorials/dsc06526/w=360	200	13484	public/img/editorials/dsc06526-w360.webp	image/webp
https://imagedelivery.net/_XdB7bWYK-JWmUTR66I7hQ/editorials/dsc06526/w=760	200	32882	public/img/editorials/dsc06526-w760.webp	image/webp
https://imagedelivery.net/_XdB7bWYK-JWmUTR66I7hQ/editorials/dsc06526/w=1100	200	54232	public/img/editorials/dsc06526-w1100.webp	image/webp
https://imagedelivery.net/_XdB7bWYK-JWmUTR66I7hQ/editorials/dsc06526/w=1600	200	97444	public/img/editorials/dsc06526-w1600.webp	image/webp
https://imagedelivery.net/_XdB7bWYK-JWmUTR66I7hQ/editorials/dsc06526/w=2200	200	185004	public/img/editorials/dsc06526-w2200.webp	image/webp
https://imagedelivery.net/_XdB7bWYK-JWmUTR66I7hQ/editorials/dsc06624/w=360	200	8736	public/img/editorials/dsc06624-w360.webp	image/webp
https://imagedelivery.net/_XdB7bWYK-JWmUTR66I7hQ/editorials/dsc06624/w=760	200	26218	public/img/editorials/dsc06624-w760.webp	image/webp
https://imagedelivery.net/_XdB7bWYK-JWmUTR66I7hQ/editorials/dsc06624/w=1100	200	54690	public/img/editorials/dsc06624-w1100.webp	image/webp
https://imagedelivery.net/_XdB7bWYK-JWmUTR66I7hQ/editorials/dsc06624/w=1600	200	138432	public/img/editorials/dsc06624-w1600.webp	image/webp
https://imagedelivery.net/_XdB7bWYK-JWmUTR66I7hQ/editorials/dsc06624/w=2200	200	320264	public/img/editorials/dsc06624-w2200.webp	image/webp
https://imagedelivery.net/_XdB7bWYK-JWmUTR66I7hQ/editorials/dsc06882-edit-edit/w=360	200	26366	public/img/editorials/dsc06882-edit-edit-w360.webp	image/webp
https://imagedelivery.net/_XdB7bWYK-JWmUTR66I7hQ/editorials/dsc06882-edit-edit/w=760	200	76676	public/img/editorials/dsc06882-edit-edit-w760.webp	image/webp
https://imagedelivery.net/_XdB7bWYK-JWmUTR66I7hQ/editorials/dsc06882-edit-edit/w=1100	200	142662	public/img/editorials/dsc06882-edit-edit-w1100.webp	image/webp
https://imagedelivery.net/_XdB7bWYK-JWmUTR66I7hQ/editorials/dsc06882-edit-edit/w=1280	200	193304	public/img/editorials/dsc06882-edit-edit-w1280.webp	image/webp
https://imagedelivery.net/_XdB7bWYK-JWmUTR66I7hQ/editorials/dsc06882-edit-edit/w=1600	200	296308	public/img/editorials/dsc06882-edit-edit-w1600.webp	image/webp
https://imagedelivery.net/_XdB7bWYK-JWmUTR66I7hQ/editorials/dsc06882-edit-edit/w=1920	200	439148	public/img/editorials/dsc06882-edit-edit-w1920.webp	image/webp
https://imagedelivery.net/_XdB7bWYK-JWmUTR66I7hQ/editorials/dsc06882-edit-edit/w=2200	200	583840	public/img/editorials/dsc06882-edit-edit-w2200.webp	image/webp
https://imagedelivery.net/_XdB7bWYK-JWmUTR66I7hQ/editorials/dsc06882-edit-edit/w=2560	200	785078	public/img/editorials/dsc06882-edit-edit-w2560.webp	image/webp
https://imagedelivery.net/_XdB7bWYK-JWmUTR66I7hQ/editorials/dsc07100-2/w=360	200	10702	public/img/editorials/dsc07100-2-w360.webp	image/webp
https://imagedelivery.net/_XdB7bWYK-JWmUTR66I7hQ/editorials/dsc07100-2/w=480	200	16344	public/img/editorials/dsc07100-2-w480.webp	image/webp
https://imagedelivery.net/_XdB7bWYK-JWmUTR66I7hQ/editorials/dsc07100-2/w=760	200	32250	public/img/editorials/dsc07100-2-w760.webp	image/webp
https://imagedelivery.net/_XdB7bWYK-JWmUTR66I7hQ/editorials/dsc07100-2/w=800	200	35124	public/img/editorials/dsc07100-2-w800.webp	image/webp
https://imagedelivery.net/_XdB7bWYK-JWmUTR66I7hQ/editorials/dsc07100-2/w=1100	200	63092	public/img/editorials/dsc07100-2-w1100.webp	image/webp
https://imagedelivery.net/_XdB7bWYK-JWmUTR66I7hQ/editorials/dsc07100-2/w=1200	200	75052	public/img/editorials/dsc07100-2-w1200.webp	image/webp
https://imagedelivery.net/_XdB7bWYK-JWmUTR66I7hQ/editorials/dsc07100-2/w=1280	200	84954	public/img/editorials/dsc07100-2-w1280.webp	image/webp
https://imagedelivery.net/_XdB7bWYK-JWmUTR66I7hQ/editorials/dsc07100-2/w=1600	200	141030	public/img/editorials/dsc07100-2-w1600.webp	image/webp
https://imagedelivery.net/_XdB7bWYK-JWmUTR66I7hQ/editorials/dsc07100-2/w=1920	200	225218	public/img/editorials/dsc07100-2-w1920.webp	image/webp
https://imagedelivery.net/_XdB7bWYK-JWmUTR66I7hQ/editorials/dsc07100-2/w=2200	200	323676	public/img/editorials/dsc07100-2-w2200.webp	image/webp
https://imagedelivery.net/_XdB7bWYK-JWmUTR66I7hQ/editorials/dsc07100-2/w=2560	200	474872	public/img/editorials/dsc07100-2-w2560.webp	image/webp
https://imagedelivery.net/_XdB7bWYK-JWmUTR66I7hQ/editorials/dsc07110/w=360	200	8144	public/img/editorials/dsc07110-w360.webp	image/webp
https://imagedelivery.net/_XdB7bWYK-JWmUTR66I7hQ/editorials/dsc07110/w=760	200	23698	public/img/editorials/dsc07110-w760.webp	image/webp
https://imagedelivery.net/_XdB7bWYK-JWmUTR66I7hQ/editorials/dsc07110/w=1100	200	46378	public/img/editorials/dsc07110-w1100.webp	image/webp
https://imagedelivery.net/_XdB7bWYK-JWmUTR66I7hQ/editorials/dsc07110/w=1600	200	121536	public/img/editorials/dsc07110-w1600.webp	image/webp
https://imagedelivery.net/_XdB7bWYK-JWmUTR66I7hQ/editorials/dsc07110/w=2200	200	333710	public/img/editorials/dsc07110-w2200.webp	image/webp
https://imagedelivery.net/_XdB7bWYK-JWmUTR66I7hQ/editorials/dsc07125/w=360	200	4886	public/img/editorials/dsc07125-w360.webp	image/webp
https://imagedelivery.net/_XdB7bWYK-JWmUTR66I7hQ/editorials/dsc07125/w=760	200	11318	public/img/editorials/dsc07125-w760.webp	image/webp
https://imagedelivery.net/_XdB7bWYK-JWmUTR66I7hQ/editorials/dsc07125/w=1280	200	21152	public/img/editorials/dsc07125-w1280.webp	image/webp
https://imagedelivery.net/_XdB7bWYK-JWmUTR66I7hQ/editorials/dsc07125/w=1600	200	28274	public/img/editorials/dsc07125-w1600.webp	image/webp
https://imagedelivery.net/_XdB7bWYK-JWmUTR66I7hQ/editorials/dsc07125/w=1920	200	36590	public/img/editorials/dsc07125-w1920.webp	image/webp
https://imagedelivery.net/_XdB7bWYK-JWmUTR66I7hQ/editorials/dsc07125/w=2200	200	49582	public/img/editorials/dsc07125-w2200.webp	image/webp
https://imagedelivery.net/_XdB7bWYK-JWmUTR66I7hQ/editorials/dsc07125/w=2560	200	79132	public/img/editorials/dsc07125-w2560.webp	image/webp
https://imagedelivery.net/_XdB7bWYK-JWmUTR66I7hQ/editorials/dsc08237/w=360	200	45454	public/img/editorials/dsc08237-w360.webp	image/webp
https://imagedelivery.net/_XdB7bWYK-JWmUTR66I7hQ/editorials/dsc08237/w=640	200	108366	public/img/editorials/dsc08237-w640.webp	image/webp
https://imagedelivery.net/_XdB7bWYK-JWmUTR66I7hQ/editorials/dsc08237/w=1024	200	226386	public/img/editorials/dsc08237-w1024.webp	image/webp
https://imagedelivery.net/_XdB7bWYK-JWmUTR66I7hQ/editorials/dsc08237/w=1440	200	369448	public/img/editorials/dsc08237-w1440.webp	image/webp
https://imagedelivery.net/_XdB7bWYK-JWmUTR66I7hQ/editorials/dsc08237/w=1600	200	435064	public/img/editorials/dsc08237-w1600.webp	image/webp
https://imagedelivery.net/_XdB7bWYK-JWmUTR66I7hQ/editorials/dsc08237/w=1920	200	569224	public/img/editorials/dsc08237-w1920.webp	image/webp
https://imagedelivery.net/_XdB7bWYK-JWmUTR66I7hQ/editorials/dsc08237/w=2200	200	674722	public/img/editorials/dsc08237-w2200.webp	image/webp
https://imagedelivery.net/_XdB7bWYK-JWmUTR66I7hQ/editorials/dsc08237/w=2560	200	831320	public/img/editorials/dsc08237-w2560.webp	image/webp
https://imagedelivery.net/_XdB7bWYK-JWmUTR66I7hQ/editorials/dsc08251/w=360	200	47066	public/img/editorials/dsc08251-w360.webp	image/webp
https://imagedelivery.net/_XdB7bWYK-JWmUTR66I7hQ/editorials/dsc08251/w=640	200	115226	public/img/editorials/dsc08251-w640.webp	image/webp
https://imagedelivery.net/_XdB7bWYK-JWmUTR66I7hQ/editorials/dsc08251/w=1024	200	241182	public/img/editorials/dsc08251-w1024.webp	image/webp
https://imagedelivery.net/_XdB7bWYK-JWmUTR66I7hQ/editorials/dsc08251/w=1440	200	414846	public/img/editorials/dsc08251-w1440.webp	image/webp
https://imagedelivery.net/_XdB7bWYK-JWmUTR66I7hQ/editorials/dsc08251/w=1600	200	491594	public/img/editorials/dsc08251-w1600.webp	image/webp
https://imagedelivery.net/_XdB7bWYK-JWmUTR66I7hQ/editorials/dsc08251/w=1920	200	661902	public/img/editorials/dsc08251-w1920.webp	image/webp
https://imagedelivery.net/_XdB7bWYK-JWmUTR66I7hQ/editorials/dsc08251/w=2200	200	800536	public/img/editorials/dsc08251-w2200.webp	image/webp
https://imagedelivery.net/_XdB7bWYK-JWmUTR66I7hQ/editorials/dsc08251/w=2560	200	1009424	public/img/editorials/dsc08251-w2560.webp	image/webp
https://imagedelivery.net/_XdB7bWYK-JWmUTR66I7hQ/editorials/dsc08260/w=360	200	17612	public/img/editorials/dsc08260-w360.webp	image/webp
https://imagedelivery.net/_XdB7bWYK-JWmUTR66I7hQ/editorials/dsc08260/w=640	200	35650	public/img/editorials/dsc08260-w640.webp	image/webp
https://imagedelivery.net/_XdB7bWYK-JWmUTR66I7hQ/editorials/dsc08260/w=1024	200	67672	public/img/editorials/dsc08260-w1024.webp	image/webp
https://imagedelivery.net/_XdB7bWYK-JWmUTR66I7hQ/editorials/dsc08260/w=1100	200	75486	public/img/editorials/dsc08260-w1100.webp	image/webp
https://imagedelivery.net/_XdB7bWYK-JWmUTR66I7hQ/editorials/dsc08260/w=1440	200	107592	public/img/editorials/dsc08260-w1440.webp	image/webp
https://imagedelivery.net/_XdB7bWYK-JWmUTR66I7hQ/editorials/dsc08260/w=1600	200	128572	public/img/editorials/dsc08260-w1600.webp	image/webp
https://imagedelivery.net/_XdB7bWYK-JWmUTR66I7hQ/editorials/dsc08260/w=1920	200	173930	public/img/editorials/dsc08260-w1920.webp	image/webp
https://imagedelivery.net/_XdB7bWYK-JWmUTR66I7hQ/editorials/dsc08260/w=2200	200	223808	public/img/editorials/dsc08260-w2200.webp	image/webp
https://imagedelivery.net/_XdB7bWYK-JWmUTR66I7hQ/editorials/dsc08260/w=2560	200	300658	public/img/editorials/dsc08260-w2560.webp	image/webp
https://imagedelivery.net/_XdB7bWYK-JWmUTR66I7hQ/editorials/dsc08341-2/w=360	200	7150	public/img/editorials/dsc08341-2-w360.webp	image/webp
https://imagedelivery.net/_XdB7bWYK-JWmUTR66I7hQ/editorials/dsc08341-2/w=760	200	22734	public/img/editorials/dsc08341-2-w760.webp	image/webp
https://imagedelivery.net/_XdB7bWYK-JWmUTR66I7hQ/editorials/dsc08341-2/w=1100	200	39574	public/img/editorials/dsc08341-2-w1100.webp	image/webp
https://imagedelivery.net/_XdB7bWYK-JWmUTR66I7hQ/editorials/dsc08341-2/w=1600	200	65754	public/img/editorials/dsc08341-2-w1600.webp	image/webp
https://imagedelivery.net/_XdB7bWYK-JWmUTR66I7hQ/editorials/dsc08341-2/w=2200	200	102152	public/img/editorials/dsc08341-2-w2200.webp	image/webp
https://imagedelivery.net/_XdB7bWYK-JWmUTR66I7hQ/editorials/dsc08353/w=360	200	40176	public/img/editorials/dsc08353-w360.webp	image/webp
https://imagedelivery.net/_XdB7bWYK-JWmUTR66I7hQ/editorials/dsc08353/w=640	200	120896	public/img/editorials/dsc08353-w640.webp	image/webp
https://imagedelivery.net/_XdB7bWYK-JWmUTR66I7hQ/editorials/dsc08353/w=1024	200	317746	public/img/editorials/dsc08353-w1024.webp	image/webp
https://imagedelivery.net/_XdB7bWYK-JWmUTR66I7hQ/editorials/dsc08353/w=1440	200	628908	public/img/editorials/dsc08353-w1440.webp	image/webp
https://imagedelivery.net/_XdB7bWYK-JWmUTR66I7hQ/editorials/dsc08353/w=1600	200	768764	public/img/editorials/dsc08353-w1600.webp	image/webp
https://imagedelivery.net/_XdB7bWYK-JWmUTR66I7hQ/editorials/dsc08353/w=1920	200	1080210	public/img/editorials/dsc08353-w1920.webp	image/webp
https://imagedelivery.net/_XdB7bWYK-JWmUTR66I7hQ/editorials/dsc08353/w=2200	200	1371876	public/img/editorials/dsc08353-w2200.webp	image/webp
https://imagedelivery.net/_XdB7bWYK-JWmUTR66I7hQ/editorials/dsc08353/w=2560	200	1681488	public/img/editorials/dsc08353-w2560.webp	image/webp
https://imagedelivery.net/_XdB7bWYK-JWmUTR66I7hQ/editorials/dsc08362/w=360	200	28030	public/img/editorials/dsc08362-w360.webp	image/webp
https://imagedelivery.net/_XdB7bWYK-JWmUTR66I7hQ/editorials/dsc08362/w=640	200	92576	public/img/editorials/dsc08362-w640.webp	image/webp
https://imagedelivery.net/_XdB7bWYK-JWmUTR66I7hQ/editorials/dsc08362/w=1024	200	255134	public/img/editorials/dsc08362-w1024.webp	image/webp
https://imagedelivery.net/_XdB7bWYK-JWmUTR66I7hQ/editorials/dsc08362/w=1440	200	546480	public/img/editorials/dsc08362-w1440.webp	image/webp
https://imagedelivery.net/_XdB7bWYK-JWmUTR66I7hQ/editorials/dsc08362/w=1600	200	682328	public/img/editorials/dsc08362-w1600.webp	image/webp
https://imagedelivery.net/_XdB7bWYK-JWmUTR66I7hQ/editorials/dsc08362/w=1920	200	1020288	public/img/editorials/dsc08362-w1920.webp	image/webp
https://imagedelivery.net/_XdB7bWYK-JWmUTR66I7hQ/editorials/dsc08362/w=2200	200	1391496	public/img/editorials/dsc08362-w2200.webp	image/webp
https://imagedelivery.net/_XdB7bWYK-JWmUTR66I7hQ/editorials/dsc08362/w=2560	200	1849258	public/img/editorials/dsc08362-w2560.webp	image/webp
https://imagedelivery.net/_XdB7bWYK-JWmUTR66I7hQ/editorials/dsc08364-edit/w=360	200	5056	public/img/editorials/dsc08364-edit-w360.webp	image/webp
https://imagedelivery.net/_XdB7bWYK-JWmUTR66I7hQ/editorials/dsc08364-edit/w=760	200	22524	public/img/editorials/dsc08364-edit-w760.webp	image/webp
https://imagedelivery.net/_XdB7bWYK-JWmUTR66I7hQ/editorials/dsc08364-edit/w=1600	200	205252	public/img/editorials/dsc08364-edit-w1600.webp	image/webp
https://imagedelivery.net/_XdB7bWYK-JWmUTR66I7hQ/editorials/dsc08364-edit/w=2200	200	390694	public/img/editorials/dsc08364-edit-w2200.webp	image/webp
https://imagedelivery.net/_XdB7bWYK-JWmUTR66I7hQ/editorials/dsc08371-edit/w=360	200	23702	public/img/editorials/dsc08371-edit-w360.webp	image/webp
https://imagedelivery.net/_XdB7bWYK-JWmUTR66I7hQ/editorials/dsc08371-edit/w=640	200	71832	public/img/editorials/dsc08371-edit-w640.webp	image/webp
https://imagedelivery.net/_XdB7bWYK-JWmUTR66I7hQ/editorials/dsc08371-edit/w=1024	200	205924	public/img/editorials/dsc08371-edit-w1024.webp	image/webp
https://imagedelivery.net/_XdB7bWYK-JWmUTR66I7hQ/editorials/dsc08371-edit/w=1440	200	471498	public/img/editorials/dsc08371-edit-w1440.webp	image/webp
https://imagedelivery.net/_XdB7bWYK-JWmUTR66I7hQ/editorials/dsc08371-edit/w=1600	200	603672	public/img/editorials/dsc08371-edit-w1600.webp	image/webp
https://imagedelivery.net/_XdB7bWYK-JWmUTR66I7hQ/editorials/dsc08371-edit/w=1920	200	916768	public/img/editorials/dsc08371-edit-w1920.webp	image/webp
https://imagedelivery.net/_XdB7bWYK-JWmUTR66I7hQ/editorials/dsc08371-edit/w=2200	200	1240236	public/img/editorials/dsc08371-edit-w2200.webp	image/webp
https://imagedelivery.net/_XdB7bWYK-JWmUTR66I7hQ/editorials/dsc08371-edit/w=2560	200	1681240	public/img/editorials/dsc08371-edit-w2560.webp	image/webp
https://imagedelivery.net/_XdB7bWYK-JWmUTR66I7hQ/editorials/dsc08382/w=360	200	42426	public/img/editorials/dsc08382-w360.webp	image/webp
https://imagedelivery.net/_XdB7bWYK-JWmUTR66I7hQ/editorials/dsc08382/w=480	200	70106	public/img/editorials/dsc08382-w480.webp	image/webp
https://imagedelivery.net/_XdB7bWYK-JWmUTR66I7hQ/editorials/dsc08382/w=760	200	143074	public/img/editorials/dsc08382-w760.webp	image/webp
https://imagedelivery.net/_XdB7bWYK-JWmUTR66I7hQ/editorials/dsc08382/w=800	200	156038	public/img/editorials/dsc08382-w800.webp	image/webp
https://imagedelivery.net/_XdB7bWYK-JWmUTR66I7hQ/editorials/dsc08382/w=1100	200	250500	public/img/editorials/dsc08382-w1100.webp	image/webp
https://imagedelivery.net/_XdB7bWYK-JWmUTR66I7hQ/editorials/dsc08382/w=1200	200	284178	public/img/editorials/dsc08382-w1200.webp	image/webp
https://imagedelivery.net/_XdB7bWYK-JWmUTR66I7hQ/editorials/dsc08382/w=1600	200	410062	public/img/editorials/dsc08382-w1600.webp	image/webp
https://imagedelivery.net/_XdB7bWYK-JWmUTR66I7hQ/editorials/dsc08382/w=2200	200	607814	public/img/editorials/dsc08382-w2200.webp	image/webp
https://imagedelivery.net/_XdB7bWYK-JWmUTR66I7hQ/editorials/dsc08414/w=360	200	11058	public/img/editorials/dsc08414-w360.webp	image/webp
https://imagedelivery.net/_XdB7bWYK-JWmUTR66I7hQ/editorials/dsc08414/w=640	200	40036	public/img/editorials/dsc08414-w640.webp	image/webp
https://imagedelivery.net/_XdB7bWYK-JWmUTR66I7hQ/editorials/dsc08414/w=1024	200	169338	public/img/editorials/dsc08414-w1024.webp	image/webp
https://imagedelivery.net/_XdB7bWYK-JWmUTR66I7hQ/editorials/dsc08414/w=1440	200	428382	public/img/editorials/dsc08414-w1440.webp	image/webp
https://imagedelivery.net/_XdB7bWYK-JWmUTR66I7hQ/editorials/dsc08414/w=1600	200	561388	public/img/editorials/dsc08414-w1600.webp	image/webp
https://imagedelivery.net/_XdB7bWYK-JWmUTR66I7hQ/editorials/dsc08414/w=1920	200	860706	public/img/editorials/dsc08414-w1920.webp	image/webp
https://imagedelivery.net/_XdB7bWYK-JWmUTR66I7hQ/editorials/dsc08414/w=2200	200	1259604	public/img/editorials/dsc08414-w2200.webp	image/webp
https://imagedelivery.net/_XdB7bWYK-JWmUTR66I7hQ/editorials/dsc08414/w=2560	200	1691400	public/img/editorials/dsc08414-w2560.webp	image/webp
https://imagedelivery.net/_XdB7bWYK-JWmUTR66I7hQ/editorials/dsc08420/w=360	200	9742	public/img/editorials/dsc08420-w360.webp	image/webp
https://imagedelivery.net/_XdB7bWYK-JWmUTR66I7hQ/editorials/dsc08420/w=640	200	26388	public/img/editorials/dsc08420-w640.webp	image/webp
https://imagedelivery.net/_XdB7bWYK-JWmUTR66I7hQ/editorials/dsc08420/w=1024	200	66590	public/img/editorials/dsc08420-w1024.webp	image/webp
https://imagedelivery.net/_XdB7bWYK-JWmUTR66I7hQ/editorials/dsc08420/w=1100	200	76612	public/img/editorials/dsc08420-w1100.webp	image/webp
https://imagedelivery.net/_XdB7bWYK-JWmUTR66I7hQ/editorials/dsc08420/w=1440	200	132996	public/img/editorials/dsc08420-w1440.webp	image/webp
https://imagedelivery.net/_XdB7bWYK-JWmUTR66I7hQ/editorials/dsc08420/w=1600	200	164884	public/img/editorials/dsc08420-w1600.webp	image/webp
https://imagedelivery.net/_XdB7bWYK-JWmUTR66I7hQ/editorials/dsc08420/w=1920	200	240692	public/img/editorials/dsc08420-w1920.webp	image/webp
https://imagedelivery.net/_XdB7bWYK-JWmUTR66I7hQ/editorials/dsc08420/w=2200	200	313766	public/img/editorials/dsc08420-w2200.webp	image/webp
https://imagedelivery.net/_XdB7bWYK-JWmUTR66I7hQ/editorials/dsc08420/w=2560	200	415114	public/img/editorials/dsc08420-w2560.webp	image/webp
https://imagedelivery.net/_XdB7bWYK-JWmUTR66I7hQ/editorials/dsc08434/w=360	200	47580	public/img/editorials/dsc08434-w360.webp	image/webp
https://imagedelivery.net/_XdB7bWYK-JWmUTR66I7hQ/editorials/dsc08434/w=640	200	124194	public/img/editorials/dsc08434-w640.webp	image/webp
https://imagedelivery.net/_XdB7bWYK-JWmUTR66I7hQ/editorials/dsc08434/w=1024	200	283816	public/img/editorials/dsc08434-w1024.webp	image/webp
https://imagedelivery.net/_XdB7bWYK-JWmUTR66I7hQ/editorials/dsc08434/w=1440	200	531342	public/img/editorials/dsc08434-w1440.webp	image/webp
https://imagedelivery.net/_XdB7bWYK-JWmUTR66I7hQ/editorials/dsc08434/w=1600	200	647690	public/img/editorials/dsc08434-w1600.webp	image/webp
https://imagedelivery.net/_XdB7bWYK-JWmUTR66I7hQ/editorials/dsc08434/w=1920	200	904538	public/img/editorials/dsc08434-w1920.webp	image/webp
https://imagedelivery.net/_XdB7bWYK-JWmUTR66I7hQ/editorials/dsc08434/w=2200	200	1163086	public/img/editorials/dsc08434-w2200.webp	image/webp
https://imagedelivery.net/_XdB7bWYK-JWmUTR66I7hQ/editorials/dsc08434/w=2560	200	1485606	public/img/editorials/dsc08434-w2560.webp	image/webp
https://imagedelivery.net/_XdB7bWYK-JWmUTR66I7hQ/editorials/dsc08453/w=360	200	31588	public/img/editorials/dsc08453-w360.webp	image/webp
https://imagedelivery.net/_XdB7bWYK-JWmUTR66I7hQ/editorials/dsc08453/w=640	200	75900	public/img/editorials/dsc08453-w640.webp	image/webp
https://imagedelivery.net/_XdB7bWYK-JWmUTR66I7hQ/editorials/dsc08453/w=1024	200	150694	public/img/editorials/dsc08453-w1024.webp	image/webp
https://imagedelivery.net/_XdB7bWYK-JWmUTR66I7hQ/editorials/dsc08453/w=1440	200	260870	public/img/editorials/dsc08453-w1440.webp	image/webp
https://imagedelivery.net/_XdB7bWYK-JWmUTR66I7hQ/editorials/dsc08453/w=1600	200	309884	public/img/editorials/dsc08453-w1600.webp	image/webp
https://imagedelivery.net/_XdB7bWYK-JWmUTR66I7hQ/editorials/dsc08453/w=1920	200	420984	public/img/editorials/dsc08453-w1920.webp	image/webp
https://imagedelivery.net/_XdB7bWYK-JWmUTR66I7hQ/editorials/dsc08453/w=2200	200	533384	public/img/editorials/dsc08453-w2200.webp	image/webp
https://imagedelivery.net/_XdB7bWYK-JWmUTR66I7hQ/editorials/dsc08453/w=2560	200	686492	public/img/editorials/dsc08453-w2560.webp	image/webp
https://imagedelivery.net/_XdB7bWYK-JWmUTR66I7hQ/editorials/dsc08473/w=360	200	11200	public/img/editorials/dsc08473-w360.webp	image/webp
https://imagedelivery.net/_XdB7bWYK-JWmUTR66I7hQ/editorials/dsc08473/w=640	200	37204	public/img/editorials/dsc08473-w640.webp	image/webp
https://imagedelivery.net/_XdB7bWYK-JWmUTR66I7hQ/editorials/dsc08473/w=1024	200	102198	public/img/editorials/dsc08473-w1024.webp	image/webp
https://imagedelivery.net/_XdB7bWYK-JWmUTR66I7hQ/editorials/dsc08473/w=1440	200	227312	public/img/editorials/dsc08473-w1440.webp	image/webp
https://imagedelivery.net/_XdB7bWYK-JWmUTR66I7hQ/editorials/dsc08473/w=1600	200	292888	public/img/editorials/dsc08473-w1600.webp	image/webp
https://imagedelivery.net/_XdB7bWYK-JWmUTR66I7hQ/editorials/dsc08473/w=1920	200	450484	public/img/editorials/dsc08473-w1920.webp	image/webp
https://imagedelivery.net/_XdB7bWYK-JWmUTR66I7hQ/editorials/dsc08473/w=2200	200	617930	public/img/editorials/dsc08473-w2200.webp	image/webp
https://imagedelivery.net/_XdB7bWYK-JWmUTR66I7hQ/editorials/dsc08473/w=2560	200	894686	public/img/editorials/dsc08473-w2560.webp	image/webp
https://imagedelivery.net/_XdB7bWYK-JWmUTR66I7hQ/editorials/dsc08474-edit/w=360	200	26054	public/img/editorials/dsc08474-edit-w360.webp	image/webp
https://imagedelivery.net/_XdB7bWYK-JWmUTR66I7hQ/editorials/dsc08474-edit/w=640	200	73148	public/img/editorials/dsc08474-edit-w640.webp	image/webp
https://imagedelivery.net/_XdB7bWYK-JWmUTR66I7hQ/editorials/dsc08474-edit/w=1024	200	170264	public/img/editorials/dsc08474-edit-w1024.webp	image/webp
https://imagedelivery.net/_XdB7bWYK-JWmUTR66I7hQ/editorials/dsc08474-edit/w=1100	200	193390	public/img/editorials/dsc08474-edit-w1100.webp	image/webp
https://imagedelivery.net/_XdB7bWYK-JWmUTR66I7hQ/editorials/dsc08474-edit/w=1440	200	305750	public/img/editorials/dsc08474-edit-w1440.webp	image/webp
https://imagedelivery.net/_XdB7bWYK-JWmUTR66I7hQ/editorials/dsc08474-edit/w=1600	200	362802	public/img/editorials/dsc08474-edit-w1600.webp	image/webp
https://imagedelivery.net/_XdB7bWYK-JWmUTR66I7hQ/editorials/dsc08474-edit/w=1920	200	494052	public/img/editorials/dsc08474-edit-w1920.webp	image/webp
https://imagedelivery.net/_XdB7bWYK-JWmUTR66I7hQ/editorials/dsc08474-edit/w=2200	200	612344	public/img/editorials/dsc08474-edit-w2200.webp	image/webp
https://imagedelivery.net/_XdB7bWYK-JWmUTR66I7hQ/editorials/dsc08474-edit/w=2560	200	771044	public/img/editorials/dsc08474-edit-w2560.webp	image/webp
https://imagedelivery.net/_XdB7bWYK-JWmUTR66I7hQ/editorials/dsc08495/w=360	200	19646	public/img/editorials/dsc08495-w360.webp	image/webp
https://imagedelivery.net/_XdB7bWYK-JWmUTR66I7hQ/editorials/dsc08495/w=640	200	57290	public/img/editorials/dsc08495-w640.webp	image/webp
https://imagedelivery.net/_XdB7bWYK-JWmUTR66I7hQ/editorials/dsc08495/w=1024	200	153632	public/img/editorials/dsc08495-w1024.webp	image/webp
https://imagedelivery.net/_XdB7bWYK-JWmUTR66I7hQ/editorials/dsc08495/w=1440	200	312658	public/img/editorials/dsc08495-w1440.webp	image/webp
https://imagedelivery.net/_XdB7bWYK-JWmUTR66I7hQ/editorials/dsc08495/w=1600	200	399332	public/img/editorials/dsc08495-w1600.webp	image/webp
https://imagedelivery.net/_XdB7bWYK-JWmUTR66I7hQ/editorials/dsc08495/w=1920	200	588498	public/img/editorials/dsc08495-w1920.webp	image/webp
https://imagedelivery.net/_XdB7bWYK-JWmUTR66I7hQ/editorials/dsc08495/w=2200	200	769688	public/img/editorials/dsc08495-w2200.webp	image/webp
https://imagedelivery.net/_XdB7bWYK-JWmUTR66I7hQ/editorials/dsc08495/w=2560	200	1044350	public/img/editorials/dsc08495-w2560.webp	image/webp
https://imagedelivery.net/_XdB7bWYK-JWmUTR66I7hQ/editorials/dsc08497/w=360	200	21322	public/img/editorials/dsc08497-w360.webp	image/webp
https://imagedelivery.net/_XdB7bWYK-JWmUTR66I7hQ/editorials/dsc08497/w=640	200	56386	public/img/editorials/dsc08497-w640.webp	image/webp
https://imagedelivery.net/_XdB7bWYK-JWmUTR66I7hQ/editorials/dsc08497/w=1024	200	127506	public/img/editorials/dsc08497-w1024.webp	image/webp
https://imagedelivery.net/_XdB7bWYK-JWmUTR66I7hQ/editorials/dsc08497/w=1440	200	218190	public/img/editorials/dsc08497-w1440.webp	image/webp
https://imagedelivery.net/_XdB7bWYK-JWmUTR66I7hQ/editorials/dsc08497/w=1600	200	252640	public/img/editorials/dsc08497-w1600.webp	image/webp
https://imagedelivery.net/_XdB7bWYK-JWmUTR66I7hQ/editorials/dsc08497/w=1920	200	279412	public/img/editorials/dsc08497-w1920.webp	image/webp
https://imagedelivery.net/_XdB7bWYK-JWmUTR66I7hQ/editorials/dsc08497/w=2200	200	279412	public/img/editorials/dsc08497-w2200.webp	image/webp
https://imagedelivery.net/_XdB7bWYK-JWmUTR66I7hQ/editorials/dsc08497/w=2560	200	279412	public/img/editorials/dsc08497-w2560.webp	image/webp
https://imagedelivery.net/_XdB7bWYK-JWmUTR66I7hQ/editorials/dsc08499/w=160	200	2178	public/img/editorials/dsc08499-w160.webp	image/webp
https://imagedelivery.net/_XdB7bWYK-JWmUTR66I7hQ/editorials/dsc08499/w=360	200	8860	public/img/editorials/dsc08499-w360.webp	image/webp
https://imagedelivery.net/_XdB7bWYK-JWmUTR66I7hQ/editorials/dsc08499/w=640	200	31244	public/img/editorials/dsc08499-w640.webp	image/webp
https://imagedelivery.net/_XdB7bWYK-JWmUTR66I7hQ/editorials/dsc08499/w=1024	200	93550	public/img/editorials/dsc08499-w1024.webp	image/webp
https://imagedelivery.net/_XdB7bWYK-JWmUTR66I7hQ/editorials/dsc08499/w=1440	200	193574	public/img/editorials/dsc08499-w1440.webp	image/webp
https://imagedelivery.net/_XdB7bWYK-JWmUTR66I7hQ/editorials/dsc08499/w=1600	200	240758	public/img/editorials/dsc08499-w1600.webp	image/webp
https://imagedelivery.net/_XdB7bWYK-JWmUTR66I7hQ/editorials/dsc08499/w=1920	200	341724	public/img/editorials/dsc08499-w1920.webp	image/webp
https://imagedelivery.net/_XdB7bWYK-JWmUTR66I7hQ/editorials/dsc08499/w=2200	200	444468	public/img/editorials/dsc08499-w2200.webp	image/webp
https://imagedelivery.net/_XdB7bWYK-JWmUTR66I7hQ/editorials/dsc08499/w=2560	200	518494	public/img/editorials/dsc08499-w2560.webp	image/webp
https://imagedelivery.net/_XdB7bWYK-JWmUTR66I7hQ/editorials/dsc08503/w=360	200	10788	public/img/editorials/dsc08503-w360.webp	image/webp
https://imagedelivery.net/_XdB7bWYK-JWmUTR66I7hQ/editorials/dsc08503/w=640	200	24014	public/img/editorials/dsc08503-w640.webp	image/webp
https://imagedelivery.net/_XdB7bWYK-JWmUTR66I7hQ/editorials/dsc08503/w=1024	200	52588	public/img/editorials/dsc08503-w1024.webp	image/webp
https://imagedelivery.net/_XdB7bWYK-JWmUTR66I7hQ/editorials/dsc08503/w=1440	200	100034	public/img/editorials/dsc08503-w1440.webp	image/webp
https://imagedelivery.net/_XdB7bWYK-JWmUTR66I7hQ/editorials/dsc08503/w=1600	200	123158	public/img/editorials/dsc08503-w1600.webp	image/webp
https://imagedelivery.net/_XdB7bWYK-JWmUTR66I7hQ/editorials/dsc08503/w=1920	200	181668	public/img/editorials/dsc08503-w1920.webp	image/webp
https://imagedelivery.net/_XdB7bWYK-JWmUTR66I7hQ/editorials/dsc08503/w=2200	200	242292	public/img/editorials/dsc08503-w2200.webp	image/webp
https://imagedelivery.net/_XdB7bWYK-JWmUTR66I7hQ/editorials/dsc08503/w=2560	200	327340	public/img/editorials/dsc08503-w2560.webp	image/webp
https://imagedelivery.net/_XdB7bWYK-JWmUTR66I7hQ/editorials/dsc08517/w=360	200	58380	public/img/editorials/dsc08517-w360.webp	image/webp
https://imagedelivery.net/_XdB7bWYK-JWmUTR66I7hQ/editorials/dsc08517/w=640	200	209348	public/img/editorials/dsc08517-w640.webp	image/webp
https://imagedelivery.net/_XdB7bWYK-JWmUTR66I7hQ/editorials/dsc08517/w=1024	200	563276	public/img/editorials/dsc08517-w1024.webp	image/webp
https://imagedelivery.net/_XdB7bWYK-JWmUTR66I7hQ/editorials/dsc08517/w=1440	200	1091574	public/img/editorials/dsc08517-w1440.webp	image/webp
https://imagedelivery.net/_XdB7bWYK-JWmUTR66I7hQ/editorials/dsc08517/w=1600	200	1302650	public/img/editorials/dsc08517-w1600.webp	image/webp
https://imagedelivery.net/_XdB7bWYK-JWmUTR66I7hQ/editorials/dsc08517/w=1920	200	1739076	public/img/editorials/dsc08517-w1920.webp	image/webp
https://imagedelivery.net/_XdB7bWYK-JWmUTR66I7hQ/editorials/dsc08517/w=2200	200	2002402	public/img/editorials/dsc08517-w2200.webp	image/webp
https://imagedelivery.net/_XdB7bWYK-JWmUTR66I7hQ/editorials/dsc08517/w=2560	200	2002402	public/img/editorials/dsc08517-w2560.webp	image/webp
https://imagedelivery.net/_XdB7bWYK-JWmUTR66I7hQ/editorials/dsc08549/w=360	200	43664	public/img/editorials/dsc08549-w360.webp	image/webp
https://imagedelivery.net/_XdB7bWYK-JWmUTR66I7hQ/editorials/dsc08549/w=640	200	155898	public/img/editorials/dsc08549-w640.webp	image/webp
https://imagedelivery.net/_XdB7bWYK-JWmUTR66I7hQ/editorials/dsc08549/w=1024	200	422672	public/img/editorials/dsc08549-w1024.webp	image/webp
https://imagedelivery.net/_XdB7bWYK-JWmUTR66I7hQ/editorials/dsc08549/w=1440	200	839714	public/img/editorials/dsc08549-w1440.webp	image/webp
https://imagedelivery.net/_XdB7bWYK-JWmUTR66I7hQ/editorials/dsc08549/w=1600	200	1027668	public/img/editorials/dsc08549-w1600.webp	image/webp
https://imagedelivery.net/_XdB7bWYK-JWmUTR66I7hQ/editorials/dsc08549/w=1920	200	1455858	public/img/editorials/dsc08549-w1920.webp	image/webp
https://imagedelivery.net/_XdB7bWYK-JWmUTR66I7hQ/editorials/dsc08549/w=2200	200	1870772	public/img/editorials/dsc08549-w2200.webp	image/webp
https://imagedelivery.net/_XdB7bWYK-JWmUTR66I7hQ/editorials/dsc08549/w=2560	200	2433420	public/img/editorials/dsc08549-w2560.webp	image/webp
https://imagedelivery.net/_XdB7bWYK-JWmUTR66I7hQ/editorials/dsc08564/w=360	200	30030	public/img/editorials/dsc08564-w360.webp	image/webp
https://imagedelivery.net/_XdB7bWYK-JWmUTR66I7hQ/editorials/dsc08564/w=640	200	76702	public/img/editorials/dsc08564-w640.webp	image/webp
https://imagedelivery.net/_XdB7bWYK-JWmUTR66I7hQ/editorials/dsc08564/w=1024	200	173126	public/img/editorials/dsc08564-w1024.webp	image/webp
https://imagedelivery.net/_XdB7bWYK-JWmUTR66I7hQ/editorials/dsc08564/w=1440	200	317354	public/img/editorials/dsc08564-w1440.webp	image/webp
https://imagedelivery.net/_XdB7bWYK-JWmUTR66I7hQ/editorials/dsc08564/w=1600	200	391678	public/img/editorials/dsc08564-w1600.webp	image/webp
https://imagedelivery.net/_XdB7bWYK-JWmUTR66I7hQ/editorials/dsc08564/w=1920	200	567346	public/img/editorials/dsc08564-w1920.webp	image/webp
https://imagedelivery.net/_XdB7bWYK-JWmUTR66I7hQ/editorials/dsc08564/w=2200	200	746258	public/img/editorials/dsc08564-w2200.webp	image/webp
https://imagedelivery.net/_XdB7bWYK-JWmUTR66I7hQ/editorials/dsc08564/w=2560	200	997992	public/img/editorials/dsc08564-w2560.webp	image/webp
https://imagedelivery.net/_XdB7bWYK-JWmUTR66I7hQ/editorials/dsc08590/w=360	200	39984	public/img/editorials/dsc08590-w360.webp	image/webp
https://imagedelivery.net/_XdB7bWYK-JWmUTR66I7hQ/editorials/dsc08590/w=640	200	103688	public/img/editorials/dsc08590-w640.webp	image/webp
https://imagedelivery.net/_XdB7bWYK-JWmUTR66I7hQ/editorials/dsc08590/w=1024	200	231282	public/img/editorials/dsc08590-w1024.webp	image/webp
https://imagedelivery.net/_XdB7bWYK-JWmUTR66I7hQ/editorials/dsc08590/w=1440	200	423194	public/img/editorials/dsc08590-w1440.webp	image/webp
https://imagedelivery.net/_XdB7bWYK-JWmUTR66I7hQ/editorials/dsc08590/w=1600	200	511246	public/img/editorials/dsc08590-w1600.webp	image/webp
https://imagedelivery.net/_XdB7bWYK-JWmUTR66I7hQ/editorials/dsc08590/w=1920	200	709456	public/img/editorials/dsc08590-w1920.webp	image/webp
https://imagedelivery.net/_XdB7bWYK-JWmUTR66I7hQ/editorials/dsc08590/w=2200	200	887758	public/img/editorials/dsc08590-w2200.webp	image/webp
https://imagedelivery.net/_XdB7bWYK-JWmUTR66I7hQ/editorials/dsc08590/w=2560	200	1148602	public/img/editorials/dsc08590-w2560.webp	image/webp
https://imagedelivery.net/_XdB7bWYK-JWmUTR66I7hQ/editorials/dsc08623/w=360	200	14716	public/img/editorials/dsc08623-w360.webp	image/webp
https://imagedelivery.net/_XdB7bWYK-JWmUTR66I7hQ/editorials/dsc08623/w=640	200	36934	public/img/editorials/dsc08623-w640.webp	image/webp
https://imagedelivery.net/_XdB7bWYK-JWmUTR66I7hQ/editorials/dsc08623/w=1024	200	106650	public/img/editorials/dsc08623-w1024.webp	image/webp
https://imagedelivery.net/_XdB7bWYK-JWmUTR66I7hQ/editorials/dsc08623/w=1440	200	249560	public/img/editorials/dsc08623-w1440.webp	image/webp
https://imagedelivery.net/_XdB7bWYK-JWmUTR66I7hQ/editorials/dsc08623/w=1600	200	343390	public/img/editorials/dsc08623-w1600.webp	image/webp
https://imagedelivery.net/_XdB7bWYK-JWmUTR66I7hQ/editorials/dsc08623/w=1920	200	594058	public/img/editorials/dsc08623-w1920.webp	image/webp
https://imagedelivery.net/_XdB7bWYK-JWmUTR66I7hQ/editorials/dsc08623/w=2200	200	868590	public/img/editorials/dsc08623-w2200.webp	image/webp
https://imagedelivery.net/_XdB7bWYK-JWmUTR66I7hQ/editorials/dsc08623/w=2560	200	1252912	public/img/editorials/dsc08623-w2560.webp	image/webp
https://imagedelivery.net/_XdB7bWYK-JWmUTR66I7hQ/editorials/dsc08644/w=360	200	22878	public/img/editorials/dsc08644-w360.webp	image/webp
https://imagedelivery.net/_XdB7bWYK-JWmUTR66I7hQ/editorials/dsc08644/w=640	200	59972	public/img/editorials/dsc08644-w640.webp	image/webp
https://imagedelivery.net/_XdB7bWYK-JWmUTR66I7hQ/editorials/dsc08644/w=1024	200	151798	public/img/editorials/dsc08644-w1024.webp	image/webp
https://imagedelivery.net/_XdB7bWYK-JWmUTR66I7hQ/editorials/dsc08644/w=1440	200	356498	public/img/editorials/dsc08644-w1440.webp	image/webp
https://imagedelivery.net/_XdB7bWYK-JWmUTR66I7hQ/editorials/dsc08644/w=1600	200	476510	public/img/editorials/dsc08644-w1600.webp	image/webp
https://imagedelivery.net/_XdB7bWYK-JWmUTR66I7hQ/editorials/dsc08644/w=1920	200	768886	public/img/editorials/dsc08644-w1920.webp	image/webp
https://imagedelivery.net/_XdB7bWYK-JWmUTR66I7hQ/editorials/dsc08644/w=2200	200	1072262	public/img/editorials/dsc08644-w2200.webp	image/webp
https://imagedelivery.net/_XdB7bWYK-JWmUTR66I7hQ/editorials/dsc08644/w=2560	200	1498340	public/img/editorials/dsc08644-w2560.webp	image/webp
https://imagedelivery.net/_XdB7bWYK-JWmUTR66I7hQ/editorials/dsc08749/w=360	200	22158	public/img/editorials/dsc08749-w360.webp	image/webp
https://imagedelivery.net/_XdB7bWYK-JWmUTR66I7hQ/editorials/dsc08749/w=760	200	67998	public/img/editorials/dsc08749-w760.webp	image/webp
https://imagedelivery.net/_XdB7bWYK-JWmUTR66I7hQ/editorials/dsc08749/w=1100	200	115858	public/img/editorials/dsc08749-w1100.webp	image/webp
https://imagedelivery.net/_XdB7bWYK-JWmUTR66I7hQ/editorials/dsc08749/w=1600	200	205970	public/img/editorials/dsc08749-w1600.webp	image/webp
https://imagedelivery.net/_XdB7bWYK-JWmUTR66I7hQ/editorials/dsc08749/w=2200	200	356670	public/img/editorials/dsc08749-w2200.webp	image/webp
https://imagedelivery.net/_XdB7bWYK-JWmUTR66I7hQ/editorials/dsc08765/w=360	200	11184	public/img/editorials/dsc08765-w360.webp	image/webp
https://imagedelivery.net/_XdB7bWYK-JWmUTR66I7hQ/editorials/dsc08765/w=760	200	32202	public/img/editorials/dsc08765-w760.webp	image/webp
https://imagedelivery.net/_XdB7bWYK-JWmUTR66I7hQ/editorials/dsc08765/w=1600	200	103026	public/img/editorials/dsc08765-w1600.webp	image/webp
https://imagedelivery.net/_XdB7bWYK-JWmUTR66I7hQ/editorials/dsc08765/w=2200	200	219314	public/img/editorials/dsc08765-w2200.webp	image/webp
https://imagedelivery.net/_XdB7bWYK-JWmUTR66I7hQ/editorials/dsc08826/w=360	200	7086	public/img/editorials/dsc08826-w360.webp	image/webp
https://imagedelivery.net/_XdB7bWYK-JWmUTR66I7hQ/editorials/dsc08826/w=640	200	15900	public/img/editorials/dsc08826-w640.webp	image/webp
https://imagedelivery.net/_XdB7bWYK-JWmUTR66I7hQ/editorials/dsc08826/w=1024	200	36592	public/img/editorials/dsc08826-w1024.webp	image/webp
https://imagedelivery.net/_XdB7bWYK-JWmUTR66I7hQ/editorials/dsc08826/w=1440	200	97936	public/img/editorials/dsc08826-w1440.webp	image/webp
https://imagedelivery.net/_XdB7bWYK-JWmUTR66I7hQ/editorials/dsc08826/w=1600	200	143176	public/img/editorials/dsc08826-w1600.webp	image/webp
https://imagedelivery.net/_XdB7bWYK-JWmUTR66I7hQ/editorials/dsc08826/w=1920	200	273410	public/img/editorials/dsc08826-w1920.webp	image/webp
https://imagedelivery.net/_XdB7bWYK-JWmUTR66I7hQ/editorials/dsc08826/w=2200	200	421304	public/img/editorials/dsc08826-w2200.webp	image/webp
https://imagedelivery.net/_XdB7bWYK-JWmUTR66I7hQ/editorials/dsc08826/w=2560	200	647296	public/img/editorials/dsc08826-w2560.webp	image/webp
https://imagedelivery.net/_XdB7bWYK-JWmUTR66I7hQ/editorials/dsc08850/w=360	200	30794	public/img/editorials/dsc08850-w360.webp	image/webp
https://imagedelivery.net/_XdB7bWYK-JWmUTR66I7hQ/editorials/dsc08850/w=760	200	120852	public/img/editorials/dsc08850-w760.webp	image/webp
https://imagedelivery.net/_XdB7bWYK-JWmUTR66I7hQ/editorials/dsc08850/w=1100	200	257352	public/img/editorials/dsc08850-w1100.webp	image/webp
https://imagedelivery.net/_XdB7bWYK-JWmUTR66I7hQ/editorials/dsc08850/w=1600	200	578772	public/img/editorials/dsc08850-w1600.webp	image/webp
https://imagedelivery.net/_XdB7bWYK-JWmUTR66I7hQ/editorials/dsc08850/w=2200	200	1135358	public/img/editorials/dsc08850-w2200.webp	image/webp
https://imagedelivery.net/_XdB7bWYK-JWmUTR66I7hQ/editorials/dsc09411/w=360	200	3634	public/img/editorials/dsc09411-w360.webp	image/webp
https://imagedelivery.net/_XdB7bWYK-JWmUTR66I7hQ/editorials/dsc09411/w=760	200	12174	public/img/editorials/dsc09411-w760.webp	image/webp
https://imagedelivery.net/_XdB7bWYK-JWmUTR66I7hQ/editorials/dsc09411/w=1600	200	138260	public/img/editorials/dsc09411-w1600.webp	image/webp
https://imagedelivery.net/_XdB7bWYK-JWmUTR66I7hQ/editorials/dsc09411/w=2200	200	339586	public/img/editorials/dsc09411-w2200.webp	image/webp
https://imagedelivery.net/_XdB7bWYK-JWmUTR66I7hQ/editorials/dsc09933/w=360	200	39110	public/img/editorials/dsc09933-w360.webp	image/webp
https://imagedelivery.net/_XdB7bWYK-JWmUTR66I7hQ/editorials/dsc09933/w=480	200	73106	public/img/editorials/dsc09933-w480.webp	image/webp
https://imagedelivery.net/_XdB7bWYK-JWmUTR66I7hQ/editorials/dsc09933/w=760	200	176182	public/img/editorials/dsc09933-w760.webp	image/webp
https://imagedelivery.net/_XdB7bWYK-JWmUTR66I7hQ/editorials/dsc09933/w=800	200	202854	public/img/editorials/dsc09933-w800.webp	image/webp
https://imagedelivery.net/_XdB7bWYK-JWmUTR66I7hQ/editorials/dsc09933/w=1100	200	378384	public/img/editorials/dsc09933-w1100.webp	image/webp
https://imagedelivery.net/_XdB7bWYK-JWmUTR66I7hQ/editorials/dsc09933/w=1200	200	450978	public/img/editorials/dsc09933-w1200.webp	image/webp
https://imagedelivery.net/_XdB7bWYK-JWmUTR66I7hQ/editorials/dsc09933/w=1600	200	813874	public/img/editorials/dsc09933-w1600.webp	image/webp
https://imagedelivery.net/_XdB7bWYK-JWmUTR66I7hQ/editorials/dsc09933/w=2200	200	1541910	public/img/editorials/dsc09933-w2200.webp	image/webp
https://imagedelivery.net/_XdB7bWYK-JWmUTR66I7hQ/editorials/img-1638/w=360	200	71754	public/img/editorials/img-1638-w360.webp	image/webp
https://imagedelivery.net/_XdB7bWYK-JWmUTR66I7hQ/editorials/img-1638/w=480	200	118086	public/img/editorials/img-1638-w480.webp	image/webp
https://imagedelivery.net/_XdB7bWYK-JWmUTR66I7hQ/editorials/img-1638/w=760	200	250534	public/img/editorials/img-1638-w760.webp	image/webp
https://imagedelivery.net/_XdB7bWYK-JWmUTR66I7hQ/editorials/img-1638/w=800	200	269786	public/img/editorials/img-1638-w800.webp	image/webp
https://imagedelivery.net/_XdB7bWYK-JWmUTR66I7hQ/editorials/img-1638/w=1100	200	426304	public/img/editorials/img-1638-w1100.webp	image/webp
https://imagedelivery.net/_XdB7bWYK-JWmUTR66I7hQ/editorials/img-1638/w=1200	200	479726	public/img/editorials/img-1638-w1200.webp	image/webp
https://imagedelivery.net/_XdB7bWYK-JWmUTR66I7hQ/editorials/img-1638/w=1600	200	712246	public/img/editorials/img-1638-w1600.webp	image/webp
https://imagedelivery.net/_XdB7bWYK-JWmUTR66I7hQ/editorials/img-1638/w=2200	200	1099804	public/img/editorials/img-1638-w2200.webp	image/webp
https://imagedelivery.net/_XdB7bWYK-JWmUTR66I7hQ/editorials/img-1848/w=360	200	72904	public/img/editorials/img-1848-w360.webp	image/webp
https://imagedelivery.net/_XdB7bWYK-JWmUTR66I7hQ/editorials/img-1848/w=760	200	237458	public/img/editorials/img-1848-w760.webp	image/webp
https://imagedelivery.net/_XdB7bWYK-JWmUTR66I7hQ/editorials/img-1848/w=1600	200	681902	public/img/editorials/img-1848-w1600.webp	image/webp
https://imagedelivery.net/_XdB7bWYK-JWmUTR66I7hQ/editorials/img-1848/w=2200	200	1107452	public/img/editorials/img-1848-w2200.webp	image/webp
https://imagedelivery.net/_XdB7bWYK-JWmUTR66I7hQ/editorials/img-1953/w=360	200	56636	public/img/editorials/img-1953-w360.webp	image/webp
https://imagedelivery.net/_XdB7bWYK-JWmUTR66I7hQ/editorials/img-1953/w=760	200	217600	public/img/editorials/img-1953-w760.webp	image/webp
https://imagedelivery.net/_XdB7bWYK-JWmUTR66I7hQ/editorials/img-1953/w=1100	200	396400	public/img/editorials/img-1953-w1100.webp	image/webp
https://imagedelivery.net/_XdB7bWYK-JWmUTR66I7hQ/editorials/img-1953/w=1600	200	707284	public/img/editorials/img-1953-w1600.webp	image/webp
https://imagedelivery.net/_XdB7bWYK-JWmUTR66I7hQ/editorials/img-1953/w=2200	200	1140458	public/img/editorials/img-1953-w2200.webp	image/webp
https://imagedelivery.net/_XdB7bWYK-JWmUTR66I7hQ/editorials/img-3364/w=360	200	10942	public/img/editorials/img-3364-w360.webp	image/webp
https://imagedelivery.net/_XdB7bWYK-JWmUTR66I7hQ/editorials/img-3364/w=760	200	34514	public/img/editorials/img-3364-w760.webp	image/webp
https://imagedelivery.net/_XdB7bWYK-JWmUTR66I7hQ/editorials/img-3364/w=1100	200	77130	public/img/editorials/img-3364-w1100.webp	image/webp
https://imagedelivery.net/_XdB7bWYK-JWmUTR66I7hQ/editorials/img-3364/w=1600	200	187808	public/img/editorials/img-3364-w1600.webp	image/webp
https://imagedelivery.net/_XdB7bWYK-JWmUTR66I7hQ/editorials/img-3364/w=2200	200	353546	public/img/editorials/img-3364-w2200.webp	image/webp
https://imagedelivery.net/_XdB7bWYK-JWmUTR66I7hQ/editorials/img-3464/w=360	200	20128	public/img/editorials/img-3464-w360.webp	image/webp
https://imagedelivery.net/_XdB7bWYK-JWmUTR66I7hQ/editorials/img-3464/w=760	200	89780	public/img/editorials/img-3464-w760.webp	image/webp
https://imagedelivery.net/_XdB7bWYK-JWmUTR66I7hQ/editorials/img-3464/w=1600	200	375410	public/img/editorials/img-3464-w1600.webp	image/webp
https://imagedelivery.net/_XdB7bWYK-JWmUTR66I7hQ/editorials/img-3464/w=2200	200	612038	public/img/editorials/img-3464-w2200.webp	image/webp
https://imagedelivery.net/_XdB7bWYK-JWmUTR66I7hQ/editorials/the-heel/w=360	200	15120	public/img/editorials/the-heel-w360.webp	image/webp
https://imagedelivery.net/_XdB7bWYK-JWmUTR66I7hQ/editorials/the-heel/w=640	200	42294	public/img/editorials/the-heel-w640.webp	image/webp
https://imagedelivery.net/_XdB7bWYK-JWmUTR66I7hQ/editorials/the-heel/w=760	200	57412	public/img/editorials/the-heel-w760.webp	image/webp
https://imagedelivery.net/_XdB7bWYK-JWmUTR66I7hQ/editorials/the-heel/w=1024	200	98134	public/img/editorials/the-heel-w1024.webp	image/webp
https://imagedelivery.net/_XdB7bWYK-JWmUTR66I7hQ/editorials/the-heel/w=1100	200	111152	public/img/editorials/the-heel-w1100.webp	image/webp
https://imagedelivery.net/_XdB7bWYK-JWmUTR66I7hQ/editorials/the-heel/w=1200	200	129288	public/img/editorials/the-heel-w1200.webp	image/webp
https://imagedelivery.net/_XdB7bWYK-JWmUTR66I7hQ/editorials/the-heel/w=1280	200	143598	public/img/editorials/the-heel-w1280.webp	image/webp
https://imagedelivery.net/_XdB7bWYK-JWmUTR66I7hQ/editorials/the-heel/w=1440	200	173166	public/img/editorials/the-heel-w1440.webp	image/webp
https://imagedelivery.net/_XdB7bWYK-JWmUTR66I7hQ/editorials/the-heel/w=1600	200	194212	public/img/editorials/the-heel-w1600.webp	image/webp
https://imagedelivery.net/_XdB7bWYK-JWmUTR66I7hQ/editorials/the-heel/w=1920	200	194212	public/img/editorials/the-heel-w1920.webp	image/webp
https://imagedelivery.net/_XdB7bWYK-JWmUTR66I7hQ/editorials/the-heel/w=2200	200	194212	public/img/editorials/the-heel-w2200.webp	image/webp
https://imagedelivery.net/_XdB7bWYK-JWmUTR66I7hQ/editorials/the-heel/w=2560	200	194212	public/img/editorials/the-heel-w2560.webp	image/webp
https://imagedelivery.net/_XdB7bWYK-JWmUTR66I7hQ/engagements/dsc00065/w=160	200	5774	public/img/engagements/dsc00065-w160.webp	image/webp
https://imagedelivery.net/_XdB7bWYK-JWmUTR66I7hQ/engagements/dsc00065/w=360	200	21270	public/img/engagements/dsc00065-w360.webp	image/webp
https://imagedelivery.net/_XdB7bWYK-JWmUTR66I7hQ/engagements/dsc00065/w=640	200	50726	public/img/engagements/dsc00065-w640.webp	image/webp
https://imagedelivery.net/_XdB7bWYK-JWmUTR66I7hQ/engagements/dsc00065/w=1024	200	104382	public/img/engagements/dsc00065-w1024.webp	image/webp
https://imagedelivery.net/_XdB7bWYK-JWmUTR66I7hQ/engagements/dsc00065/w=1100	200	115812	public/img/engagements/dsc00065-w1100.webp	image/webp
https://imagedelivery.net/_XdB7bWYK-JWmUTR66I7hQ/engagements/dsc00065/w=1280	200	144204	public/img/engagements/dsc00065-w1280.webp	image/webp
https://imagedelivery.net/_XdB7bWYK-JWmUTR66I7hQ/engagements/dsc00065/w=1400	200	160292	public/img/engagements/dsc00065-w1400.webp	image/webp
https://imagedelivery.net/_XdB7bWYK-JWmUTR66I7hQ/engagements/dsc00065/w=1440	200	168520	public/img/engagements/dsc00065-w1440.webp	image/webp
https://imagedelivery.net/_XdB7bWYK-JWmUTR66I7hQ/engagements/dsc00065/w=1600	200	189546	public/img/engagements/dsc00065-w1600.webp	image/webp
https://imagedelivery.net/_XdB7bWYK-JWmUTR66I7hQ/engagements/dsc00065/w=1920	200	244546	public/img/engagements/dsc00065-w1920.webp	image/webp
https://imagedelivery.net/_XdB7bWYK-JWmUTR66I7hQ/engagements/dsc00065/w=2560	200	360124	public/img/engagements/dsc00065-w2560.webp	image/webp
https://imagedelivery.net/_XdB7bWYK-JWmUTR66I7hQ/engagements/dsc00359/w=360	200	8012	public/img/engagements/dsc00359-w360.webp	image/webp
https://imagedelivery.net/_XdB7bWYK-JWmUTR66I7hQ/engagements/dsc00359/w=640	200	18810	public/img/engagements/dsc00359-w640.webp	image/webp
https://imagedelivery.net/_XdB7bWYK-JWmUTR66I7hQ/engagements/dsc00359/w=1024	200	39964	public/img/engagements/dsc00359-w1024.webp	image/webp
https://imagedelivery.net/_XdB7bWYK-JWmUTR66I7hQ/engagements/dsc00359/w=1280	200	57698	public/img/engagements/dsc00359-w1280.webp	image/webp
https://imagedelivery.net/_XdB7bWYK-JWmUTR66I7hQ/engagements/dsc00359/w=1440	200	69756	public/img/engagements/dsc00359-w1440.webp	image/webp
https://imagedelivery.net/_XdB7bWYK-JWmUTR66I7hQ/engagements/dsc00359/w=1600	200	82948	public/img/engagements/dsc00359-w1600.webp	image/webp
https://imagedelivery.net/_XdB7bWYK-JWmUTR66I7hQ/engagements/dsc00359/w=1920	200	110890	public/img/engagements/dsc00359-w1920.webp	image/webp
https://imagedelivery.net/_XdB7bWYK-JWmUTR66I7hQ/engagements/dsc00359/w=2000	200	119964	public/img/engagements/dsc00359-w2000.webp	image/webp
https://imagedelivery.net/_XdB7bWYK-JWmUTR66I7hQ/engagements/dsc00359/w=2560	200	177530	public/img/engagements/dsc00359-w2560.webp	image/webp
https://imagedelivery.net/_XdB7bWYK-JWmUTR66I7hQ/engagements/dsc00360/w=360	200	37362	public/img/engagements/dsc00360-w360.webp	image/webp
https://imagedelivery.net/_XdB7bWYK-JWmUTR66I7hQ/engagements/dsc00360/w=640	200	94282	public/img/engagements/dsc00360-w640.webp	image/webp
https://imagedelivery.net/_XdB7bWYK-JWmUTR66I7hQ/engagements/dsc00360/w=1024	200	192636	public/img/engagements/dsc00360-w1024.webp	image/webp
https://imagedelivery.net/_XdB7bWYK-JWmUTR66I7hQ/engagements/dsc00360/w=1400	200	304882	public/img/engagements/dsc00360-w1400.webp	image/webp
https://imagedelivery.net/_XdB7bWYK-JWmUTR66I7hQ/engagements/dsc00360/w=1440	200	316134	public/img/engagements/dsc00360-w1440.webp	image/webp
https://imagedelivery.net/_XdB7bWYK-JWmUTR66I7hQ/engagements/dsc00360/w=1600	200	364262	public/img/engagements/dsc00360-w1600.webp	image/webp
https://imagedelivery.net/_XdB7bWYK-JWmUTR66I7hQ/engagements/dsc00360/w=1920	200	469290	public/img/engagements/dsc00360-w1920.webp	image/webp
https://imagedelivery.net/_XdB7bWYK-JWmUTR66I7hQ/engagements/dsc00360/w=2560	200	692404	public/img/engagements/dsc00360-w2560.webp	image/webp
https://imagedelivery.net/_XdB7bWYK-JWmUTR66I7hQ/engagements/dsc00688/w=360	200	10376	public/img/engagements/dsc00688-w360.webp	image/webp
https://imagedelivery.net/_XdB7bWYK-JWmUTR66I7hQ/engagements/dsc00688/w=640	200	25294	public/img/engagements/dsc00688-w640.webp	image/webp
https://imagedelivery.net/_XdB7bWYK-JWmUTR66I7hQ/engagements/dsc00688/w=1024	200	52438	public/img/engagements/dsc00688-w1024.webp	image/webp
https://imagedelivery.net/_XdB7bWYK-JWmUTR66I7hQ/engagements/dsc00688/w=1400	200	82900	public/img/engagements/dsc00688-w1400.webp	image/webp
https://imagedelivery.net/_XdB7bWYK-JWmUTR66I7hQ/engagements/dsc00688/w=1440	200	85732	public/img/engagements/dsc00688-w1440.webp	image/webp
https://imagedelivery.net/_XdB7bWYK-JWmUTR66I7hQ/engagements/dsc00688/w=1600	200	99248	public/img/engagements/dsc00688-w1600.webp	image/webp
https://imagedelivery.net/_XdB7bWYK-JWmUTR66I7hQ/engagements/dsc00688/w=1920	200	127316	public/img/engagements/dsc00688-w1920.webp	image/webp
https://imagedelivery.net/_XdB7bWYK-JWmUTR66I7hQ/engagements/dsc00688/w=2560	200	186484	public/img/engagements/dsc00688-w2560.webp	image/webp
https://imagedelivery.net/_XdB7bWYK-JWmUTR66I7hQ/engagements/dsc01067-2/w=360	200	35800	public/img/engagements/dsc01067-2-w360.webp	image/webp
https://imagedelivery.net/_XdB7bWYK-JWmUTR66I7hQ/engagements/dsc01067-2/w=640	200	90982	public/img/engagements/dsc01067-2-w640.webp	image/webp
https://imagedelivery.net/_XdB7bWYK-JWmUTR66I7hQ/engagements/dsc01067-2/w=1024	200	195848	public/img/engagements/dsc01067-2-w1024.webp	image/webp
https://imagedelivery.net/_XdB7bWYK-JWmUTR66I7hQ/engagements/dsc01067-2/w=1400	200	368830	public/img/engagements/dsc01067-2-w1400.webp	image/webp
https://imagedelivery.net/_XdB7bWYK-JWmUTR66I7hQ/engagements/dsc01067-2/w=1440	200	390450	public/img/engagements/dsc01067-2-w1440.webp	image/webp
https://imagedelivery.net/_XdB7bWYK-JWmUTR66I7hQ/engagements/dsc01067-2/w=1600	200	498662	public/img/engagements/dsc01067-2-w1600.webp	image/webp
https://imagedelivery.net/_XdB7bWYK-JWmUTR66I7hQ/engagements/dsc01067-2/w=1920	200	764668	public/img/engagements/dsc01067-2-w1920.webp	image/webp
https://imagedelivery.net/_XdB7bWYK-JWmUTR66I7hQ/engagements/dsc01067-2/w=2560	200	1405718	public/img/engagements/dsc01067-2-w2560.webp	image/webp
https://imagedelivery.net/_XdB7bWYK-JWmUTR66I7hQ/engagements/dsc01107-2/w=360	200	42770	public/img/engagements/dsc01107-2-w360.webp	image/webp
https://imagedelivery.net/_XdB7bWYK-JWmUTR66I7hQ/engagements/dsc01107-2/w=640	200	104878	public/img/engagements/dsc01107-2-w640.webp	image/webp
https://imagedelivery.net/_XdB7bWYK-JWmUTR66I7hQ/engagements/dsc01107-2/w=1024	200	204770	public/img/engagements/dsc01107-2-w1024.webp	image/webp
https://imagedelivery.net/_XdB7bWYK-JWmUTR66I7hQ/engagements/dsc01107-2/w=1100	200	230214	public/img/engagements/dsc01107-2-w1100.webp	image/webp
https://imagedelivery.net/_XdB7bWYK-JWmUTR66I7hQ/engagements/dsc01107-2/w=1400	200	351932	public/img/engagements/dsc01107-2-w1400.webp	image/webp
https://imagedelivery.net/_XdB7bWYK-JWmUTR66I7hQ/engagements/dsc01107-2/w=1440	200	375182	public/img/engagements/dsc01107-2-w1440.webp	image/webp
https://imagedelivery.net/_XdB7bWYK-JWmUTR66I7hQ/engagements/dsc01107-2/w=1600	200	472370	public/img/engagements/dsc01107-2-w1600.webp	image/webp
https://imagedelivery.net/_XdB7bWYK-JWmUTR66I7hQ/engagements/dsc01107-2/w=1920	200	700510	public/img/engagements/dsc01107-2-w1920.webp	image/webp
https://imagedelivery.net/_XdB7bWYK-JWmUTR66I7hQ/engagements/dsc01107-2/w=2560	200	1309668	public/img/engagements/dsc01107-2-w2560.webp	image/webp
https://imagedelivery.net/_XdB7bWYK-JWmUTR66I7hQ/engagements/dsc01296-2-edit/w=360	200	13890	public/img/engagements/dsc01296-2-edit-w360.webp	image/webp
https://imagedelivery.net/_XdB7bWYK-JWmUTR66I7hQ/engagements/dsc01296-2-edit/w=640	200	34156	public/img/engagements/dsc01296-2-edit-w640.webp	image/webp
https://imagedelivery.net/_XdB7bWYK-JWmUTR66I7hQ/engagements/dsc01296-2-edit/w=1024	200	72738	public/img/engagements/dsc01296-2-edit-w1024.webp	image/webp
https://imagedelivery.net/_XdB7bWYK-JWmUTR66I7hQ/engagements/dsc01296-2-edit/w=1280	200	110942	public/img/engagements/dsc01296-2-edit-w1280.webp	image/webp
https://imagedelivery.net/_XdB7bWYK-JWmUTR66I7hQ/engagements/dsc01296-2-edit/w=1440	200	142510	public/img/engagements/dsc01296-2-edit-w1440.webp	image/webp
https://imagedelivery.net/_XdB7bWYK-JWmUTR66I7hQ/engagements/dsc01296-2-edit/w=1600	200	176418	public/img/engagements/dsc01296-2-edit-w1600.webp	image/webp
https://imagedelivery.net/_XdB7bWYK-JWmUTR66I7hQ/engagements/dsc01296-2-edit/w=1920	200	255974	public/img/engagements/dsc01296-2-edit-w1920.webp	image/webp
https://imagedelivery.net/_XdB7bWYK-JWmUTR66I7hQ/engagements/dsc01296-2-edit/w=2000	200	281024	public/img/engagements/dsc01296-2-edit-w2000.webp	image/webp
https://imagedelivery.net/_XdB7bWYK-JWmUTR66I7hQ/engagements/dsc01296-2-edit/w=2560	200	448580	public/img/engagements/dsc01296-2-edit-w2560.webp	image/webp
https://imagedelivery.net/_XdB7bWYK-JWmUTR66I7hQ/engagements/dsc01297/w=360	200	11676	public/img/engagements/dsc01297-w360.webp	image/webp
https://imagedelivery.net/_XdB7bWYK-JWmUTR66I7hQ/engagements/dsc01297/w=640	200	29030	public/img/engagements/dsc01297-w640.webp	image/webp
https://imagedelivery.net/_XdB7bWYK-JWmUTR66I7hQ/engagements/dsc01297/w=1024	200	58384	public/img/engagements/dsc01297-w1024.webp	image/webp
https://imagedelivery.net/_XdB7bWYK-JWmUTR66I7hQ/engagements/dsc01297/w=1200	200	85716	public/img/engagements/dsc01297-w1200.webp	image/webp
https://imagedelivery.net/_XdB7bWYK-JWmUTR66I7hQ/engagements/dsc01297/w=1440	200	126508	public/img/engagements/dsc01297-w1440.webp	image/webp
https://imagedelivery.net/_XdB7bWYK-JWmUTR66I7hQ/engagements/dsc01297/w=1600	200	145248	public/img/engagements/dsc01297-w1600.webp	image/webp
https://imagedelivery.net/_XdB7bWYK-JWmUTR66I7hQ/engagements/dsc01297/w=1920	200	214932	public/img/engagements/dsc01297-w1920.webp	image/webp
https://imagedelivery.net/_XdB7bWYK-JWmUTR66I7hQ/engagements/dsc01297/w=2560	200	389326	public/img/engagements/dsc01297-w2560.webp	image/webp
https://imagedelivery.net/_XdB7bWYK-JWmUTR66I7hQ/engagements/dsc01316/w=360	200	46532	public/img/engagements/dsc01316-w360.webp	image/webp
https://imagedelivery.net/_XdB7bWYK-JWmUTR66I7hQ/engagements/dsc01316/w=640	200	146298	public/img/engagements/dsc01316-w640.webp	image/webp
https://imagedelivery.net/_XdB7bWYK-JWmUTR66I7hQ/engagements/dsc01316/w=1024	200	352692	public/img/engagements/dsc01316-w1024.webp	image/webp
https://imagedelivery.net/_XdB7bWYK-JWmUTR66I7hQ/engagements/dsc01316/w=1300	200	529698	public/img/engagements/dsc01316-w1300.webp	image/webp
https://imagedelivery.net/_XdB7bWYK-JWmUTR66I7hQ/engagements/dsc01316/w=1440	200	627800	public/img/engagements/dsc01316-w1440.webp	image/webp
https://imagedelivery.net/_XdB7bWYK-JWmUTR66I7hQ/engagements/dsc01316/w=1600	200	733454	public/img/engagements/dsc01316-w1600.webp	image/webp
https://imagedelivery.net/_XdB7bWYK-JWmUTR66I7hQ/engagements/dsc01316/w=1920	200	949890	public/img/engagements/dsc01316-w1920.webp	image/webp
https://imagedelivery.net/_XdB7bWYK-JWmUTR66I7hQ/engagements/dsc01316/w=2560	200	1411600	public/img/engagements/dsc01316-w2560.webp	image/webp
https://imagedelivery.net/_XdB7bWYK-JWmUTR66I7hQ/engagements/dsc01329/w=360	200	43404	public/img/engagements/dsc01329-w360.webp	image/webp
https://imagedelivery.net/_XdB7bWYK-JWmUTR66I7hQ/engagements/dsc01329/w=480	200	64902	public/img/engagements/dsc01329-w480.webp	image/webp
https://imagedelivery.net/_XdB7bWYK-JWmUTR66I7hQ/engagements/dsc01329/w=640	200	102268	public/img/engagements/dsc01329-w640.webp	image/webp
https://imagedelivery.net/_XdB7bWYK-JWmUTR66I7hQ/engagements/dsc01329/w=800	200	154944	public/img/engagements/dsc01329-w800.webp	image/webp
https://imagedelivery.net/_XdB7bWYK-JWmUTR66I7hQ/engagements/dsc01329/w=1024	200	256138	public/img/engagements/dsc01329-w1024.webp	image/webp
https://imagedelivery.net/_XdB7bWYK-JWmUTR66I7hQ/engagements/dsc01329/w=1200	200	362426	public/img/engagements/dsc01329-w1200.webp	image/webp
https://imagedelivery.net/_XdB7bWYK-JWmUTR66I7hQ/engagements/dsc01329/w=1400	200	513108	public/img/engagements/dsc01329-w1400.webp	image/webp
https://imagedelivery.net/_XdB7bWYK-JWmUTR66I7hQ/engagements/dsc01329/w=1440	200	546234	public/img/engagements/dsc01329-w1440.webp	image/webp
https://imagedelivery.net/_XdB7bWYK-JWmUTR66I7hQ/engagements/dsc01329/w=1600	200	679154	public/img/engagements/dsc01329-w1600.webp	image/webp
https://imagedelivery.net/_XdB7bWYK-JWmUTR66I7hQ/engagements/dsc01329/w=1920	200	999188	public/img/engagements/dsc01329-w1920.webp	image/webp
https://imagedelivery.net/_XdB7bWYK-JWmUTR66I7hQ/engagements/dsc01329/w=2560	200	1588996	public/img/engagements/dsc01329-w2560.webp	image/webp
https://imagedelivery.net/_XdB7bWYK-JWmUTR66I7hQ/engagements/dsc01344-2/w=360	200	27772	public/img/engagements/dsc01344-2-w360.webp	image/webp
https://imagedelivery.net/_XdB7bWYK-JWmUTR66I7hQ/engagements/dsc01344-2/w=480	200	43562	public/img/engagements/dsc01344-2-w480.webp	image/webp
https://imagedelivery.net/_XdB7bWYK-JWmUTR66I7hQ/engagements/dsc01344-2/w=640	200	67462	public/img/engagements/dsc01344-2-w640.webp	image/webp
https://imagedelivery.net/_XdB7bWYK-JWmUTR66I7hQ/engagements/dsc01344-2/w=800	200	91838	public/img/engagements/dsc01344-2-w800.webp	image/webp
https://imagedelivery.net/_XdB7bWYK-JWmUTR66I7hQ/engagements/dsc01344-2/w=1024	200	134958	public/img/engagements/dsc01344-2-w1024.webp	image/webp
https://imagedelivery.net/_XdB7bWYK-JWmUTR66I7hQ/engagements/dsc01344-2/w=1100	200	151666	public/img/engagements/dsc01344-2-w1100.webp	image/webp
https://imagedelivery.net/_XdB7bWYK-JWmUTR66I7hQ/engagements/dsc01344-2/w=1200	200	172104	public/img/engagements/dsc01344-2-w1200.webp	image/webp
https://imagedelivery.net/_XdB7bWYK-JWmUTR66I7hQ/engagements/dsc01344-2/w=1400	200	215258	public/img/engagements/dsc01344-2-w1400.webp	image/webp
https://imagedelivery.net/_XdB7bWYK-JWmUTR66I7hQ/engagements/dsc01344-2/w=1440	200	224722	public/img/engagements/dsc01344-2-w1440.webp	image/webp
https://imagedelivery.net/_XdB7bWYK-JWmUTR66I7hQ/engagements/dsc01344-2/w=1600	200	262646	public/img/engagements/dsc01344-2-w1600.webp	image/webp
https://imagedelivery.net/_XdB7bWYK-JWmUTR66I7hQ/engagements/dsc01344-2/w=1920	200	342216	public/img/engagements/dsc01344-2-w1920.webp	image/webp
https://imagedelivery.net/_XdB7bWYK-JWmUTR66I7hQ/engagements/dsc01344-2/w=2560	200	509910	public/img/engagements/dsc01344-2-w2560.webp	image/webp
https://imagedelivery.net/_XdB7bWYK-JWmUTR66I7hQ/engagements/dsc01361/w=360	200	13578	public/img/engagements/dsc01361-w360.webp	image/webp
https://imagedelivery.net/_XdB7bWYK-JWmUTR66I7hQ/engagements/dsc01361/w=480	200	20810	public/img/engagements/dsc01361-w480.webp	image/webp
https://imagedelivery.net/_XdB7bWYK-JWmUTR66I7hQ/engagements/dsc01361/w=640	200	33556	public/img/engagements/dsc01361-w640.webp	image/webp
https://imagedelivery.net/_XdB7bWYK-JWmUTR66I7hQ/engagements/dsc01361/w=800	200	49510	public/img/engagements/dsc01361-w800.webp	image/webp
https://imagedelivery.net/_XdB7bWYK-JWmUTR66I7hQ/engagements/dsc01361/w=1024	200	88912	public/img/engagements/dsc01361-w1024.webp	image/webp
https://imagedelivery.net/_XdB7bWYK-JWmUTR66I7hQ/engagements/dsc01361/w=1200	200	134570	public/img/engagements/dsc01361-w1200.webp	image/webp
https://imagedelivery.net/_XdB7bWYK-JWmUTR66I7hQ/engagements/dsc01361/w=1300	200	164492	public/img/engagements/dsc01361-w1300.webp	image/webp
https://imagedelivery.net/_XdB7bWYK-JWmUTR66I7hQ/engagements/dsc01361/w=1400	200	194342	public/img/engagements/dsc01361-w1400.webp	image/webp
https://imagedelivery.net/_XdB7bWYK-JWmUTR66I7hQ/engagements/dsc01361/w=1440	200	205998	public/img/engagements/dsc01361-w1440.webp	image/webp
https://imagedelivery.net/_XdB7bWYK-JWmUTR66I7hQ/engagements/dsc01361/w=1600	200	301770	public/img/engagements/dsc01361-w1600.webp	image/webp
https://imagedelivery.net/_XdB7bWYK-JWmUTR66I7hQ/engagements/dsc01361/w=1920	200	376226	public/img/engagements/dsc01361-w1920.webp	image/webp
https://imagedelivery.net/_XdB7bWYK-JWmUTR66I7hQ/engagements/dsc01361/w=2560	200	614560	public/img/engagements/dsc01361-w2560.webp	image/webp
https://imagedelivery.net/_XdB7bWYK-JWmUTR66I7hQ/engagements/dsc01388/w=360	200	65808	public/img/engagements/dsc01388-w360.webp	image/webp
https://imagedelivery.net/_XdB7bWYK-JWmUTR66I7hQ/engagements/dsc01388/w=480	200	110006	public/img/engagements/dsc01388-w480.webp	image/webp
https://imagedelivery.net/_XdB7bWYK-JWmUTR66I7hQ/engagements/dsc01388/w=640	200	178844	public/img/engagements/dsc01388-w640.webp	image/webp
https://imagedelivery.net/_XdB7bWYK-JWmUTR66I7hQ/engagements/dsc01388/w=800	200	258042	public/img/engagements/dsc01388-w800.webp	image/webp
https://imagedelivery.net/_XdB7bWYK-JWmUTR66I7hQ/engagements/dsc01388/w=1024	200	405318	public/img/engagements/dsc01388-w1024.webp	image/webp
https://imagedelivery.net/_XdB7bWYK-JWmUTR66I7hQ/engagements/dsc01388/w=1100	200	459954	public/img/engagements/dsc01388-w1100.webp	image/webp
https://imagedelivery.net/_XdB7bWYK-JWmUTR66I7hQ/engagements/dsc01388/w=1200	200	531848	public/img/engagements/dsc01388-w1200.webp	image/webp
https://imagedelivery.net/_XdB7bWYK-JWmUTR66I7hQ/engagements/dsc01388/w=1400	200	708818	public/img/engagements/dsc01388-w1400.webp	image/webp
https://imagedelivery.net/_XdB7bWYK-JWmUTR66I7hQ/engagements/dsc01388/w=1440	200	748782	public/img/engagements/dsc01388-w1440.webp	image/webp
https://imagedelivery.net/_XdB7bWYK-JWmUTR66I7hQ/engagements/dsc01388/w=1600	200	890704	public/img/engagements/dsc01388-w1600.webp	image/webp
https://imagedelivery.net/_XdB7bWYK-JWmUTR66I7hQ/engagements/dsc01388/w=1920	200	1228150	public/img/engagements/dsc01388-w1920.webp	image/webp
https://imagedelivery.net/_XdB7bWYK-JWmUTR66I7hQ/engagements/dsc01388/w=2560	200	1943708	public/img/engagements/dsc01388-w2560.webp	image/webp
https://imagedelivery.net/_XdB7bWYK-JWmUTR66I7hQ/engagements/dsc01588/w=360	200	21604	public/img/engagements/dsc01588-w360.webp	image/webp
https://imagedelivery.net/_XdB7bWYK-JWmUTR66I7hQ/engagements/dsc01588/w=480	200	32666	public/img/engagements/dsc01588-w480.webp	image/webp
https://imagedelivery.net/_XdB7bWYK-JWmUTR66I7hQ/engagements/dsc01588/w=640	200	48072	public/img/engagements/dsc01588-w640.webp	image/webp
https://imagedelivery.net/_XdB7bWYK-JWmUTR66I7hQ/engagements/dsc01588/w=800	200	67838	public/img/engagements/dsc01588-w800.webp	image/webp
https://imagedelivery.net/_XdB7bWYK-JWmUTR66I7hQ/engagements/dsc01588/w=1024	200	99962	public/img/engagements/dsc01588-w1024.webp	image/webp
https://imagedelivery.net/_XdB7bWYK-JWmUTR66I7hQ/engagements/dsc01588/w=1100	200	114772	public/img/engagements/dsc01588-w1100.webp	image/webp
https://imagedelivery.net/_XdB7bWYK-JWmUTR66I7hQ/engagements/dsc01588/w=1200	200	132440	public/img/engagements/dsc01588-w1200.webp	image/webp
https://imagedelivery.net/_XdB7bWYK-JWmUTR66I7hQ/engagements/dsc01588/w=1400	200	184924	public/img/engagements/dsc01588-w1400.webp	image/webp
https://imagedelivery.net/_XdB7bWYK-JWmUTR66I7hQ/engagements/dsc01588/w=1440	200	196398	public/img/engagements/dsc01588-w1440.webp	image/webp
https://imagedelivery.net/_XdB7bWYK-JWmUTR66I7hQ/engagements/dsc01588/w=1600	200	256856	public/img/engagements/dsc01588-w1600.webp	image/webp
https://imagedelivery.net/_XdB7bWYK-JWmUTR66I7hQ/engagements/dsc01588/w=1920	200	424744	public/img/engagements/dsc01588-w1920.webp	image/webp
https://imagedelivery.net/_XdB7bWYK-JWmUTR66I7hQ/engagements/dsc01588/w=2560	200	910626	public/img/engagements/dsc01588-w2560.webp	image/webp
https://imagedelivery.net/_XdB7bWYK-JWmUTR66I7hQ/engagements/dsc02177/w=360	200	18274	public/img/engagements/dsc02177-w360.webp	image/webp
https://imagedelivery.net/_XdB7bWYK-JWmUTR66I7hQ/engagements/dsc02177/w=480	200	26970	public/img/engagements/dsc02177-w480.webp	image/webp
https://imagedelivery.net/_XdB7bWYK-JWmUTR66I7hQ/engagements/dsc02177/w=640	200	38968	public/img/engagements/dsc02177-w640.webp	image/webp
https://imagedelivery.net/_XdB7bWYK-JWmUTR66I7hQ/engagements/dsc02177/w=800	200	51134	public/img/engagements/dsc02177-w800.webp	image/webp
https://imagedelivery.net/_XdB7bWYK-JWmUTR66I7hQ/engagements/dsc02177/w=1024	200	69256	public/img/engagements/dsc02177-w1024.webp	image/webp
https://imagedelivery.net/_XdB7bWYK-JWmUTR66I7hQ/engagements/dsc02177/w=1100	200	74410	public/img/engagements/dsc02177-w1100.webp	image/webp
https://imagedelivery.net/_XdB7bWYK-JWmUTR66I7hQ/engagements/dsc02177/w=1200	200	82214	public/img/engagements/dsc02177-w1200.webp	image/webp
https://imagedelivery.net/_XdB7bWYK-JWmUTR66I7hQ/engagements/dsc02177/w=1300	200	92220	public/img/engagements/dsc02177-w1300.webp	image/webp
https://imagedelivery.net/_XdB7bWYK-JWmUTR66I7hQ/engagements/dsc02177/w=1440	200	105404	public/img/engagements/dsc02177-w1440.webp	image/webp
https://imagedelivery.net/_XdB7bWYK-JWmUTR66I7hQ/engagements/dsc02177/w=1600	200	116816	public/img/engagements/dsc02177-w1600.webp	image/webp
https://imagedelivery.net/_XdB7bWYK-JWmUTR66I7hQ/engagements/dsc02177/w=1920	200	148320	public/img/engagements/dsc02177-w1920.webp	image/webp
https://imagedelivery.net/_XdB7bWYK-JWmUTR66I7hQ/engagements/dsc02177/w=2560	200	148320	public/img/engagements/dsc02177-w2560.webp	image/webp
https://imagedelivery.net/_XdB7bWYK-JWmUTR66I7hQ/engagements/dsc02371/w=360	200	11242	public/img/engagements/dsc02371-w360.webp	image/webp
https://imagedelivery.net/_XdB7bWYK-JWmUTR66I7hQ/engagements/dsc02371/w=480	200	17210	public/img/engagements/dsc02371-w480.webp	image/webp
https://imagedelivery.net/_XdB7bWYK-JWmUTR66I7hQ/engagements/dsc02371/w=640	200	25968	public/img/engagements/dsc02371-w640.webp	image/webp
https://imagedelivery.net/_XdB7bWYK-JWmUTR66I7hQ/engagements/dsc02371/w=800	200	37188	public/img/engagements/dsc02371-w800.webp	image/webp
https://imagedelivery.net/_XdB7bWYK-JWmUTR66I7hQ/engagements/dsc02371/w=1024	200	52664	public/img/engagements/dsc02371-w1024.webp	image/webp
https://imagedelivery.net/_XdB7bWYK-JWmUTR66I7hQ/engagements/dsc02371/w=1100	200	58676	public/img/engagements/dsc02371-w1100.webp	image/webp
https://imagedelivery.net/_XdB7bWYK-JWmUTR66I7hQ/engagements/dsc02371/w=1200	200	67362	public/img/engagements/dsc02371-w1200.webp	image/webp
https://imagedelivery.net/_XdB7bWYK-JWmUTR66I7hQ/engagements/dsc02371/w=1400	200	81326	public/img/engagements/dsc02371-w1400.webp	image/webp
https://imagedelivery.net/_XdB7bWYK-JWmUTR66I7hQ/engagements/dsc02371/w=1440	200	84304	public/img/engagements/dsc02371-w1440.webp	image/webp
https://imagedelivery.net/_XdB7bWYK-JWmUTR66I7hQ/engagements/dsc02371/w=1600	200	100844	public/img/engagements/dsc02371-w1600.webp	image/webp
https://imagedelivery.net/_XdB7bWYK-JWmUTR66I7hQ/engagements/dsc02371/w=1920	200	140398	public/img/engagements/dsc02371-w1920.webp	image/webp
https://imagedelivery.net/_XdB7bWYK-JWmUTR66I7hQ/engagements/dsc02371/w=2560	200	214728	public/img/engagements/dsc02371-w2560.webp	image/webp
https://imagedelivery.net/_XdB7bWYK-JWmUTR66I7hQ/engagements/dsc02492/w=360	200	10064	public/img/engagements/dsc02492-w360.webp	image/webp
https://imagedelivery.net/_XdB7bWYK-JWmUTR66I7hQ/engagements/dsc02492/w=480	200	14736	public/img/engagements/dsc02492-w480.webp	image/webp
https://imagedelivery.net/_XdB7bWYK-JWmUTR66I7hQ/engagements/dsc02492/w=640	200	21012	public/img/engagements/dsc02492-w640.webp	image/webp
https://imagedelivery.net/_XdB7bWYK-JWmUTR66I7hQ/engagements/dsc02492/w=800	200	28950	public/img/engagements/dsc02492-w800.webp	image/webp
https://imagedelivery.net/_XdB7bWYK-JWmUTR66I7hQ/engagements/dsc02492/w=1024	200	45406	public/img/engagements/dsc02492-w1024.webp	image/webp
https://imagedelivery.net/_XdB7bWYK-JWmUTR66I7hQ/engagements/dsc02492/w=1100	200	53650	public/img/engagements/dsc02492-w1100.webp	image/webp
https://imagedelivery.net/_XdB7bWYK-JWmUTR66I7hQ/engagements/dsc02492/w=1200	200	66724	public/img/engagements/dsc02492-w1200.webp	image/webp
https://imagedelivery.net/_XdB7bWYK-JWmUTR66I7hQ/engagements/dsc02492/w=1400	200	102870	public/img/engagements/dsc02492-w1400.webp	image/webp
https://imagedelivery.net/_XdB7bWYK-JWmUTR66I7hQ/engagements/dsc02492/w=1440	200	110922	public/img/engagements/dsc02492-w1440.webp	image/webp
https://imagedelivery.net/_XdB7bWYK-JWmUTR66I7hQ/engagements/dsc02492/w=1600	200	150910	public/img/engagements/dsc02492-w1600.webp	image/webp
https://imagedelivery.net/_XdB7bWYK-JWmUTR66I7hQ/engagements/dsc02492/w=1920	200	255860	public/img/engagements/dsc02492-w1920.webp	image/webp
https://imagedelivery.net/_XdB7bWYK-JWmUTR66I7hQ/engagements/dsc02492/w=2560	200	521554	public/img/engagements/dsc02492-w2560.webp	image/webp
https://imagedelivery.net/_XdB7bWYK-JWmUTR66I7hQ/engagements/dsc02530/w=360	200	11054	public/img/engagements/dsc02530-w360.webp	image/webp
https://imagedelivery.net/_XdB7bWYK-JWmUTR66I7hQ/engagements/dsc02530/w=480	200	17108	public/img/engagements/dsc02530-w480.webp	image/webp
https://imagedelivery.net/_XdB7bWYK-JWmUTR66I7hQ/engagements/dsc02530/w=640	200	27114	public/img/engagements/dsc02530-w640.webp	image/webp
https://imagedelivery.net/_XdB7bWYK-JWmUTR66I7hQ/engagements/dsc02530/w=800	200	38314	public/img/engagements/dsc02530-w800.webp	image/webp
https://imagedelivery.net/_XdB7bWYK-JWmUTR66I7hQ/engagements/dsc02530/w=1024	200	58614	public/img/engagements/dsc02530-w1024.webp	image/webp
https://imagedelivery.net/_XdB7bWYK-JWmUTR66I7hQ/engagements/dsc02530/w=1100	200	65678	public/img/engagements/dsc02530-w1100.webp	image/webp
https://imagedelivery.net/_XdB7bWYK-JWmUTR66I7hQ/engagements/dsc02530/w=1200	200	77806	public/img/engagements/dsc02530-w1200.webp	image/webp
https://imagedelivery.net/_XdB7bWYK-JWmUTR66I7hQ/engagements/dsc02530/w=1280	200	87794	public/img/engagements/dsc02530-w1280.webp	image/webp
https://imagedelivery.net/_XdB7bWYK-JWmUTR66I7hQ/engagements/dsc02530/w=1440	200	113274	public/img/engagements/dsc02530-w1440.webp	image/webp
https://imagedelivery.net/_XdB7bWYK-JWmUTR66I7hQ/engagements/dsc02530/w=1600	200	143470	public/img/engagements/dsc02530-w1600.webp	image/webp
https://imagedelivery.net/_XdB7bWYK-JWmUTR66I7hQ/engagements/dsc02530/w=1920	200	217916	public/img/engagements/dsc02530-w1920.webp	image/webp
https://imagedelivery.net/_XdB7bWYK-JWmUTR66I7hQ/engagements/dsc02530/w=2000	200	241086	public/img/engagements/dsc02530-w2000.webp	image/webp
https://imagedelivery.net/_XdB7bWYK-JWmUTR66I7hQ/engagements/dsc02530/w=2560	200	442480	public/img/engagements/dsc02530-w2560.webp	image/webp
https://imagedelivery.net/_XdB7bWYK-JWmUTR66I7hQ/engagements/dsc02707/w=360	200	6852	public/img/engagements/dsc02707-w360.webp	image/webp
https://imagedelivery.net/_XdB7bWYK-JWmUTR66I7hQ/engagements/dsc02707/w=640	200	15634	public/img/engagements/dsc02707-w640.webp	image/webp
https://imagedelivery.net/_XdB7bWYK-JWmUTR66I7hQ/engagements/dsc02707/w=1024	200	36596	public/img/engagements/dsc02707-w1024.webp	image/webp
https://imagedelivery.net/_XdB7bWYK-JWmUTR66I7hQ/engagements/dsc02707/w=1280	200	59838	public/img/engagements/dsc02707-w1280.webp	image/webp
https://imagedelivery.net/_XdB7bWYK-JWmUTR66I7hQ/engagements/dsc02707/w=1440	200	84680	public/img/engagements/dsc02707-w1440.webp	image/webp
https://imagedelivery.net/_XdB7bWYK-JWmUTR66I7hQ/engagements/dsc02707/w=1600	200	119168	public/img/engagements/dsc02707-w1600.webp	image/webp
https://imagedelivery.net/_XdB7bWYK-JWmUTR66I7hQ/engagements/dsc02707/w=1920	200	191818	public/img/engagements/dsc02707-w1920.webp	image/webp
https://imagedelivery.net/_XdB7bWYK-JWmUTR66I7hQ/engagements/dsc02707/w=2000	200	222806	public/img/engagements/dsc02707-w2000.webp	image/webp
https://imagedelivery.net/_XdB7bWYK-JWmUTR66I7hQ/engagements/dsc02707/w=2560	200	541032	public/img/engagements/dsc02707-w2560.webp	image/webp
https://imagedelivery.net/_XdB7bWYK-JWmUTR66I7hQ/engagements/dsc02719/w=360	200	19876	public/img/engagements/dsc02719-w360.webp	image/webp
https://imagedelivery.net/_XdB7bWYK-JWmUTR66I7hQ/engagements/dsc02719/w=640	200	50374	public/img/engagements/dsc02719-w640.webp	image/webp
https://imagedelivery.net/_XdB7bWYK-JWmUTR66I7hQ/engagements/dsc02719/w=1024	200	117862	public/img/engagements/dsc02719-w1024.webp	image/webp
https://imagedelivery.net/_XdB7bWYK-JWmUTR66I7hQ/engagements/dsc02719/w=1400	200	226650	public/img/engagements/dsc02719-w1400.webp	image/webp
https://imagedelivery.net/_XdB7bWYK-JWmUTR66I7hQ/engagements/dsc02719/w=1440	200	241076	public/img/engagements/dsc02719-w1440.webp	image/webp
https://imagedelivery.net/_XdB7bWYK-JWmUTR66I7hQ/engagements/dsc02719/w=1600	200	307766	public/img/engagements/dsc02719-w1600.webp	image/webp
https://imagedelivery.net/_XdB7bWYK-JWmUTR66I7hQ/engagements/dsc02719/w=1920	200	483656	public/img/engagements/dsc02719-w1920.webp	image/webp
https://imagedelivery.net/_XdB7bWYK-JWmUTR66I7hQ/engagements/dsc02719/w=2560	200	866184	public/img/engagements/dsc02719-w2560.webp	image/webp
https://imagedelivery.net/_XdB7bWYK-JWmUTR66I7hQ/engagements/dsc02858/w=360	200	25982	public/img/engagements/dsc02858-w360.webp	image/webp
https://imagedelivery.net/_XdB7bWYK-JWmUTR66I7hQ/engagements/dsc02858/w=640	200	61724	public/img/engagements/dsc02858-w640.webp	image/webp
https://imagedelivery.net/_XdB7bWYK-JWmUTR66I7hQ/engagements/dsc02858/w=1024	200	148658	public/img/engagements/dsc02858-w1024.webp	image/webp
https://imagedelivery.net/_XdB7bWYK-JWmUTR66I7hQ/engagements/dsc02858/w=1300	200	263084	public/img/engagements/dsc02858-w1300.webp	image/webp
https://imagedelivery.net/_XdB7bWYK-JWmUTR66I7hQ/engagements/dsc02858/w=1440	200	340862	public/img/engagements/dsc02858-w1440.webp	image/webp
https://imagedelivery.net/_XdB7bWYK-JWmUTR66I7hQ/engagements/dsc02858/w=1600	200	451398	public/img/engagements/dsc02858-w1600.webp	image/webp
https://imagedelivery.net/_XdB7bWYK-JWmUTR66I7hQ/engagements/dsc02858/w=1920	200	721318	public/img/engagements/dsc02858-w1920.webp	image/webp
https://imagedelivery.net/_XdB7bWYK-JWmUTR66I7hQ/engagements/dsc02858/w=2560	200	1394514	public/img/engagements/dsc02858-w2560.webp	image/webp
https://imagedelivery.net/_XdB7bWYK-JWmUTR66I7hQ/engagements/dsc03123/w=360	200	15126	public/img/engagements/dsc03123-w360.webp	image/webp
https://imagedelivery.net/_XdB7bWYK-JWmUTR66I7hQ/engagements/dsc03123/w=640	200	39540	public/img/engagements/dsc03123-w640.webp	image/webp
https://imagedelivery.net/_XdB7bWYK-JWmUTR66I7hQ/engagements/dsc03123/w=1024	200	91898	public/img/engagements/dsc03123-w1024.webp	image/webp
https://imagedelivery.net/_XdB7bWYK-JWmUTR66I7hQ/engagements/dsc03123/w=1300	200	141384	public/img/engagements/dsc03123-w1300.webp	image/webp
https://imagedelivery.net/_XdB7bWYK-JWmUTR66I7hQ/engagements/dsc03123/w=1440	200	163724	public/img/engagements/dsc03123-w1440.webp	image/webp
https://imagedelivery.net/_XdB7bWYK-JWmUTR66I7hQ/engagements/dsc03123/w=1600	200	221188	public/img/engagements/dsc03123-w1600.webp	image/webp
https://imagedelivery.net/_XdB7bWYK-JWmUTR66I7hQ/engagements/dsc03123/w=1920	200	335046	public/img/engagements/dsc03123-w1920.webp	image/webp
https://imagedelivery.net/_XdB7bWYK-JWmUTR66I7hQ/engagements/dsc03123/w=2560	200	626604	public/img/engagements/dsc03123-w2560.webp	image/webp
https://imagedelivery.net/_XdB7bWYK-JWmUTR66I7hQ/engagements/dsc03224/w=360	200	16128	public/img/engagements/dsc03224-w360.webp	image/webp
https://imagedelivery.net/_XdB7bWYK-JWmUTR66I7hQ/engagements/dsc03224/w=640	200	36702	public/img/engagements/dsc03224-w640.webp	image/webp
https://imagedelivery.net/_XdB7bWYK-JWmUTR66I7hQ/engagements/dsc03224/w=1024	200	79536	public/img/engagements/dsc03224-w1024.webp	image/webp
https://imagedelivery.net/_XdB7bWYK-JWmUTR66I7hQ/engagements/dsc03224/w=1400	200	181780	public/img/engagements/dsc03224-w1400.webp	image/webp
https://imagedelivery.net/_XdB7bWYK-JWmUTR66I7hQ/engagements/dsc03224/w=1440	200	179574	public/img/engagements/dsc03224-w1440.webp	image/webp
https://imagedelivery.net/_XdB7bWYK-JWmUTR66I7hQ/engagements/dsc03224/w=1600	200	259208	public/img/engagements/dsc03224-w1600.webp	image/webp
https://imagedelivery.net/_XdB7bWYK-JWmUTR66I7hQ/engagements/dsc03224/w=1920	200	490504	public/img/engagements/dsc03224-w1920.webp	image/webp
https://imagedelivery.net/_XdB7bWYK-JWmUTR66I7hQ/engagements/dsc03224/w=2560	200	1143056	public/img/engagements/dsc03224-w2560.webp	image/webp
https://imagedelivery.net/_XdB7bWYK-JWmUTR66I7hQ/engagements/dsc03765/w=360	200	6514	public/img/engagements/dsc03765-w360.webp	image/webp
https://imagedelivery.net/_XdB7bWYK-JWmUTR66I7hQ/engagements/dsc03765/w=640	200	30178	public/img/engagements/dsc03765-w640.webp	image/webp
https://imagedelivery.net/_XdB7bWYK-JWmUTR66I7hQ/engagements/dsc03765/w=1024	200	160956	public/img/engagements/dsc03765-w1024.webp	image/webp
https://imagedelivery.net/_XdB7bWYK-JWmUTR66I7hQ/engagements/dsc03765/w=1300	200	341316	public/img/engagements/dsc03765-w1300.webp	image/webp
https://imagedelivery.net/_XdB7bWYK-JWmUTR66I7hQ/engagements/dsc03765/w=1440	200	455550	public/img/engagements/dsc03765-w1440.webp	image/webp
https://imagedelivery.net/_XdB7bWYK-JWmUTR66I7hQ/engagements/dsc03765/w=1600	200	608794	public/img/engagements/dsc03765-w1600.webp	image/webp
https://imagedelivery.net/_XdB7bWYK-JWmUTR66I7hQ/engagements/dsc03765/w=1920	200	995074	public/img/engagements/dsc03765-w1920.webp	image/webp
https://imagedelivery.net/_XdB7bWYK-JWmUTR66I7hQ/engagements/dsc03765/w=2560	200	2113154	public/img/engagements/dsc03765-w2560.webp	image/webp
https://imagedelivery.net/_XdB7bWYK-JWmUTR66I7hQ/engagements/dsc04004/w=360	200	17380	public/img/engagements/dsc04004-w360.webp	image/webp
https://imagedelivery.net/_XdB7bWYK-JWmUTR66I7hQ/engagements/dsc04004/w=640	200	44636	public/img/engagements/dsc04004-w640.webp	image/webp
https://imagedelivery.net/_XdB7bWYK-JWmUTR66I7hQ/engagements/dsc04004/w=1024	200	128454	public/img/engagements/dsc04004-w1024.webp	image/webp
https://imagedelivery.net/_XdB7bWYK-JWmUTR66I7hQ/engagements/dsc04004/w=1300	200	245486	public/img/engagements/dsc04004-w1300.webp	image/webp
https://imagedelivery.net/_XdB7bWYK-JWmUTR66I7hQ/engagements/dsc04004/w=1440	200	318380	public/img/engagements/dsc04004-w1440.webp	image/webp
https://imagedelivery.net/_XdB7bWYK-JWmUTR66I7hQ/engagements/dsc04004/w=1600	200	417204	public/img/engagements/dsc04004-w1600.webp	image/webp
https://imagedelivery.net/_XdB7bWYK-JWmUTR66I7hQ/engagements/dsc04004/w=1920	200	650114	public/img/engagements/dsc04004-w1920.webp	image/webp
https://imagedelivery.net/_XdB7bWYK-JWmUTR66I7hQ/engagements/dsc04004/w=2560	200	1241188	public/img/engagements/dsc04004-w2560.webp	image/webp
https://imagedelivery.net/_XdB7bWYK-JWmUTR66I7hQ/engagements/dsc04053/w=360	200	25902	public/img/engagements/dsc04053-w360.webp	image/webp
https://imagedelivery.net/_XdB7bWYK-JWmUTR66I7hQ/engagements/dsc04053/w=640	200	56948	public/img/engagements/dsc04053-w640.webp	image/webp
https://imagedelivery.net/_XdB7bWYK-JWmUTR66I7hQ/engagements/dsc04053/w=1024	200	104478	public/img/engagements/dsc04053-w1024.webp	image/webp
https://imagedelivery.net/_XdB7bWYK-JWmUTR66I7hQ/engagements/dsc04053/w=1100	200	115060	public/img/engagements/dsc04053-w1100.webp	image/webp
https://imagedelivery.net/_XdB7bWYK-JWmUTR66I7hQ/engagements/dsc04053/w=1400	200	157806	public/img/engagements/dsc04053-w1400.webp	image/webp
https://imagedelivery.net/_XdB7bWYK-JWmUTR66I7hQ/engagements/dsc04053/w=1440	200	162418	public/img/engagements/dsc04053-w1440.webp	image/webp
https://imagedelivery.net/_XdB7bWYK-JWmUTR66I7hQ/engagements/dsc04053/w=1600	200	184680	public/img/engagements/dsc04053-w1600.webp	image/webp
https://imagedelivery.net/_XdB7bWYK-JWmUTR66I7hQ/engagements/dsc04053/w=1920	200	225642	public/img/engagements/dsc04053-w1920.webp	image/webp
https://imagedelivery.net/_XdB7bWYK-JWmUTR66I7hQ/engagements/dsc04053/w=2560	200	325494	public/img/engagements/dsc04053-w2560.webp	image/webp
https://imagedelivery.net/_XdB7bWYK-JWmUTR66I7hQ/engagements/dsc04731/w=360	200	29340	public/img/engagements/dsc04731-w360.webp	image/webp
https://imagedelivery.net/_XdB7bWYK-JWmUTR66I7hQ/engagements/dsc04731/w=640	200	62582	public/img/engagements/dsc04731-w640.webp	image/webp
https://imagedelivery.net/_XdB7bWYK-JWmUTR66I7hQ/engagements/dsc04731/w=1024	200	115492	public/img/engagements/dsc04731-w1024.webp	image/webp
https://imagedelivery.net/_XdB7bWYK-JWmUTR66I7hQ/engagements/dsc04731/w=1400	200	173884	public/img/engagements/dsc04731-w1400.webp	image/webp
https://imagedelivery.net/_XdB7bWYK-JWmUTR66I7hQ/engagements/dsc04731/w=1440	200	178342	public/img/engagements/dsc04731-w1440.webp	image/webp
https://imagedelivery.net/_XdB7bWYK-JWmUTR66I7hQ/engagements/dsc04731/w=1600	200	204344	public/img/engagements/dsc04731-w1600.webp	image/webp
https://imagedelivery.net/_XdB7bWYK-JWmUTR66I7hQ/engagements/dsc04731/w=1920	200	258260	public/img/engagements/dsc04731-w1920.webp	image/webp
https://imagedelivery.net/_XdB7bWYK-JWmUTR66I7hQ/engagements/dsc04731/w=2560	200	370948	public/img/engagements/dsc04731-w2560.webp	image/webp
https://imagedelivery.net/_XdB7bWYK-JWmUTR66I7hQ/engagements/dsc05210/w=360	200	29050	public/img/engagements/dsc05210-w360.webp	image/webp
https://imagedelivery.net/_XdB7bWYK-JWmUTR66I7hQ/engagements/dsc05210/w=640	200	70452	public/img/engagements/dsc05210-w640.webp	image/webp
https://imagedelivery.net/_XdB7bWYK-JWmUTR66I7hQ/engagements/dsc05210/w=1024	200	210206	public/img/engagements/dsc05210-w1024.webp	image/webp
https://imagedelivery.net/_XdB7bWYK-JWmUTR66I7hQ/engagements/dsc05210/w=1300	200	380464	public/img/engagements/dsc05210-w1300.webp	image/webp
https://imagedelivery.net/_XdB7bWYK-JWmUTR66I7hQ/engagements/dsc05210/w=1440	200	481880	public/img/engagements/dsc05210-w1440.webp	image/webp
https://imagedelivery.net/_XdB7bWYK-JWmUTR66I7hQ/engagements/dsc05210/w=1600	200	614732	public/img/engagements/dsc05210-w1600.webp	image/webp
https://imagedelivery.net/_XdB7bWYK-JWmUTR66I7hQ/engagements/dsc05210/w=1920	200	838536	public/img/engagements/dsc05210-w1920.webp	image/webp
https://imagedelivery.net/_XdB7bWYK-JWmUTR66I7hQ/engagements/dsc05210/w=2560	200	1411168	public/img/engagements/dsc05210-w2560.webp	image/webp
https://imagedelivery.net/_XdB7bWYK-JWmUTR66I7hQ/engagements/dsc05215/w=360	200	14782	public/img/engagements/dsc05215-w360.webp	image/webp
https://imagedelivery.net/_XdB7bWYK-JWmUTR66I7hQ/engagements/dsc05215/w=640	200	30716	public/img/engagements/dsc05215-w640.webp	image/webp
https://imagedelivery.net/_XdB7bWYK-JWmUTR66I7hQ/engagements/dsc05215/w=1024	200	60798	public/img/engagements/dsc05215-w1024.webp	image/webp
https://imagedelivery.net/_XdB7bWYK-JWmUTR66I7hQ/engagements/dsc05215/w=1100	200	67610	public/img/engagements/dsc05215-w1100.webp	image/webp
https://imagedelivery.net/_XdB7bWYK-JWmUTR66I7hQ/engagements/dsc05215/w=1400	200	96340	public/img/engagements/dsc05215-w1400.webp	image/webp
https://imagedelivery.net/_XdB7bWYK-JWmUTR66I7hQ/engagements/dsc05215/w=1440	200	100056	public/img/engagements/dsc05215-w1440.webp	image/webp
https://imagedelivery.net/_XdB7bWYK-JWmUTR66I7hQ/engagements/dsc05215/w=1600	200	118030	public/img/engagements/dsc05215-w1600.webp	image/webp
https://imagedelivery.net/_XdB7bWYK-JWmUTR66I7hQ/engagements/dsc05215/w=1920	200	166560	public/img/engagements/dsc05215-w1920.webp	image/webp
https://imagedelivery.net/_XdB7bWYK-JWmUTR66I7hQ/engagements/dsc05215/w=2560	200	328326	public/img/engagements/dsc05215-w2560.webp	image/webp
https://imagedelivery.net/_XdB7bWYK-JWmUTR66I7hQ/engagements/dsc05433/w=360	200	29734	public/img/engagements/dsc05433-w360.webp	image/webp
https://imagedelivery.net/_XdB7bWYK-JWmUTR66I7hQ/engagements/dsc05433/w=640	200	69376	public/img/engagements/dsc05433-w640.webp	image/webp
https://imagedelivery.net/_XdB7bWYK-JWmUTR66I7hQ/engagements/dsc05433/w=1024	200	176862	public/img/engagements/dsc05433-w1024.webp	image/webp
https://imagedelivery.net/_XdB7bWYK-JWmUTR66I7hQ/engagements/dsc05433/w=1100	200	211140	public/img/engagements/dsc05433-w1100.webp	image/webp
https://imagedelivery.net/_XdB7bWYK-JWmUTR66I7hQ/engagements/dsc05433/w=1300	200	325874	public/img/engagements/dsc05433-w1300.webp	image/webp
https://imagedelivery.net/_XdB7bWYK-JWmUTR66I7hQ/engagements/dsc05433/w=1440	200	453758	public/img/engagements/dsc05433-w1440.webp	image/webp
https://imagedelivery.net/_XdB7bWYK-JWmUTR66I7hQ/engagements/dsc05433/w=1600	200	552730	public/img/engagements/dsc05433-w1600.webp	image/webp
https://imagedelivery.net/_XdB7bWYK-JWmUTR66I7hQ/engagements/dsc05433/w=1920	200	865052	public/img/engagements/dsc05433-w1920.webp	image/webp
https://imagedelivery.net/_XdB7bWYK-JWmUTR66I7hQ/engagements/dsc05433/w=2560	200	1690250	public/img/engagements/dsc05433-w2560.webp	image/webp
https://imagedelivery.net/_XdB7bWYK-JWmUTR66I7hQ/engagements/dsc05530/w=360	200	3320	public/img/engagements/dsc05530-w360.webp	image/webp
https://imagedelivery.net/_XdB7bWYK-JWmUTR66I7hQ/engagements/dsc05530/w=640	200	6944	public/img/engagements/dsc05530-w640.webp	image/webp
https://imagedelivery.net/_XdB7bWYK-JWmUTR66I7hQ/engagements/dsc05530/w=1024	200	13054	public/img/engagements/dsc05530-w1024.webp	image/webp
https://imagedelivery.net/_XdB7bWYK-JWmUTR66I7hQ/engagements/dsc05530/w=1300	200	18020	public/img/engagements/dsc05530-w1300.webp	image/webp
https://imagedelivery.net/_XdB7bWYK-JWmUTR66I7hQ/engagements/dsc05530/w=1440	200	20596	public/img/engagements/dsc05530-w1440.webp	image/webp
https://imagedelivery.net/_XdB7bWYK-JWmUTR66I7hQ/engagements/dsc05530/w=1600	200	24078	public/img/engagements/dsc05530-w1600.webp	image/webp
https://imagedelivery.net/_XdB7bWYK-JWmUTR66I7hQ/engagements/dsc05530/w=1920	200	30648	public/img/engagements/dsc05530-w1920.webp	image/webp
https://imagedelivery.net/_XdB7bWYK-JWmUTR66I7hQ/engagements/dsc05530/w=2560	200	47144	public/img/engagements/dsc05530-w2560.webp	image/webp
https://imagedelivery.net/_XdB7bWYK-JWmUTR66I7hQ/engagements/dsc05668/w=360	200	24482	public/img/engagements/dsc05668-w360.webp	image/webp
https://imagedelivery.net/_XdB7bWYK-JWmUTR66I7hQ/engagements/dsc05668/w=640	200	54844	public/img/engagements/dsc05668-w640.webp	image/webp
https://imagedelivery.net/_XdB7bWYK-JWmUTR66I7hQ/engagements/dsc05668/w=1024	200	113116	public/img/engagements/dsc05668-w1024.webp	image/webp
https://imagedelivery.net/_XdB7bWYK-JWmUTR66I7hQ/engagements/dsc05668/w=1400	200	188528	public/img/engagements/dsc05668-w1400.webp	image/webp
https://imagedelivery.net/_XdB7bWYK-JWmUTR66I7hQ/engagements/dsc05668/w=1440	200	196406	public/img/engagements/dsc05668-w1440.webp	image/webp
https://imagedelivery.net/_XdB7bWYK-JWmUTR66I7hQ/engagements/dsc05668/w=1600	200	221144	public/img/engagements/dsc05668-w1600.webp	image/webp
https://imagedelivery.net/_XdB7bWYK-JWmUTR66I7hQ/engagements/dsc05668/w=1920	200	301152	public/img/engagements/dsc05668-w1920.webp	image/webp
https://imagedelivery.net/_XdB7bWYK-JWmUTR66I7hQ/engagements/dsc05668/w=2560	200	518794	public/img/engagements/dsc05668-w2560.webp	image/webp
https://imagedelivery.net/_XdB7bWYK-JWmUTR66I7hQ/engagements/dsc06375/w=360	200	30482	public/img/engagements/dsc06375-w360.webp	image/webp
https://imagedelivery.net/_XdB7bWYK-JWmUTR66I7hQ/engagements/dsc06375/w=640	200	72482	public/img/engagements/dsc06375-w640.webp	image/webp
https://imagedelivery.net/_XdB7bWYK-JWmUTR66I7hQ/engagements/dsc06375/w=1024	200	166270	public/img/engagements/dsc06375-w1024.webp	image/webp
https://imagedelivery.net/_XdB7bWYK-JWmUTR66I7hQ/engagements/dsc06375/w=1300	200	266684	public/img/engagements/dsc06375-w1300.webp	image/webp
https://imagedelivery.net/_XdB7bWYK-JWmUTR66I7hQ/engagements/dsc06375/w=1440	200	335096	public/img/engagements/dsc06375-w1440.webp	image/webp
https://imagedelivery.net/_XdB7bWYK-JWmUTR66I7hQ/engagements/dsc06375/w=1600	200	424690	public/img/engagements/dsc06375-w1600.webp	image/webp
https://imagedelivery.net/_XdB7bWYK-JWmUTR66I7hQ/engagements/dsc06375/w=1920	200	628352	public/img/engagements/dsc06375-w1920.webp	image/webp
https://imagedelivery.net/_XdB7bWYK-JWmUTR66I7hQ/engagements/dsc06375/w=2560	200	1024832	public/img/engagements/dsc06375-w2560.webp	image/webp
https://imagedelivery.net/_XdB7bWYK-JWmUTR66I7hQ/engagements/dsc06380/w=360	200	43536	public/img/engagements/dsc06380-w360.webp	image/webp
https://imagedelivery.net/_XdB7bWYK-JWmUTR66I7hQ/engagements/dsc06380/w=640	200	115780	public/img/engagements/dsc06380-w640.webp	image/webp
https://imagedelivery.net/_XdB7bWYK-JWmUTR66I7hQ/engagements/dsc06380/w=1024	200	273952	public/img/engagements/dsc06380-w1024.webp	image/webp
https://imagedelivery.net/_XdB7bWYK-JWmUTR66I7hQ/engagements/dsc06380/w=1300	200	432086	public/img/engagements/dsc06380-w1300.webp	image/webp
https://imagedelivery.net/_XdB7bWYK-JWmUTR66I7hQ/engagements/dsc06380/w=1440	200	522612	public/img/engagements/dsc06380-w1440.webp	image/webp
https://imagedelivery.net/_XdB7bWYK-JWmUTR66I7hQ/engagements/dsc06380/w=1600	200	640000	public/img/engagements/dsc06380-w1600.webp	image/webp
https://imagedelivery.net/_XdB7bWYK-JWmUTR66I7hQ/engagements/dsc06380/w=1920	200	904812	public/img/engagements/dsc06380-w1920.webp	image/webp
https://imagedelivery.net/_XdB7bWYK-JWmUTR66I7hQ/engagements/dsc06380/w=2560	200	1506912	public/img/engagements/dsc06380-w2560.webp	image/webp
https://imagedelivery.net/_XdB7bWYK-JWmUTR66I7hQ/engagements/dsc06836/w=360	200	21428	public/img/engagements/dsc06836-w360.webp	image/webp
https://imagedelivery.net/_XdB7bWYK-JWmUTR66I7hQ/engagements/dsc06836/w=640	200	56314	public/img/engagements/dsc06836-w640.webp	image/webp
https://imagedelivery.net/_XdB7bWYK-JWmUTR66I7hQ/engagements/dsc06836/w=1024	200	135874	public/img/engagements/dsc06836-w1024.webp	image/webp
https://imagedelivery.net/_XdB7bWYK-JWmUTR66I7hQ/engagements/dsc06836/w=1300	200	220200	public/img/engagements/dsc06836-w1300.webp	image/webp
https://imagedelivery.net/_XdB7bWYK-JWmUTR66I7hQ/engagements/dsc06836/w=1440	200	274248	public/img/engagements/dsc06836-w1440.webp	image/webp
https://imagedelivery.net/_XdB7bWYK-JWmUTR66I7hQ/engagements/dsc06836/w=1600	200	316500	public/img/engagements/dsc06836-w1600.webp	image/webp
https://imagedelivery.net/_XdB7bWYK-JWmUTR66I7hQ/engagements/dsc06836/w=1920	200	544062	public/img/engagements/dsc06836-w1920.webp	image/webp
https://imagedelivery.net/_XdB7bWYK-JWmUTR66I7hQ/engagements/dsc06836/w=2560	200	1060556	public/img/engagements/dsc06836-w2560.webp	image/webp
https://imagedelivery.net/_XdB7bWYK-JWmUTR66I7hQ/engagements/dsc07317/w=360	200	6896	public/img/engagements/dsc07317-w360.webp	image/webp
https://imagedelivery.net/_XdB7bWYK-JWmUTR66I7hQ/engagements/dsc07317/w=640	200	14948	public/img/engagements/dsc07317-w640.webp	image/webp
https://imagedelivery.net/_XdB7bWYK-JWmUTR66I7hQ/engagements/dsc07317/w=1024	200	29130	public/img/engagements/dsc07317-w1024.webp	image/webp
https://imagedelivery.net/_XdB7bWYK-JWmUTR66I7hQ/engagements/dsc07317/w=1100	200	31534	public/img/engagements/dsc07317-w1100.webp	image/webp
https://imagedelivery.net/_XdB7bWYK-JWmUTR66I7hQ/engagements/dsc07317/w=1280	200	38382	public/img/engagements/dsc07317-w1280.webp	image/webp
https://imagedelivery.net/_XdB7bWYK-JWmUTR66I7hQ/engagements/dsc07317/w=1440	200	45794	public/img/engagements/dsc07317-w1440.webp	image/webp
https://imagedelivery.net/_XdB7bWYK-JWmUTR66I7hQ/engagements/dsc07317/w=1600	200	52426	public/img/engagements/dsc07317-w1600.webp	image/webp
https://imagedelivery.net/_XdB7bWYK-JWmUTR66I7hQ/engagements/dsc07317/w=1920	200	67886	public/img/engagements/dsc07317-w1920.webp	image/webp
https://imagedelivery.net/_XdB7bWYK-JWmUTR66I7hQ/engagements/dsc07317/w=2200	200	83074	public/img/engagements/dsc07317-w2200.webp	image/webp
https://imagedelivery.net/_XdB7bWYK-JWmUTR66I7hQ/engagements/dsc07317/w=2560	200	105374	public/img/engagements/dsc07317-w2560.webp	image/webp
https://imagedelivery.net/_XdB7bWYK-JWmUTR66I7hQ/engagements/dsc07565/w=360	200	31580	public/img/engagements/dsc07565-w360.webp	image/webp
https://imagedelivery.net/_XdB7bWYK-JWmUTR66I7hQ/engagements/dsc07565/w=640	200	73648	public/img/engagements/dsc07565-w640.webp	image/webp
https://imagedelivery.net/_XdB7bWYK-JWmUTR66I7hQ/engagements/dsc07565/w=1024	200	141734	public/img/engagements/dsc07565-w1024.webp	image/webp
https://imagedelivery.net/_XdB7bWYK-JWmUTR66I7hQ/engagements/dsc07565/w=1400	200	215450	public/img/engagements/dsc07565-w1400.webp	image/webp
https://imagedelivery.net/_XdB7bWYK-JWmUTR66I7hQ/engagements/dsc07565/w=1440	200	222034	public/img/engagements/dsc07565-w1440.webp	image/webp
https://imagedelivery.net/_XdB7bWYK-JWmUTR66I7hQ/engagements/dsc07565/w=1600	200	258422	public/img/engagements/dsc07565-w1600.webp	image/webp
https://imagedelivery.net/_XdB7bWYK-JWmUTR66I7hQ/engagements/dsc07565/w=1920	200	344458	public/img/engagements/dsc07565-w1920.webp	image/webp
https://imagedelivery.net/_XdB7bWYK-JWmUTR66I7hQ/engagements/dsc07565/w=2560	200	592892	public/img/engagements/dsc07565-w2560.webp	image/webp
https://imagedelivery.net/_XdB7bWYK-JWmUTR66I7hQ/engagements/dsc08651/w=360	200	22568	public/img/engagements/dsc08651-w360.webp	image/webp
https://imagedelivery.net/_XdB7bWYK-JWmUTR66I7hQ/engagements/dsc08651/w=640	200	71558	public/img/engagements/dsc08651-w640.webp	image/webp
https://imagedelivery.net/_XdB7bWYK-JWmUTR66I7hQ/engagements/dsc08651/w=1024	200	203980	public/img/engagements/dsc08651-w1024.webp	image/webp
https://imagedelivery.net/_XdB7bWYK-JWmUTR66I7hQ/engagements/dsc08651/w=1400	200	396994	public/img/engagements/dsc08651-w1400.webp	image/webp
https://imagedelivery.net/_XdB7bWYK-JWmUTR66I7hQ/engagements/dsc08651/w=1440	200	421770	public/img/engagements/dsc08651-w1440.webp	image/webp
https://imagedelivery.net/_XdB7bWYK-JWmUTR66I7hQ/engagements/dsc08651/w=1600	200	534874	public/img/engagements/dsc08651-w1600.webp	image/webp
https://imagedelivery.net/_XdB7bWYK-JWmUTR66I7hQ/engagements/dsc08651/w=1920	200	816438	public/img/engagements/dsc08651-w1920.webp	image/webp
https://imagedelivery.net/_XdB7bWYK-JWmUTR66I7hQ/engagements/dsc08651/w=2560	200	1526802	public/img/engagements/dsc08651-w2560.webp	image/webp
https://imagedelivery.net/_XdB7bWYK-JWmUTR66I7hQ/engagements/dsc08670/w=360	200	4920	public/img/engagements/dsc08670-w360.webp	image/webp
https://imagedelivery.net/_XdB7bWYK-JWmUTR66I7hQ/engagements/dsc08670/w=640	200	11900	public/img/engagements/dsc08670-w640.webp	image/webp
https://imagedelivery.net/_XdB7bWYK-JWmUTR66I7hQ/engagements/dsc08670/w=1024	200	30528	public/img/engagements/dsc08670-w1024.webp	image/webp
https://imagedelivery.net/_XdB7bWYK-JWmUTR66I7hQ/engagements/dsc08670/w=1100	200	36564	public/img/engagements/dsc08670-w1100.webp	image/webp
https://imagedelivery.net/_XdB7bWYK-JWmUTR66I7hQ/engagements/dsc08670/w=1400	200	78504	public/img/engagements/dsc08670-w1400.webp	image/webp
https://imagedelivery.net/_XdB7bWYK-JWmUTR66I7hQ/engagements/dsc08670/w=1440	200	85964	public/img/engagements/dsc08670-w1440.webp	image/webp
https://imagedelivery.net/_XdB7bWYK-JWmUTR66I7hQ/engagements/dsc08670/w=1600	200	129136	public/img/engagements/dsc08670-w1600.webp	image/webp
https://imagedelivery.net/_XdB7bWYK-JWmUTR66I7hQ/engagements/dsc08670/w=1920	200	264342	public/img/engagements/dsc08670-w1920.webp	image/webp
https://imagedelivery.net/_XdB7bWYK-JWmUTR66I7hQ/engagements/dsc08670/w=2560	200	703290	public/img/engagements/dsc08670-w2560.webp	image/webp
https://imagedelivery.net/_XdB7bWYK-JWmUTR66I7hQ/engagements/dsc09001/w=360	200	6632	public/img/engagements/dsc09001-w360.webp	image/webp
https://imagedelivery.net/_XdB7bWYK-JWmUTR66I7hQ/engagements/dsc09001/w=640	200	20440	public/img/engagements/dsc09001-w640.webp	image/webp
https://imagedelivery.net/_XdB7bWYK-JWmUTR66I7hQ/engagements/dsc09001/w=1024	200	45356	public/img/engagements/dsc09001-w1024.webp	image/webp
https://imagedelivery.net/_XdB7bWYK-JWmUTR66I7hQ/engagements/dsc09001/w=1280	200	66802	public/img/engagements/dsc09001-w1280.webp	image/webp
https://imagedelivery.net/_XdB7bWYK-JWmUTR66I7hQ/engagements/dsc09001/w=1440	200	82852	public/img/engagements/dsc09001-w1440.webp	image/webp
https://imagedelivery.net/_XdB7bWYK-JWmUTR66I7hQ/engagements/dsc09001/w=1600	200	104514	public/img/engagements/dsc09001-w1600.webp	image/webp
https://imagedelivery.net/_XdB7bWYK-JWmUTR66I7hQ/engagements/dsc09001/w=1920	200	156554	public/img/engagements/dsc09001-w1920.webp	image/webp
https://imagedelivery.net/_XdB7bWYK-JWmUTR66I7hQ/engagements/dsc09001/w=2000	200	174602	public/img/engagements/dsc09001-w2000.webp	image/webp
https://imagedelivery.net/_XdB7bWYK-JWmUTR66I7hQ/engagements/dsc09001/w=2560	200	329230	public/img/engagements/dsc09001-w2560.webp	image/webp
https://imagedelivery.net/_XdB7bWYK-JWmUTR66I7hQ/engagements/dsc09056/w=360	200	21858	public/img/engagements/dsc09056-w360.webp	image/webp
https://imagedelivery.net/_XdB7bWYK-JWmUTR66I7hQ/engagements/dsc09056/w=640	200	53606	public/img/engagements/dsc09056-w640.webp	image/webp
https://imagedelivery.net/_XdB7bWYK-JWmUTR66I7hQ/engagements/dsc09056/w=1024	200	106068	public/img/engagements/dsc09056-w1024.webp	image/webp
https://imagedelivery.net/_XdB7bWYK-JWmUTR66I7hQ/engagements/dsc09056/w=1400	200	164772	public/img/engagements/dsc09056-w1400.webp	image/webp
https://imagedelivery.net/_XdB7bWYK-JWmUTR66I7hQ/engagements/dsc09056/w=1440	200	166584	public/img/engagements/dsc09056-w1440.webp	image/webp
https://imagedelivery.net/_XdB7bWYK-JWmUTR66I7hQ/engagements/dsc09056/w=1600	200	204242	public/img/engagements/dsc09056-w1600.webp	image/webp
https://imagedelivery.net/_XdB7bWYK-JWmUTR66I7hQ/engagements/dsc09056/w=1920	200	256704	public/img/engagements/dsc09056-w1920.webp	image/webp
https://imagedelivery.net/_XdB7bWYK-JWmUTR66I7hQ/engagements/dsc09056/w=2560	200	274630	public/img/engagements/dsc09056-w2560.webp	image/webp
https://imagedelivery.net/_XdB7bWYK-JWmUTR66I7hQ/engagements/dsc09116/w=360	200	16958	public/img/engagements/dsc09116-w360.webp	image/webp
https://imagedelivery.net/_XdB7bWYK-JWmUTR66I7hQ/engagements/dsc09116/w=640	200	49432	public/img/engagements/dsc09116-w640.webp	image/webp
https://imagedelivery.net/_XdB7bWYK-JWmUTR66I7hQ/engagements/dsc09116/w=1024	200	131760	public/img/engagements/dsc09116-w1024.webp	image/webp
https://imagedelivery.net/_XdB7bWYK-JWmUTR66I7hQ/engagements/dsc09116/w=1400	200	242010	public/img/engagements/dsc09116-w1400.webp	image/webp
https://imagedelivery.net/_XdB7bWYK-JWmUTR66I7hQ/engagements/dsc09116/w=1440	200	250890	public/img/engagements/dsc09116-w1440.webp	image/webp
https://imagedelivery.net/_XdB7bWYK-JWmUTR66I7hQ/engagements/dsc09116/w=1600	200	300668	public/img/engagements/dsc09116-w1600.webp	image/webp
https://imagedelivery.net/_XdB7bWYK-JWmUTR66I7hQ/engagements/dsc09116/w=1920	200	434570	public/img/engagements/dsc09116-w1920.webp	image/webp
https://imagedelivery.net/_XdB7bWYK-JWmUTR66I7hQ/engagements/dsc09116/w=2560	200	650892	public/img/engagements/dsc09116-w2560.webp	image/webp
https://imagedelivery.net/_XdB7bWYK-JWmUTR66I7hQ/engagements/dsc09462/w=360	200	10942	public/img/engagements/dsc09462-w360.webp	image/webp
https://imagedelivery.net/_XdB7bWYK-JWmUTR66I7hQ/engagements/dsc09462/w=640	200	30078	public/img/engagements/dsc09462-w640.webp	image/webp
https://imagedelivery.net/_XdB7bWYK-JWmUTR66I7hQ/engagements/dsc09462/w=1024	200	87526	public/img/engagements/dsc09462-w1024.webp	image/webp
https://imagedelivery.net/_XdB7bWYK-JWmUTR66I7hQ/engagements/dsc09462/w=1400	200	227152	public/img/engagements/dsc09462-w1400.webp	image/webp
https://imagedelivery.net/_XdB7bWYK-JWmUTR66I7hQ/engagements/dsc09462/w=1440	200	249344	public/img/engagements/dsc09462-w1440.webp	image/webp
https://imagedelivery.net/_XdB7bWYK-JWmUTR66I7hQ/engagements/dsc09462/w=1600	200	354080	public/img/engagements/dsc09462-w1600.webp	image/webp
https://imagedelivery.net/_XdB7bWYK-JWmUTR66I7hQ/engagements/dsc09462/w=1920	200	636526	public/img/engagements/dsc09462-w1920.webp	image/webp
https://imagedelivery.net/_XdB7bWYK-JWmUTR66I7hQ/engagements/dsc09462/w=2560	200	1368706	public/img/engagements/dsc09462-w2560.webp	image/webp
https://imagedelivery.net/_XdB7bWYK-JWmUTR66I7hQ/engagements/dsc09637/w=360	200	20998	public/img/engagements/dsc09637-w360.webp	image/webp
https://imagedelivery.net/_XdB7bWYK-JWmUTR66I7hQ/engagements/dsc09637/w=640	200	53928	public/img/engagements/dsc09637-w640.webp	image/webp
https://imagedelivery.net/_XdB7bWYK-JWmUTR66I7hQ/engagements/dsc09637/w=1024	200	122518	public/img/engagements/dsc09637-w1024.webp	image/webp
https://imagedelivery.net/_XdB7bWYK-JWmUTR66I7hQ/engagements/dsc09637/w=1100	200	138648	public/img/engagements/dsc09637-w1100.webp	image/webp
https://imagedelivery.net/_XdB7bWYK-JWmUTR66I7hQ/engagements/dsc09637/w=1440	200	217430	public/img/engagements/dsc09637-w1440.webp	image/webp
https://imagedelivery.net/_XdB7bWYK-JWmUTR66I7hQ/engagements/dsc09637/w=1500	200	234120	public/img/engagements/dsc09637-w1500.webp	image/webp
https://imagedelivery.net/_XdB7bWYK-JWmUTR66I7hQ/engagements/dsc09637/w=1600	200	257842	public/img/engagements/dsc09637-w1600.webp	image/webp
https://imagedelivery.net/_XdB7bWYK-JWmUTR66I7hQ/engagements/dsc09637/w=1920	200	349068	public/img/engagements/dsc09637-w1920.webp	image/webp
https://imagedelivery.net/_XdB7bWYK-JWmUTR66I7hQ/engagements/dsc09637/w=2560	200	525788	public/img/engagements/dsc09637-w2560.webp	image/webp
https://imagedelivery.net/_XdB7bWYK-JWmUTR66I7hQ/engagements/dscf4115/w=360	200	31610	public/img/engagements/dscf4115-w360.webp	image/webp
https://imagedelivery.net/_XdB7bWYK-JWmUTR66I7hQ/engagements/dscf4115/w=640	200	74788	public/img/engagements/dscf4115-w640.webp	image/webp
https://imagedelivery.net/_XdB7bWYK-JWmUTR66I7hQ/engagements/dscf4115/w=1024	200	197862	public/img/engagements/dscf4115-w1024.webp	image/webp
https://imagedelivery.net/_XdB7bWYK-JWmUTR66I7hQ/engagements/dscf4115/w=1100	200	238742	public/img/engagements/dscf4115-w1100.webp	image/webp
https://imagedelivery.net/_XdB7bWYK-JWmUTR66I7hQ/engagements/dscf4115/w=1440	200	529618	public/img/engagements/dscf4115-w1440.webp	image/webp
https://imagedelivery.net/_XdB7bWYK-JWmUTR66I7hQ/engagements/dscf4115/w=1500	200	553218	public/img/engagements/dscf4115-w1500.webp	image/webp
https://imagedelivery.net/_XdB7bWYK-JWmUTR66I7hQ/engagements/dscf4115/w=1600	200	653186	public/img/engagements/dscf4115-w1600.webp	image/webp
https://imagedelivery.net/_XdB7bWYK-JWmUTR66I7hQ/engagements/dscf4115/w=1920	200	1044914	public/img/engagements/dscf4115-w1920.webp	image/webp
https://imagedelivery.net/_XdB7bWYK-JWmUTR66I7hQ/engagements/dscf4115/w=2560	200	2291068	public/img/engagements/dscf4115-w2560.webp	image/webp
https://imagedelivery.net/_XdB7bWYK-JWmUTR66I7hQ/engagements/ethanw-february-08-2026-191/w=360	200	15446	public/img/engagements/ethanw-february-08-2026-191-w360.webp	image/webp
https://imagedelivery.net/_XdB7bWYK-JWmUTR66I7hQ/engagements/ethanw-february-08-2026-191/w=640	200	37120	public/img/engagements/ethanw-february-08-2026-191-w640.webp	image/webp
https://imagedelivery.net/_XdB7bWYK-JWmUTR66I7hQ/engagements/ethanw-february-08-2026-191/w=1024	200	77186	public/img/engagements/ethanw-february-08-2026-191-w1024.webp	image/webp
https://imagedelivery.net/_XdB7bWYK-JWmUTR66I7hQ/engagements/ethanw-february-08-2026-191/w=1440	200	128422	public/img/engagements/ethanw-february-08-2026-191-w1440.webp	image/webp
https://imagedelivery.net/_XdB7bWYK-JWmUTR66I7hQ/engagements/ethanw-february-08-2026-191/w=1500	200	136062	public/img/engagements/ethanw-february-08-2026-191-w1500.webp	image/webp
https://imagedelivery.net/_XdB7bWYK-JWmUTR66I7hQ/engagements/ethanw-february-08-2026-191/w=1600	200	149904	public/img/engagements/ethanw-february-08-2026-191-w1600.webp	image/webp
https://imagedelivery.net/_XdB7bWYK-JWmUTR66I7hQ/engagements/ethanw-february-08-2026-191/w=1920	200	203280	public/img/engagements/ethanw-february-08-2026-191-w1920.webp	image/webp
https://imagedelivery.net/_XdB7bWYK-JWmUTR66I7hQ/engagements/ethanw-february-08-2026-191/w=2560	200	342942	public/img/engagements/ethanw-february-08-2026-191-w2560.webp	image/webp
https://imagedelivery.net/_XdB7bWYK-JWmUTR66I7hQ/first-job/01/w=1400	200	721902	public/img/first-job/01-w1400.webp	image/webp
https://imagedelivery.net/_XdB7bWYK-JWmUTR66I7hQ/first-job/01/w=2400	200	1491766	public/img/first-job/01-w2400.webp	image/webp
https://imagedelivery.net/_XdB7bWYK-JWmUTR66I7hQ/first-job/02/w=1400	200	205330	public/img/first-job/02-w1400.webp	image/webp
https://imagedelivery.net/_XdB7bWYK-JWmUTR66I7hQ/first-job/02/w=2400	200	418530	public/img/first-job/02-w2400.webp	image/webp
https://imagedelivery.net/_XdB7bWYK-JWmUTR66I7hQ/first-job/03/w=1400	200	351548	public/img/first-job/03-w1400.webp	image/webp
https://imagedelivery.net/_XdB7bWYK-JWmUTR66I7hQ/first-job/03/w=2400	200	742138	public/img/first-job/03-w2400.webp	image/webp
https://imagedelivery.net/_XdB7bWYK-JWmUTR66I7hQ/first-job/04/w=1400	200	458496	public/img/first-job/04-w1400.webp	image/webp
https://imagedelivery.net/_XdB7bWYK-JWmUTR66I7hQ/first-job/04/w=2400	200	1055442	public/img/first-job/04-w2400.webp	image/webp
https://imagedelivery.net/_XdB7bWYK-JWmUTR66I7hQ/first-job/05/w=1400	200	442170	public/img/first-job/05-w1400.webp	image/webp
https://imagedelivery.net/_XdB7bWYK-JWmUTR66I7hQ/first-job/05/w=2400	200	931014	public/img/first-job/05-w2400.webp	image/webp
https://imagedelivery.net/_XdB7bWYK-JWmUTR66I7hQ/first-job/06/w=1400	200	549894	public/img/first-job/06-w1400.webp	image/webp
https://imagedelivery.net/_XdB7bWYK-JWmUTR66I7hQ/first-job/06/w=2400	200	1143902	public/img/first-job/06-w2400.webp	image/webp
https://imagedelivery.net/_XdB7bWYK-JWmUTR66I7hQ/first-job/07/w=1400	200	202308	public/img/first-job/07-w1400.webp	image/webp
https://imagedelivery.net/_XdB7bWYK-JWmUTR66I7hQ/first-job/07/w=2400	200	406630	public/img/first-job/07-w2400.webp	image/webp
https://imagedelivery.net/_XdB7bWYK-JWmUTR66I7hQ/first-job/08/w=1400	200	254302	public/img/first-job/08-w1400.webp	image/webp
https://imagedelivery.net/_XdB7bWYK-JWmUTR66I7hQ/first-job/08/w=2400	200	513702	public/img/first-job/08-w2400.webp	image/webp
https://imagedelivery.net/_XdB7bWYK-JWmUTR66I7hQ/first-job/09/w=1400	200	441602	public/img/first-job/09-w1400.webp	image/webp
https://imagedelivery.net/_XdB7bWYK-JWmUTR66I7hQ/first-job/09/w=2400	200	960028	public/img/first-job/09-w2400.webp	image/webp
https://imagedelivery.net/_XdB7bWYK-JWmUTR66I7hQ/first-job/10/w=1400	200	309292	public/img/first-job/10-w1400.webp	image/webp
https://imagedelivery.net/_XdB7bWYK-JWmUTR66I7hQ/first-job/10/w=2400	200	629654	public/img/first-job/10-w2400.webp	image/webp
https://imagedelivery.net/_XdB7bWYK-JWmUTR66I7hQ/first-job/11/w=1400	200	246036	public/img/first-job/11-w1400.webp	image/webp
https://imagedelivery.net/_XdB7bWYK-JWmUTR66I7hQ/first-job/11/w=2400	200	550796	public/img/first-job/11-w2400.webp	image/webp
https://imagedelivery.net/_XdB7bWYK-JWmUTR66I7hQ/first-job/12/w=1400	200	249208	public/img/first-job/12-w1400.webp	image/webp
https://imagedelivery.net/_XdB7bWYK-JWmUTR66I7hQ/first-job/12/w=2400	200	519852	public/img/first-job/12-w2400.webp	image/webp
https://imagedelivery.net/_XdB7bWYK-JWmUTR66I7hQ/highlights/a7308978/w=320	200	10760	public/img/highlights/a7308978-w320.webp	image/webp
https://imagedelivery.net/_XdB7bWYK-JWmUTR66I7hQ/highlights/a7308978/w=640	200	33936	public/img/highlights/a7308978-w640.webp	image/webp
https://imagedelivery.net/_XdB7bWYK-JWmUTR66I7hQ/highlights/a7308978/w=2000	200	405682	public/img/highlights/a7308978-w2000.webp	image/webp
https://imagedelivery.net/_XdB7bWYK-JWmUTR66I7hQ/highlights/a7309021/w=320	200	15854	public/img/highlights/a7309021-w320.webp	image/webp
https://imagedelivery.net/_XdB7bWYK-JWmUTR66I7hQ/highlights/a7309021/w=640	200	46124	public/img/highlights/a7309021-w640.webp	image/webp
https://imagedelivery.net/_XdB7bWYK-JWmUTR66I7hQ/highlights/a7309021/w=2000	200	279278	public/img/highlights/a7309021-w2000.webp	image/webp
https://imagedelivery.net/_XdB7bWYK-JWmUTR66I7hQ/highlights/a7309035/w=320	200	11006	public/img/highlights/a7309035-w320.webp	image/webp
https://imagedelivery.net/_XdB7bWYK-JWmUTR66I7hQ/highlights/a7309035/w=640	200	29830	public/img/highlights/a7309035-w640.webp	image/webp
https://imagedelivery.net/_XdB7bWYK-JWmUTR66I7hQ/highlights/a7309035/w=2000	200	154482	public/img/highlights/a7309035-w2000.webp	image/webp
https://imagedelivery.net/_XdB7bWYK-JWmUTR66I7hQ/highlights/a7309168/w=320	200	9872	public/img/highlights/a7309168-w320.webp	image/webp
https://imagedelivery.net/_XdB7bWYK-JWmUTR66I7hQ/highlights/a7309168/w=640	200	25578	public/img/highlights/a7309168-w640.webp	image/webp
https://imagedelivery.net/_XdB7bWYK-JWmUTR66I7hQ/highlights/a7309168/w=2000	200	201168	public/img/highlights/a7309168-w2000.webp	image/webp
https://imagedelivery.net/_XdB7bWYK-JWmUTR66I7hQ/highlights/a7309189/w=320	200	14004	public/img/highlights/a7309189-w320.webp	image/webp
https://imagedelivery.net/_XdB7bWYK-JWmUTR66I7hQ/highlights/a7309189/w=640	200	46486	public/img/highlights/a7309189-w640.webp	image/webp
https://imagedelivery.net/_XdB7bWYK-JWmUTR66I7hQ/highlights/a7309189/w=2000	200	334686	public/img/highlights/a7309189-w2000.webp	image/webp
https://imagedelivery.net/_XdB7bWYK-JWmUTR66I7hQ/highlights/a7309204/w=320	200	23650	public/img/highlights/a7309204-w320.webp	image/webp
https://imagedelivery.net/_XdB7bWYK-JWmUTR66I7hQ/highlights/a7309204/w=640	200	61540	public/img/highlights/a7309204-w640.webp	image/webp
https://imagedelivery.net/_XdB7bWYK-JWmUTR66I7hQ/highlights/a7309204/w=2000	200	330512	public/img/highlights/a7309204-w2000.webp	image/webp
https://imagedelivery.net/_XdB7bWYK-JWmUTR66I7hQ/highlights/a7309226/w=320	200	31416	public/img/highlights/a7309226-w320.webp	image/webp
https://imagedelivery.net/_XdB7bWYK-JWmUTR66I7hQ/highlights/a7309226/w=640	200	102674	public/img/highlights/a7309226-w640.webp	image/webp
https://imagedelivery.net/_XdB7bWYK-JWmUTR66I7hQ/highlights/a7309226/w=2000	200	584900	public/img/highlights/a7309226-w2000.webp	image/webp
https://imagedelivery.net/_XdB7bWYK-JWmUTR66I7hQ/highlights/a7309234/w=320	200	26338	public/img/highlights/a7309234-w320.webp	image/webp
https://imagedelivery.net/_XdB7bWYK-JWmUTR66I7hQ/highlights/a7309234/w=640	200	86054	public/img/highlights/a7309234-w640.webp	image/webp
https://imagedelivery.net/_XdB7bWYK-JWmUTR66I7hQ/highlights/a7309234/w=2000	200	480548	public/img/highlights/a7309234-w2000.webp	image/webp
https://imagedelivery.net/_XdB7bWYK-JWmUTR66I7hQ/highlights/a7309238/w=320	200	25282	public/img/highlights/a7309238-w320.webp	image/webp
https://imagedelivery.net/_XdB7bWYK-JWmUTR66I7hQ/highlights/a7309238/w=640	200	90922	public/img/highlights/a7309238-w640.webp	image/webp
https://imagedelivery.net/_XdB7bWYK-JWmUTR66I7hQ/highlights/a7309238/w=2000	200	678894	public/img/highlights/a7309238-w2000.webp	image/webp
https://imagedelivery.net/_XdB7bWYK-JWmUTR66I7hQ/highlights/a7309265-pano/w=320	200	16304	public/img/highlights/a7309265-pano-w320.webp	image/webp
https://imagedelivery.net/_XdB7bWYK-JWmUTR66I7hQ/highlights/a7309265-pano/w=640	200	52844	public/img/highlights/a7309265-pano-w640.webp	image/webp
https://imagedelivery.net/_XdB7bWYK-JWmUTR66I7hQ/highlights/a7309265-pano/w=2000	200	324834	public/img/highlights/a7309265-pano-w2000.webp	image/webp
https://imagedelivery.net/_XdB7bWYK-JWmUTR66I7hQ/highlights/a7309299/w=320	200	23456	public/img/highlights/a7309299-w320.webp	image/webp
https://imagedelivery.net/_XdB7bWYK-JWmUTR66I7hQ/highlights/a7309299/w=640	200	91770	public/img/highlights/a7309299-w640.webp	image/webp
https://imagedelivery.net/_XdB7bWYK-JWmUTR66I7hQ/highlights/a7309299/w=2000	200	744686	public/img/highlights/a7309299-w2000.webp	image/webp
https://imagedelivery.net/_XdB7bWYK-JWmUTR66I7hQ/highlights/dsc04260/w=320	200	22614	public/img/highlights/dsc04260-w320.webp	image/webp
https://imagedelivery.net/_XdB7bWYK-JWmUTR66I7hQ/highlights/dsc04260/w=640	200	57032	public/img/highlights/dsc04260-w640.webp	image/webp
https://imagedelivery.net/_XdB7bWYK-JWmUTR66I7hQ/highlights/dsc04260/w=2000	200	285374	public/img/highlights/dsc04260-w2000.webp	image/webp
https://imagedelivery.net/_XdB7bWYK-JWmUTR66I7hQ/highlights/dsc04283/w=320	200	12180	public/img/highlights/dsc04283-w320.webp	image/webp
https://imagedelivery.net/_XdB7bWYK-JWmUTR66I7hQ/highlights/dsc04283/w=640	200	42980	public/img/highlights/dsc04283-w640.webp	image/webp
https://imagedelivery.net/_XdB7bWYK-JWmUTR66I7hQ/highlights/dsc04283/w=2000	200	598238	public/img/highlights/dsc04283-w2000.webp	image/webp
https://imagedelivery.net/_XdB7bWYK-JWmUTR66I7hQ/highlights/dsc04286/w=320	200	10972	public/img/highlights/dsc04286-w320.webp	image/webp
https://imagedelivery.net/_XdB7bWYK-JWmUTR66I7hQ/highlights/dsc04286/w=640	200	32758	public/img/highlights/dsc04286-w640.webp	image/webp
https://imagedelivery.net/_XdB7bWYK-JWmUTR66I7hQ/highlights/dsc04286/w=2000	200	221504	public/img/highlights/dsc04286-w2000.webp	image/webp
https://imagedelivery.net/_XdB7bWYK-JWmUTR66I7hQ/highlights/dsc04303/w=320	200	23390	public/img/highlights/dsc04303-w320.webp	image/webp
https://imagedelivery.net/_XdB7bWYK-JWmUTR66I7hQ/highlights/dsc04303/w=640	200	62668	public/img/highlights/dsc04303-w640.webp	image/webp
https://imagedelivery.net/_XdB7bWYK-JWmUTR66I7hQ/highlights/dsc04303/w=2000	200	264130	public/img/highlights/dsc04303-w2000.webp	image/webp
https://imagedelivery.net/_XdB7bWYK-JWmUTR66I7hQ/highlights/dsc04327/w=320	200	18268	public/img/highlights/dsc04327-w320.webp	image/webp
https://imagedelivery.net/_XdB7bWYK-JWmUTR66I7hQ/highlights/dsc04327/w=640	200	58642	public/img/highlights/dsc04327-w640.webp	image/webp
https://imagedelivery.net/_XdB7bWYK-JWmUTR66I7hQ/highlights/dsc04327/w=2000	200	406744	public/img/highlights/dsc04327-w2000.webp	image/webp
https://imagedelivery.net/_XdB7bWYK-JWmUTR66I7hQ/highlights/dsc04331/w=320	200	13406	public/img/highlights/dsc04331-w320.webp	image/webp
https://imagedelivery.net/_XdB7bWYK-JWmUTR66I7hQ/highlights/dsc04331/w=640	200	34638	public/img/highlights/dsc04331-w640.webp	image/webp
https://imagedelivery.net/_XdB7bWYK-JWmUTR66I7hQ/highlights/dsc04331/w=2000	200	166212	public/img/highlights/dsc04331-w2000.webp	image/webp
https://imagedelivery.net/_XdB7bWYK-JWmUTR66I7hQ/highlights/dsc04371/w=320	200	17380	public/img/highlights/dsc04371-w320.webp	image/webp
https://imagedelivery.net/_XdB7bWYK-JWmUTR66I7hQ/highlights/dsc04371/w=640	200	53274	public/img/highlights/dsc04371-w640.webp	image/webp
https://imagedelivery.net/_XdB7bWYK-JWmUTR66I7hQ/highlights/dsc04371/w=2000	200	295510	public/img/highlights/dsc04371-w2000.webp	image/webp
https://imagedelivery.net/_XdB7bWYK-JWmUTR66I7hQ/highlights/dsc04377/w=320	200	24008	public/img/highlights/dsc04377-w320.webp	image/webp
https://imagedelivery.net/_XdB7bWYK-JWmUTR66I7hQ/highlights/dsc04377/w=640	200	74730	public/img/highlights/dsc04377-w640.webp	image/webp
https://imagedelivery.net/_XdB7bWYK-JWmUTR66I7hQ/highlights/dsc04377/w=2000	200	443926	public/img/highlights/dsc04377-w2000.webp	image/webp
https://imagedelivery.net/_XdB7bWYK-JWmUTR66I7hQ/highlights/dsc04408/w=320	200	21348	public/img/highlights/dsc04408-w320.webp	image/webp
https://imagedelivery.net/_XdB7bWYK-JWmUTR66I7hQ/highlights/dsc04408/w=640	200	65050	public/img/highlights/dsc04408-w640.webp	image/webp
https://imagedelivery.net/_XdB7bWYK-JWmUTR66I7hQ/highlights/dsc04408/w=2000	200	392144	public/img/highlights/dsc04408-w2000.webp	image/webp
https://imagedelivery.net/_XdB7bWYK-JWmUTR66I7hQ/highlights/dsc04420/w=320	200	33986	public/img/highlights/dsc04420-w320.webp	image/webp
https://imagedelivery.net/_XdB7bWYK-JWmUTR66I7hQ/highlights/dsc04420/w=640	200	113720	public/img/highlights/dsc04420-w640.webp	image/webp
https://imagedelivery.net/_XdB7bWYK-JWmUTR66I7hQ/highlights/dsc04420/w=2000	200	765722	public/img/highlights/dsc04420-w2000.webp	image/webp
https://imagedelivery.net/_XdB7bWYK-JWmUTR66I7hQ/highlights/dsc04421/w=320	200	25810	public/img/highlights/dsc04421-w320.webp	image/webp
https://imagedelivery.net/_XdB7bWYK-JWmUTR66I7hQ/highlights/dsc04421/w=640	200	86834	public/img/highlights/dsc04421-w640.webp	image/webp
https://imagedelivery.net/_XdB7bWYK-JWmUTR66I7hQ/highlights/dsc04421/w=2000	200	578184	public/img/highlights/dsc04421-w2000.webp	image/webp
https://imagedelivery.net/_XdB7bWYK-JWmUTR66I7hQ/highlights/dsc04431/w=320	200	23798	public/img/highlights/dsc04431-w320.webp	image/webp
https://imagedelivery.net/_XdB7bWYK-JWmUTR66I7hQ/highlights/dsc04431/w=640	200	81516	public/img/highlights/dsc04431-w640.webp	image/webp
https://imagedelivery.net/_XdB7bWYK-JWmUTR66I7hQ/highlights/dsc04431/w=2000	200	622504	public/img/highlights/dsc04431-w2000.webp	image/webp
https://imagedelivery.net/_XdB7bWYK-JWmUTR66I7hQ/highlights/dsc04471/w=320	200	30428	public/img/highlights/dsc04471-w320.webp	image/webp
https://imagedelivery.net/_XdB7bWYK-JWmUTR66I7hQ/highlights/dsc04471/w=640	200	106176	public/img/highlights/dsc04471-w640.webp	image/webp
https://imagedelivery.net/_XdB7bWYK-JWmUTR66I7hQ/highlights/dsc04471/w=2000	200	998348	public/img/highlights/dsc04471-w2000.webp	image/webp
https://imagedelivery.net/_XdB7bWYK-JWmUTR66I7hQ/highlights/dsc04745/w=320	200	9452	public/img/highlights/dsc04745-w320.webp	image/webp
https://imagedelivery.net/_XdB7bWYK-JWmUTR66I7hQ/highlights/dsc04745/w=640	200	24276	public/img/highlights/dsc04745-w640.webp	image/webp
https://imagedelivery.net/_XdB7bWYK-JWmUTR66I7hQ/highlights/dsc04745/w=2000	200	145384	public/img/highlights/dsc04745-w2000.webp	image/webp
https://imagedelivery.net/_XdB7bWYK-JWmUTR66I7hQ/highlights/dsc04759/w=320	200	15912	public/img/highlights/dsc04759-w320.webp	image/webp
https://imagedelivery.net/_XdB7bWYK-JWmUTR66I7hQ/highlights/dsc04759/w=640	200	36462	public/img/highlights/dsc04759-w640.webp	image/webp
https://imagedelivery.net/_XdB7bWYK-JWmUTR66I7hQ/highlights/dsc04759/w=2000	200	179568	public/img/highlights/dsc04759-w2000.webp	image/webp
https://imagedelivery.net/_XdB7bWYK-JWmUTR66I7hQ/highlights/dsc04805/w=320	200	13682	public/img/highlights/dsc04805-w320.webp	image/webp
https://imagedelivery.net/_XdB7bWYK-JWmUTR66I7hQ/highlights/dsc04805/w=640	200	38260	public/img/highlights/dsc04805-w640.webp	image/webp
https://imagedelivery.net/_XdB7bWYK-JWmUTR66I7hQ/highlights/dsc04805/w=2000	200	233350	public/img/highlights/dsc04805-w2000.webp	image/webp
https://imagedelivery.net/_XdB7bWYK-JWmUTR66I7hQ/highlights/dsc04920/w=320	200	6686	public/img/highlights/dsc04920-w320.webp	image/webp
https://imagedelivery.net/_XdB7bWYK-JWmUTR66I7hQ/highlights/dsc04920/w=640	200	17294	public/img/highlights/dsc04920-w640.webp	image/webp
https://imagedelivery.net/_XdB7bWYK-JWmUTR66I7hQ/highlights/dsc04920/w=2000	200	109892	public/img/highlights/dsc04920-w2000.webp	image/webp
https://imagedelivery.net/_XdB7bWYK-JWmUTR66I7hQ/highlights/dsc04944/w=320	200	15882	public/img/highlights/dsc04944-w320.webp	image/webp
https://imagedelivery.net/_XdB7bWYK-JWmUTR66I7hQ/highlights/dsc04944/w=640	200	42418	public/img/highlights/dsc04944-w640.webp	image/webp
https://imagedelivery.net/_XdB7bWYK-JWmUTR66I7hQ/highlights/dsc04944/w=2000	200	289684	public/img/highlights/dsc04944-w2000.webp	image/webp
https://imagedelivery.net/_XdB7bWYK-JWmUTR66I7hQ/highlights/dsc05073/w=320	200	26156	public/img/highlights/dsc05073-w320.webp	image/webp
https://imagedelivery.net/_XdB7bWYK-JWmUTR66I7hQ/highlights/dsc05073/w=640	200	78228	public/img/highlights/dsc05073-w640.webp	image/webp
https://imagedelivery.net/_XdB7bWYK-JWmUTR66I7hQ/highlights/dsc05073/w=2000	200	556458	public/img/highlights/dsc05073-w2000.webp	image/webp
https://imagedelivery.net/_XdB7bWYK-JWmUTR66I7hQ/highlights/dsc05252/w=320	200	22788	public/img/highlights/dsc05252-w320.webp	image/webp
https://imagedelivery.net/_XdB7bWYK-JWmUTR66I7hQ/highlights/dsc05252/w=640	200	59358	public/img/highlights/dsc05252-w640.webp	image/webp
https://imagedelivery.net/_XdB7bWYK-JWmUTR66I7hQ/highlights/dsc05252/w=2000	200	417070	public/img/highlights/dsc05252-w2000.webp	image/webp
https://imagedelivery.net/_XdB7bWYK-JWmUTR66I7hQ/highlights/dsc05434/w=320	200	23542	public/img/highlights/dsc05434-w320.webp	image/webp
https://imagedelivery.net/_XdB7bWYK-JWmUTR66I7hQ/highlights/dsc05434/w=640	200	86206	public/img/highlights/dsc05434-w640.webp	image/webp
https://imagedelivery.net/_XdB7bWYK-JWmUTR66I7hQ/highlights/dsc05434/w=2000	200	991310	public/img/highlights/dsc05434-w2000.webp	image/webp
https://imagedelivery.net/_XdB7bWYK-JWmUTR66I7hQ/highlights/dsc05531/w=320	200	12634	public/img/highlights/dsc05531-w320.webp	image/webp
https://imagedelivery.net/_XdB7bWYK-JWmUTR66I7hQ/highlights/dsc05531/w=640	200	30772	public/img/highlights/dsc05531-w640.webp	image/webp
https://imagedelivery.net/_XdB7bWYK-JWmUTR66I7hQ/highlights/dsc05531/w=2000	200	156268	public/img/highlights/dsc05531-w2000.webp	image/webp
https://imagedelivery.net/_XdB7bWYK-JWmUTR66I7hQ/highlights/dsc05542/w=320	200	22624	public/img/highlights/dsc05542-w320.webp	image/webp
https://imagedelivery.net/_XdB7bWYK-JWmUTR66I7hQ/highlights/dsc05542/w=640	200	57290	public/img/highlights/dsc05542-w640.webp	image/webp
https://imagedelivery.net/_XdB7bWYK-JWmUTR66I7hQ/highlights/dsc05542/w=2000	200	241564	public/img/highlights/dsc05542-w2000.webp	image/webp
https://imagedelivery.net/_XdB7bWYK-JWmUTR66I7hQ/highlights/dsc05580/w=320	200	34356	public/img/highlights/dsc05580-w320.webp	image/webp
https://imagedelivery.net/_XdB7bWYK-JWmUTR66I7hQ/highlights/dsc05580/w=640	200	117192	public/img/highlights/dsc05580-w640.webp	image/webp
https://imagedelivery.net/_XdB7bWYK-JWmUTR66I7hQ/highlights/dsc05580/w=2000	200	845070	public/img/highlights/dsc05580-w2000.webp	image/webp
https://imagedelivery.net/_XdB7bWYK-JWmUTR66I7hQ/highlights/dsc05587/w=320	200	37724	public/img/highlights/dsc05587-w320.webp	image/webp
https://imagedelivery.net/_XdB7bWYK-JWmUTR66I7hQ/highlights/dsc05587/w=640	200	108374	public/img/highlights/dsc05587-w640.webp	image/webp
https://imagedelivery.net/_XdB7bWYK-JWmUTR66I7hQ/highlights/dsc05587/w=2000	200	711916	public/img/highlights/dsc05587-w2000.webp	image/webp
https://imagedelivery.net/_XdB7bWYK-JWmUTR66I7hQ/highlights/dsc05590/w=320	200	8188	public/img/highlights/dsc05590-w320.webp	image/webp
https://imagedelivery.net/_XdB7bWYK-JWmUTR66I7hQ/highlights/dsc05590/w=640	200	26782	public/img/highlights/dsc05590-w640.webp	image/webp
https://imagedelivery.net/_XdB7bWYK-JWmUTR66I7hQ/highlights/dsc05590/w=2000	200	203530	public/img/highlights/dsc05590-w2000.webp	image/webp
https://imagedelivery.net/_XdB7bWYK-JWmUTR66I7hQ/highlights/dsc05606/w=320	200	25064	public/img/highlights/dsc05606-w320.webp	image/webp
https://imagedelivery.net/_XdB7bWYK-JWmUTR66I7hQ/highlights/dsc05606/w=640	200	70908	public/img/highlights/dsc05606-w640.webp	image/webp
https://imagedelivery.net/_XdB7bWYK-JWmUTR66I7hQ/highlights/dsc05606/w=2000	200	389658	public/img/highlights/dsc05606-w2000.webp	image/webp
https://imagedelivery.net/_XdB7bWYK-JWmUTR66I7hQ/highlights/dsc05620/w=320	200	34972	public/img/highlights/dsc05620-w320.webp	image/webp
https://imagedelivery.net/_XdB7bWYK-JWmUTR66I7hQ/highlights/dsc05620/w=640	200	93602	public/img/highlights/dsc05620-w640.webp	image/webp
https://imagedelivery.net/_XdB7bWYK-JWmUTR66I7hQ/highlights/dsc05620/w=2000	200	432960	public/img/highlights/dsc05620-w2000.webp	image/webp
https://imagedelivery.net/_XdB7bWYK-JWmUTR66I7hQ/highlights/dsc05631/w=320	200	21018	public/img/highlights/dsc05631-w320.webp	image/webp
https://imagedelivery.net/_XdB7bWYK-JWmUTR66I7hQ/highlights/dsc05631/w=640	200	69072	public/img/highlights/dsc05631-w640.webp	image/webp
https://imagedelivery.net/_XdB7bWYK-JWmUTR66I7hQ/highlights/dsc05631/w=2000	200	467114	public/img/highlights/dsc05631-w2000.webp	image/webp
https://imagedelivery.net/_XdB7bWYK-JWmUTR66I7hQ/highlights/dsc05645/w=320	200	23146	public/img/highlights/dsc05645-w320.webp	image/webp
https://imagedelivery.net/_XdB7bWYK-JWmUTR66I7hQ/highlights/dsc05645/w=640	200	57034	public/img/highlights/dsc05645-w640.webp	image/webp
https://imagedelivery.net/_XdB7bWYK-JWmUTR66I7hQ/highlights/dsc05645/w=2000	200	366342	public/img/highlights/dsc05645-w2000.webp	image/webp
https://imagedelivery.net/_XdB7bWYK-JWmUTR66I7hQ/highlights/dsc05675/w=320	200	27382	public/img/highlights/dsc05675-w320.webp	image/webp
https://imagedelivery.net/_XdB7bWYK-JWmUTR66I7hQ/highlights/dsc05675/w=640	200	81050	public/img/highlights/dsc05675-w640.webp	image/webp
https://imagedelivery.net/_XdB7bWYK-JWmUTR66I7hQ/highlights/dsc05675/w=2000	200	450944	public/img/highlights/dsc05675-w2000.webp	image/webp
https://imagedelivery.net/_XdB7bWYK-JWmUTR66I7hQ/highlights/dsc05686/w=320	200	19056	public/img/highlights/dsc05686-w320.webp	image/webp
https://imagedelivery.net/_XdB7bWYK-JWmUTR66I7hQ/highlights/dsc05686/w=640	200	47534	public/img/highlights/dsc05686-w640.webp	image/webp
https://imagedelivery.net/_XdB7bWYK-JWmUTR66I7hQ/highlights/dsc05686/w=2000	200	343994	public/img/highlights/dsc05686-w2000.webp	image/webp
https://imagedelivery.net/_XdB7bWYK-JWmUTR66I7hQ/highlights/dsc05702/w=320	200	19292	public/img/highlights/dsc05702-w320.webp	image/webp
https://imagedelivery.net/_XdB7bWYK-JWmUTR66I7hQ/highlights/dsc05702/w=640	200	46018	public/img/highlights/dsc05702-w640.webp	image/webp
https://imagedelivery.net/_XdB7bWYK-JWmUTR66I7hQ/highlights/dsc05702/w=2000	200	278354	public/img/highlights/dsc05702-w2000.webp	image/webp
https://imagedelivery.net/_XdB7bWYK-JWmUTR66I7hQ/highlights/dsc05752/w=320	200	23574	public/img/highlights/dsc05752-w320.webp	image/webp
https://imagedelivery.net/_XdB7bWYK-JWmUTR66I7hQ/highlights/dsc05752/w=640	200	68640	public/img/highlights/dsc05752-w640.webp	image/webp
https://imagedelivery.net/_XdB7bWYK-JWmUTR66I7hQ/highlights/dsc05752/w=2000	200	490376	public/img/highlights/dsc05752-w2000.webp	image/webp
https://imagedelivery.net/_XdB7bWYK-JWmUTR66I7hQ/highlights/dsc05778/w=320	200	34776	public/img/highlights/dsc05778-w320.webp	image/webp
https://imagedelivery.net/_XdB7bWYK-JWmUTR66I7hQ/highlights/dsc05778/w=640	200	92742	public/img/highlights/dsc05778-w640.webp	image/webp
https://imagedelivery.net/_XdB7bWYK-JWmUTR66I7hQ/highlights/dsc05778/w=2000	200	543678	public/img/highlights/dsc05778-w2000.webp	image/webp
https://imagedelivery.net/_XdB7bWYK-JWmUTR66I7hQ/highlights/dsc05897/w=320	200	31610	public/img/highlights/dsc05897-w320.webp	image/webp
https://imagedelivery.net/_XdB7bWYK-JWmUTR66I7hQ/highlights/dsc05897/w=640	200	88790	public/img/highlights/dsc05897-w640.webp	image/webp
https://imagedelivery.net/_XdB7bWYK-JWmUTR66I7hQ/highlights/dsc05897/w=2000	200	608826	public/img/highlights/dsc05897-w2000.webp	image/webp
https://imagedelivery.net/_XdB7bWYK-JWmUTR66I7hQ/highlights/dsc05929/w=320	200	23554	public/img/highlights/dsc05929-w320.webp	image/webp
https://imagedelivery.net/_XdB7bWYK-JWmUTR66I7hQ/highlights/dsc05929/w=640	200	56750	public/img/highlights/dsc05929-w640.webp	image/webp
https://imagedelivery.net/_XdB7bWYK-JWmUTR66I7hQ/highlights/dsc05929/w=2000	200	374058	public/img/highlights/dsc05929-w2000.webp	image/webp
https://imagedelivery.net/_XdB7bWYK-JWmUTR66I7hQ/highlights/dsc05949/w=320	200	42632	public/img/highlights/dsc05949-w320.webp	image/webp
https://imagedelivery.net/_XdB7bWYK-JWmUTR66I7hQ/highlights/dsc05949/w=640	200	122150	public/img/highlights/dsc05949-w640.webp	image/webp
https://imagedelivery.net/_XdB7bWYK-JWmUTR66I7hQ/highlights/dsc05949/w=2000	200	653138	public/img/highlights/dsc05949-w2000.webp	image/webp
https://imagedelivery.net/_XdB7bWYK-JWmUTR66I7hQ/highlights/dsc05962/w=320	200	41970	public/img/highlights/dsc05962-w320.webp	image/webp
https://imagedelivery.net/_XdB7bWYK-JWmUTR66I7hQ/highlights/dsc05962/w=640	200	123384	public/img/highlights/dsc05962-w640.webp	image/webp
https://imagedelivery.net/_XdB7bWYK-JWmUTR66I7hQ/highlights/dsc05962/w=2000	200	676498	public/img/highlights/dsc05962-w2000.webp	image/webp
https://imagedelivery.net/_XdB7bWYK-JWmUTR66I7hQ/highlights/dsc05999/w=320	200	22416	public/img/highlights/dsc05999-w320.webp	image/webp
https://imagedelivery.net/_XdB7bWYK-JWmUTR66I7hQ/highlights/dsc05999/w=640	200	58066	public/img/highlights/dsc05999-w640.webp	image/webp
https://imagedelivery.net/_XdB7bWYK-JWmUTR66I7hQ/highlights/dsc05999/w=2000	200	426886	public/img/highlights/dsc05999-w2000.webp	image/webp
https://imagedelivery.net/_XdB7bWYK-JWmUTR66I7hQ/highlights/dsc06016/w=320	200	28272	public/img/highlights/dsc06016-w320.webp	image/webp
https://imagedelivery.net/_XdB7bWYK-JWmUTR66I7hQ/highlights/dsc06016/w=640	200	81612	public/img/highlights/dsc06016-w640.webp	image/webp
https://imagedelivery.net/_XdB7bWYK-JWmUTR66I7hQ/highlights/dsc06016/w=2000	200	602834	public/img/highlights/dsc06016-w2000.webp	image/webp
https://imagedelivery.net/_XdB7bWYK-JWmUTR66I7hQ/highlights/dsc06061/w=320	200	26052	public/img/highlights/dsc06061-w320.webp	image/webp
https://imagedelivery.net/_XdB7bWYK-JWmUTR66I7hQ/highlights/dsc06061/w=640	200	74172	public/img/highlights/dsc06061-w640.webp	image/webp
https://imagedelivery.net/_XdB7bWYK-JWmUTR66I7hQ/highlights/dsc06061/w=2000	200	522716	public/img/highlights/dsc06061-w2000.webp	image/webp
https://imagedelivery.net/_XdB7bWYK-JWmUTR66I7hQ/highlights/dsc06088/w=320	200	20312	public/img/highlights/dsc06088-w320.webp	image/webp
https://imagedelivery.net/_XdB7bWYK-JWmUTR66I7hQ/highlights/dsc06088/w=640	200	64134	public/img/highlights/dsc06088-w640.webp	image/webp
https://imagedelivery.net/_XdB7bWYK-JWmUTR66I7hQ/highlights/dsc06088/w=2000	200	521114	public/img/highlights/dsc06088-w2000.webp	image/webp
https://imagedelivery.net/_XdB7bWYK-JWmUTR66I7hQ/highlights/dsc06106/w=320	200	23050	public/img/highlights/dsc06106-w320.webp	image/webp
https://imagedelivery.net/_XdB7bWYK-JWmUTR66I7hQ/highlights/dsc06106/w=640	200	70440	public/img/highlights/dsc06106-w640.webp	image/webp
https://imagedelivery.net/_XdB7bWYK-JWmUTR66I7hQ/highlights/dsc06106/w=2000	200	497722	public/img/highlights/dsc06106-w2000.webp	image/webp
https://imagedelivery.net/_XdB7bWYK-JWmUTR66I7hQ/highlights/dsc06144/w=320	200	12568	public/img/highlights/dsc06144-w320.webp	image/webp
https://imagedelivery.net/_XdB7bWYK-JWmUTR66I7hQ/highlights/dsc06144/w=640	200	31598	public/img/highlights/dsc06144-w640.webp	image/webp
https://imagedelivery.net/_XdB7bWYK-JWmUTR66I7hQ/highlights/dsc06144/w=2000	200	214602	public/img/highlights/dsc06144-w2000.webp	image/webp
https://imagedelivery.net/_XdB7bWYK-JWmUTR66I7hQ/highlights/dsc06171/w=320	200	21502	public/img/highlights/dsc06171-w320.webp	image/webp
https://imagedelivery.net/_XdB7bWYK-JWmUTR66I7hQ/highlights/dsc06171/w=640	200	50942	public/img/highlights/dsc06171-w640.webp	image/webp
https://imagedelivery.net/_XdB7bWYK-JWmUTR66I7hQ/highlights/dsc06171/w=2000	200	367506	public/img/highlights/dsc06171-w2000.webp	image/webp
https://imagedelivery.net/_XdB7bWYK-JWmUTR66I7hQ/highlights/dsc06269/w=320	200	7368	public/img/highlights/dsc06269-w320.webp	image/webp
https://imagedelivery.net/_XdB7bWYK-JWmUTR66I7hQ/highlights/dsc06269/w=640	200	18456	public/img/highlights/dsc06269-w640.webp	image/webp
https://imagedelivery.net/_XdB7bWYK-JWmUTR66I7hQ/highlights/dsc06269/w=2000	200	117592	public/img/highlights/dsc06269-w2000.webp	image/webp
https://imagedelivery.net/_XdB7bWYK-JWmUTR66I7hQ/highlights/dsc06302/w=320	200	12190	public/img/highlights/dsc06302-w320.webp	image/webp
https://imagedelivery.net/_XdB7bWYK-JWmUTR66I7hQ/highlights/dsc06302/w=640	200	30460	public/img/highlights/dsc06302-w640.webp	image/webp
https://imagedelivery.net/_XdB7bWYK-JWmUTR66I7hQ/highlights/dsc06302/w=2000	200	182424	public/img/highlights/dsc06302-w2000.webp	image/webp
https://imagedelivery.net/_XdB7bWYK-JWmUTR66I7hQ/highlights/dsc06311/w=320	200	18730	public/img/highlights/dsc06311-w320.webp	image/webp
https://imagedelivery.net/_XdB7bWYK-JWmUTR66I7hQ/highlights/dsc06311/w=640	200	45916	public/img/highlights/dsc06311-w640.webp	image/webp
https://imagedelivery.net/_XdB7bWYK-JWmUTR66I7hQ/highlights/dsc06311/w=2000	200	263124	public/img/highlights/dsc06311-w2000.webp	image/webp
https://imagedelivery.net/_XdB7bWYK-JWmUTR66I7hQ/highlights/dsc06330/w=320	200	27858	public/img/highlights/dsc06330-w320.webp	image/webp
https://imagedelivery.net/_XdB7bWYK-JWmUTR66I7hQ/highlights/dsc06330/w=640	200	75356	public/img/highlights/dsc06330-w640.webp	image/webp
https://imagedelivery.net/_XdB7bWYK-JWmUTR66I7hQ/highlights/dsc06330/w=2000	200	404494	public/img/highlights/dsc06330-w2000.webp	image/webp
https://imagedelivery.net/_XdB7bWYK-JWmUTR66I7hQ/highlights/dsc06351/w=320	200	7904	public/img/highlights/dsc06351-w320.webp	image/webp
https://imagedelivery.net/_XdB7bWYK-JWmUTR66I7hQ/highlights/dsc06351/w=640	200	18212	public/img/highlights/dsc06351-w640.webp	image/webp
https://imagedelivery.net/_XdB7bWYK-JWmUTR66I7hQ/highlights/dsc06351/w=2000	200	141652	public/img/highlights/dsc06351-w2000.webp	image/webp
https://imagedelivery.net/_XdB7bWYK-JWmUTR66I7hQ/highlights/dsc06381/w=320	200	16592	public/img/highlights/dsc06381-w320.webp	image/webp
https://imagedelivery.net/_XdB7bWYK-JWmUTR66I7hQ/highlights/dsc06381/w=640	200	38326	public/img/highlights/dsc06381-w640.webp	image/webp
https://imagedelivery.net/_XdB7bWYK-JWmUTR66I7hQ/highlights/dsc06381/w=2000	200	275836	public/img/highlights/dsc06381-w2000.webp	image/webp
https://imagedelivery.net/_XdB7bWYK-JWmUTR66I7hQ/highlights/dsc06402/w=320	200	9388	public/img/highlights/dsc06402-w320.webp	image/webp
https://imagedelivery.net/_XdB7bWYK-JWmUTR66I7hQ/highlights/dsc06402/w=640	200	24438	public/img/highlights/dsc06402-w640.webp	image/webp
https://imagedelivery.net/_XdB7bWYK-JWmUTR66I7hQ/highlights/dsc06402/w=2000	200	157214	public/img/highlights/dsc06402-w2000.webp	image/webp
https://imagedelivery.net/_XdB7bWYK-JWmUTR66I7hQ/highlights/dsc06432/w=320	200	47062	public/img/highlights/dsc06432-w320.webp	image/webp
https://imagedelivery.net/_XdB7bWYK-JWmUTR66I7hQ/highlights/dsc06432/w=640	200	160616	public/img/highlights/dsc06432-w640.webp	image/webp
https://imagedelivery.net/_XdB7bWYK-JWmUTR66I7hQ/highlights/dsc06432/w=2000	200	823814	public/img/highlights/dsc06432-w2000.webp	image/webp
https://imagedelivery.net/_XdB7bWYK-JWmUTR66I7hQ/highlights/dsc06434/w=320	200	48256	public/img/highlights/dsc06434-w320.webp	image/webp
https://imagedelivery.net/_XdB7bWYK-JWmUTR66I7hQ/highlights/dsc06434/w=640	200	172762	public/img/highlights/dsc06434-w640.webp	image/webp
https://imagedelivery.net/_XdB7bWYK-JWmUTR66I7hQ/highlights/dsc06434/w=2000	200	1050944	public/img/highlights/dsc06434-w2000.webp	image/webp
https://imagedelivery.net/_XdB7bWYK-JWmUTR66I7hQ/highlights/dsc06440/w=320	200	44304	public/img/highlights/dsc06440-w320.webp	image/webp
https://imagedelivery.net/_XdB7bWYK-JWmUTR66I7hQ/highlights/dsc06440/w=640	200	157268	public/img/highlights/dsc06440-w640.webp	image/webp
https://imagedelivery.net/_XdB7bWYK-JWmUTR66I7hQ/highlights/dsc06440/w=2000	200	1000598	public/img/highlights/dsc06440-w2000.webp	image/webp
https://imagedelivery.net/_XdB7bWYK-JWmUTR66I7hQ/highlights/dsc06464/w=320	200	20134	public/img/highlights/dsc06464-w320.webp	image/webp
https://imagedelivery.net/_XdB7bWYK-JWmUTR66I7hQ/highlights/dsc06464/w=640	200	55618	public/img/highlights/dsc06464-w640.webp	image/webp
https://imagedelivery.net/_XdB7bWYK-JWmUTR66I7hQ/highlights/dsc06464/w=2000	200	306840	public/img/highlights/dsc06464-w2000.webp	image/webp
https://imagedelivery.net/_XdB7bWYK-JWmUTR66I7hQ/highlights/dsc06603/w=320	200	17514	public/img/highlights/dsc06603-w320.webp	image/webp
https://imagedelivery.net/_XdB7bWYK-JWmUTR66I7hQ/highlights/dsc06603/w=640	200	43578	public/img/highlights/dsc06603-w640.webp	image/webp
https://imagedelivery.net/_XdB7bWYK-JWmUTR66I7hQ/highlights/dsc06603/w=2000	200	192032	public/img/highlights/dsc06603-w2000.webp	image/webp
https://imagedelivery.net/_XdB7bWYK-JWmUTR66I7hQ/highlights/dsc06711/w=320	200	15974	public/img/highlights/dsc06711-w320.webp	image/webp
https://imagedelivery.net/_XdB7bWYK-JWmUTR66I7hQ/highlights/dsc06711/w=640	200	43702	public/img/highlights/dsc06711-w640.webp	image/webp
https://imagedelivery.net/_XdB7bWYK-JWmUTR66I7hQ/highlights/dsc06711/w=2000	200	230780	public/img/highlights/dsc06711-w2000.webp	image/webp
https://imagedelivery.net/_XdB7bWYK-JWmUTR66I7hQ/highlights/dsc06801/w=320	200	16568	public/img/highlights/dsc06801-w320.webp	image/webp
https://imagedelivery.net/_XdB7bWYK-JWmUTR66I7hQ/highlights/dsc06801/w=640	200	41418	public/img/highlights/dsc06801-w640.webp	image/webp
https://imagedelivery.net/_XdB7bWYK-JWmUTR66I7hQ/highlights/dsc06801/w=2000	200	297524	public/img/highlights/dsc06801-w2000.webp	image/webp
https://imagedelivery.net/_XdB7bWYK-JWmUTR66I7hQ/highlights/dsc06849/w=320	200	14712	public/img/highlights/dsc06849-w320.webp	image/webp
https://imagedelivery.net/_XdB7bWYK-JWmUTR66I7hQ/highlights/dsc06849/w=640	200	43182	public/img/highlights/dsc06849-w640.webp	image/webp
https://imagedelivery.net/_XdB7bWYK-JWmUTR66I7hQ/highlights/dsc06849/w=2000	200	320480	public/img/highlights/dsc06849-w2000.webp	image/webp
https://imagedelivery.net/_XdB7bWYK-JWmUTR66I7hQ/highlights/dsc06864/w=320	200	22068	public/img/highlights/dsc06864-w320.webp	image/webp
https://imagedelivery.net/_XdB7bWYK-JWmUTR66I7hQ/highlights/dsc06864/w=640	200	66892	public/img/highlights/dsc06864-w640.webp	image/webp
https://imagedelivery.net/_XdB7bWYK-JWmUTR66I7hQ/highlights/dsc06864/w=2000	200	536598	public/img/highlights/dsc06864-w2000.webp	image/webp
https://imagedelivery.net/_XdB7bWYK-JWmUTR66I7hQ/highlights/dsc06875/w=320	200	16846	public/img/highlights/dsc06875-w320.webp	image/webp
https://imagedelivery.net/_XdB7bWYK-JWmUTR66I7hQ/highlights/dsc06875/w=640	200	44386	public/img/highlights/dsc06875-w640.webp	image/webp
https://imagedelivery.net/_XdB7bWYK-JWmUTR66I7hQ/highlights/dsc06875/w=2000	200	267078	public/img/highlights/dsc06875-w2000.webp	image/webp
https://imagedelivery.net/_XdB7bWYK-JWmUTR66I7hQ/highlights/dsc06939/w=320	200	26912	public/img/highlights/dsc06939-w320.webp	image/webp
https://imagedelivery.net/_XdB7bWYK-JWmUTR66I7hQ/highlights/dsc06939/w=640	200	90864	public/img/highlights/dsc06939-w640.webp	image/webp
https://imagedelivery.net/_XdB7bWYK-JWmUTR66I7hQ/highlights/dsc06939/w=2000	200	531168	public/img/highlights/dsc06939-w2000.webp	image/webp
https://imagedelivery.net/_XdB7bWYK-JWmUTR66I7hQ/highlights/dsc07014/w=320	200	20596	public/img/highlights/dsc07014-w320.webp	image/webp
https://imagedelivery.net/_XdB7bWYK-JWmUTR66I7hQ/highlights/dsc07014/w=640	200	50946	public/img/highlights/dsc07014-w640.webp	image/webp
https://imagedelivery.net/_XdB7bWYK-JWmUTR66I7hQ/highlights/dsc07014/w=2000	200	243084	public/img/highlights/dsc07014-w2000.webp	image/webp
https://imagedelivery.net/_XdB7bWYK-JWmUTR66I7hQ/highlights/dsc07163/w=320	200	33670	public/img/highlights/dsc07163-w320.webp	image/webp
https://imagedelivery.net/_XdB7bWYK-JWmUTR66I7hQ/highlights/dsc07163/w=640	200	91204	public/img/highlights/dsc07163-w640.webp	image/webp
https://imagedelivery.net/_XdB7bWYK-JWmUTR66I7hQ/highlights/dsc07163/w=2000	200	467030	public/img/highlights/dsc07163-w2000.webp	image/webp
https://imagedelivery.net/_XdB7bWYK-JWmUTR66I7hQ/highlights/dsc07178/w=320	200	22874	public/img/highlights/dsc07178-w320.webp	image/webp
https://imagedelivery.net/_XdB7bWYK-JWmUTR66I7hQ/highlights/dsc07178/w=640	200	57800	public/img/highlights/dsc07178-w640.webp	image/webp
https://imagedelivery.net/_XdB7bWYK-JWmUTR66I7hQ/highlights/dsc07178/w=2000	200	345966	public/img/highlights/dsc07178-w2000.webp	image/webp
https://imagedelivery.net/_XdB7bWYK-JWmUTR66I7hQ/highlights/dsc07298/w=320	200	27490	public/img/highlights/dsc07298-w320.webp	image/webp
https://imagedelivery.net/_XdB7bWYK-JWmUTR66I7hQ/highlights/dsc07298/w=640	200	79334	public/img/highlights/dsc07298-w640.webp	image/webp
https://imagedelivery.net/_XdB7bWYK-JWmUTR66I7hQ/highlights/dsc07298/w=2000	200	552050	public/img/highlights/dsc07298-w2000.webp	image/webp
https://imagedelivery.net/_XdB7bWYK-JWmUTR66I7hQ/highlights/dsc07302/w=320	200	25412	public/img/highlights/dsc07302-w320.webp	image/webp
https://imagedelivery.net/_XdB7bWYK-JWmUTR66I7hQ/highlights/dsc07302/w=640	200	74512	public/img/highlights/dsc07302-w640.webp	image/webp
https://imagedelivery.net/_XdB7bWYK-JWmUTR66I7hQ/highlights/dsc07302/w=2000	200	378314	public/img/highlights/dsc07302-w2000.webp	image/webp
https://imagedelivery.net/_XdB7bWYK-JWmUTR66I7hQ/highlights/dsc07519/w=320	200	22120	public/img/highlights/dsc07519-w320.webp	image/webp
https://imagedelivery.net/_XdB7bWYK-JWmUTR66I7hQ/highlights/dsc07519/w=640	200	73728	public/img/highlights/dsc07519-w640.webp	image/webp
https://imagedelivery.net/_XdB7bWYK-JWmUTR66I7hQ/highlights/dsc07519/w=2000	200	1302138	public/img/highlights/dsc07519-w2000.webp	image/webp
https://imagedelivery.net/_XdB7bWYK-JWmUTR66I7hQ/highlights/dsc07580/w=320	200	21364	public/img/highlights/dsc07580-w320.webp	image/webp
https://imagedelivery.net/_XdB7bWYK-JWmUTR66I7hQ/highlights/dsc07580/w=640	200	58694	public/img/highlights/dsc07580-w640.webp	image/webp
https://imagedelivery.net/_XdB7bWYK-JWmUTR66I7hQ/highlights/dsc07580/w=2000	200	550366	public/img/highlights/dsc07580-w2000.webp	image/webp
https://imagedelivery.net/_XdB7bWYK-JWmUTR66I7hQ/highlights/dsc07609/w=320	200	24238	public/img/highlights/dsc07609-w320.webp	image/webp
https://imagedelivery.net/_XdB7bWYK-JWmUTR66I7hQ/highlights/dsc07609/w=640	200	68298	public/img/highlights/dsc07609-w640.webp	image/webp
https://imagedelivery.net/_XdB7bWYK-JWmUTR66I7hQ/highlights/dsc07609/w=2000	200	602674	public/img/highlights/dsc07609-w2000.webp	image/webp
https://imagedelivery.net/_XdB7bWYK-JWmUTR66I7hQ/highlights/dsc07731/w=320	200	17478	public/img/highlights/dsc07731-w320.webp	image/webp
https://imagedelivery.net/_XdB7bWYK-JWmUTR66I7hQ/highlights/dsc07731/w=640	200	52842	public/img/highlights/dsc07731-w640.webp	image/webp
https://imagedelivery.net/_XdB7bWYK-JWmUTR66I7hQ/highlights/dsc07731/w=2000	200	627338	public/img/highlights/dsc07731-w2000.webp	image/webp
https://imagedelivery.net/_XdB7bWYK-JWmUTR66I7hQ/highlights/dsc07745/w=320	200	19156	public/img/highlights/dsc07745-w320.webp	image/webp
https://imagedelivery.net/_XdB7bWYK-JWmUTR66I7hQ/highlights/dsc07745/w=640	200	55506	public/img/highlights/dsc07745-w640.webp	image/webp
https://imagedelivery.net/_XdB7bWYK-JWmUTR66I7hQ/highlights/dsc07745/w=2000	200	544354	public/img/highlights/dsc07745-w2000.webp	image/webp
https://imagedelivery.net/_XdB7bWYK-JWmUTR66I7hQ/highlights/dsc07771/w=320	200	21922	public/img/highlights/dsc07771-w320.webp	image/webp
https://imagedelivery.net/_XdB7bWYK-JWmUTR66I7hQ/highlights/dsc07771/w=640	200	57808	public/img/highlights/dsc07771-w640.webp	image/webp
https://imagedelivery.net/_XdB7bWYK-JWmUTR66I7hQ/highlights/dsc07771/w=2000	200	649470	public/img/highlights/dsc07771-w2000.webp	image/webp
https://imagedelivery.net/_XdB7bWYK-JWmUTR66I7hQ/highlights/dsc07781/w=320	200	16754	public/img/highlights/dsc07781-w320.webp	image/webp
https://imagedelivery.net/_XdB7bWYK-JWmUTR66I7hQ/highlights/dsc07781/w=640	200	50110	public/img/highlights/dsc07781-w640.webp	image/webp
https://imagedelivery.net/_XdB7bWYK-JWmUTR66I7hQ/highlights/dsc07781/w=2000	200	598814	public/img/highlights/dsc07781-w2000.webp	image/webp
https://imagedelivery.net/_XdB7bWYK-JWmUTR66I7hQ/highlights/dsc07923/w=320	200	21894	public/img/highlights/dsc07923-w320.webp	image/webp
https://imagedelivery.net/_XdB7bWYK-JWmUTR66I7hQ/highlights/dsc07923/w=640	200	64784	public/img/highlights/dsc07923-w640.webp	image/webp
https://imagedelivery.net/_XdB7bWYK-JWmUTR66I7hQ/highlights/dsc07923/w=2000	200	578104	public/img/highlights/dsc07923-w2000.webp	image/webp
https://imagedelivery.net/_XdB7bWYK-JWmUTR66I7hQ/highlights/dsc08110/w=320	200	14192	public/img/highlights/dsc08110-w320.webp	image/webp
https://imagedelivery.net/_XdB7bWYK-JWmUTR66I7hQ/highlights/dsc08110/w=640	200	45270	public/img/highlights/dsc08110-w640.webp	image/webp
https://imagedelivery.net/_XdB7bWYK-JWmUTR66I7hQ/highlights/dsc08110/w=2000	200	656600	public/img/highlights/dsc08110-w2000.webp	image/webp
https://imagedelivery.net/_XdB7bWYK-JWmUTR66I7hQ/highlights/dsc08136/w=320	200	18130	public/img/highlights/dsc08136-w320.webp	image/webp
https://imagedelivery.net/_XdB7bWYK-JWmUTR66I7hQ/highlights/dsc08136/w=640	200	80284	public/img/highlights/dsc08136-w640.webp	image/webp
https://imagedelivery.net/_XdB7bWYK-JWmUTR66I7hQ/highlights/dsc08136/w=2000	200	682096	public/img/highlights/dsc08136-w2000.webp	image/webp
https://imagedelivery.net/_XdB7bWYK-JWmUTR66I7hQ/highlights/dsc08183/w=320	200	13176	public/img/highlights/dsc08183-w320.webp	image/webp
https://imagedelivery.net/_XdB7bWYK-JWmUTR66I7hQ/highlights/dsc08183/w=640	200	45830	public/img/highlights/dsc08183-w640.webp	image/webp
https://imagedelivery.net/_XdB7bWYK-JWmUTR66I7hQ/highlights/dsc08183/w=2000	200	555572	public/img/highlights/dsc08183-w2000.webp	image/webp
https://imagedelivery.net/_XdB7bWYK-JWmUTR66I7hQ/highlights/dsc08197/w=320	200	13424	public/img/highlights/dsc08197-w320.webp	image/webp
https://imagedelivery.net/_XdB7bWYK-JWmUTR66I7hQ/highlights/dsc08197/w=640	200	45050	public/img/highlights/dsc08197-w640.webp	image/webp
https://imagedelivery.net/_XdB7bWYK-JWmUTR66I7hQ/highlights/dsc08197/w=2000	200	575226	public/img/highlights/dsc08197-w2000.webp	image/webp
https://imagedelivery.net/_XdB7bWYK-JWmUTR66I7hQ/highlights/dsc08251/w=320	200	27332	public/img/highlights/dsc08251-w320.webp	image/webp
https://imagedelivery.net/_XdB7bWYK-JWmUTR66I7hQ/highlights/dsc08251/w=640	200	85166	public/img/highlights/dsc08251-w640.webp	image/webp
https://imagedelivery.net/_XdB7bWYK-JWmUTR66I7hQ/highlights/dsc08251/w=2000	200	857624	public/img/highlights/dsc08251-w2000.webp	image/webp
https://imagedelivery.net/_XdB7bWYK-JWmUTR66I7hQ/highlights/dsc08277/w=320	200	24532	public/img/highlights/dsc08277-w320.webp	image/webp
https://imagedelivery.net/_XdB7bWYK-JWmUTR66I7hQ/highlights/dsc08277/w=640	200	83288	public/img/highlights/dsc08277-w640.webp	image/webp
https://imagedelivery.net/_XdB7bWYK-JWmUTR66I7hQ/highlights/dsc08277/w=2000	200	969572	public/img/highlights/dsc08277-w2000.webp	image/webp
https://imagedelivery.net/_XdB7bWYK-JWmUTR66I7hQ/highlights/dsc08307/w=320	200	22276	public/img/highlights/dsc08307-w320.webp	image/webp
https://imagedelivery.net/_XdB7bWYK-JWmUTR66I7hQ/highlights/dsc08307/w=640	200	68584	public/img/highlights/dsc08307-w640.webp	image/webp
https://imagedelivery.net/_XdB7bWYK-JWmUTR66I7hQ/highlights/dsc08307/w=2000	200	513052	public/img/highlights/dsc08307-w2000.webp	image/webp
https://imagedelivery.net/_XdB7bWYK-JWmUTR66I7hQ/highlights/dsc08344/w=320	200	17188	public/img/highlights/dsc08344-w320.webp	image/webp
https://imagedelivery.net/_XdB7bWYK-JWmUTR66I7hQ/highlights/dsc08344/w=640	200	63668	public/img/highlights/dsc08344-w640.webp	image/webp
https://imagedelivery.net/_XdB7bWYK-JWmUTR66I7hQ/highlights/dsc08344/w=2000	200	613836	public/img/highlights/dsc08344-w2000.webp	image/webp
https://imagedelivery.net/_XdB7bWYK-JWmUTR66I7hQ/highlights/dsc08362/w=320	200	25438	public/img/highlights/dsc08362-w320.webp	image/webp
https://imagedelivery.net/_XdB7bWYK-JWmUTR66I7hQ/highlights/dsc08362/w=640	200	80948	public/img/highlights/dsc08362-w640.webp	image/webp
https://imagedelivery.net/_XdB7bWYK-JWmUTR66I7hQ/highlights/dsc08362/w=2000	200	1000232	public/img/highlights/dsc08362-w2000.webp	image/webp
https://imagedelivery.net/_XdB7bWYK-JWmUTR66I7hQ/reanna-hawkeye/a7300008/w=640	200	75686	public/img/reanna-hawkeye/a7300008-w640.webp	image/webp
https://imagedelivery.net/_XdB7bWYK-JWmUTR66I7hQ/reanna-hawkeye/a7300008/w=1024	200	218896	public/img/reanna-hawkeye/a7300008-w1024.webp	image/webp
https://imagedelivery.net/_XdB7bWYK-JWmUTR66I7hQ/reanna-hawkeye/a7300008/w=1400	200	506458	public/img/reanna-hawkeye/a7300008-w1400.webp	image/webp
https://imagedelivery.net/_XdB7bWYK-JWmUTR66I7hQ/reanna-hawkeye/a7300008/w=1440	200	539506	public/img/reanna-hawkeye/a7300008-w1440.webp	image/webp
https://imagedelivery.net/_XdB7bWYK-JWmUTR66I7hQ/reanna-hawkeye/a7300008/w=1920	200	1008868	public/img/reanna-hawkeye/a7300008-w1920.webp	image/webp
https://imagedelivery.net/_XdB7bWYK-JWmUTR66I7hQ/reanna-hawkeye/a7300008/w=2560	200	1752232	public/img/reanna-hawkeye/a7300008-w2560.webp	image/webp
https://imagedelivery.net/_XdB7bWYK-JWmUTR66I7hQ/reanna-hawkeye/a7300031/w=640	200	88578	public/img/reanna-hawkeye/a7300031-w640.webp	image/webp
https://imagedelivery.net/_XdB7bWYK-JWmUTR66I7hQ/reanna-hawkeye/a7300031/w=1024	200	271570	public/img/reanna-hawkeye/a7300031-w1024.webp	image/webp
https://imagedelivery.net/_XdB7bWYK-JWmUTR66I7hQ/reanna-hawkeye/a7300031/w=1400	200	552022	public/img/reanna-hawkeye/a7300031-w1400.webp	image/webp
https://imagedelivery.net/_XdB7bWYK-JWmUTR66I7hQ/reanna-hawkeye/a7300031/w=1440	200	586672	public/img/reanna-hawkeye/a7300031-w1440.webp	image/webp
https://imagedelivery.net/_XdB7bWYK-JWmUTR66I7hQ/reanna-hawkeye/a7300031/w=1920	200	1064714	public/img/reanna-hawkeye/a7300031-w1920.webp	image/webp
https://imagedelivery.net/_XdB7bWYK-JWmUTR66I7hQ/reanna-hawkeye/a7300031/w=2560	200	1751490	public/img/reanna-hawkeye/a7300031-w2560.webp	image/webp
https://imagedelivery.net/_XdB7bWYK-JWmUTR66I7hQ/reanna-hawkeye/a7309925/w=640	200	63536	public/img/reanna-hawkeye/a7309925-w640.webp	image/webp
https://imagedelivery.net/_XdB7bWYK-JWmUTR66I7hQ/reanna-hawkeye/a7309925/w=1024	200	180716	public/img/reanna-hawkeye/a7309925-w1024.webp	image/webp
https://imagedelivery.net/_XdB7bWYK-JWmUTR66I7hQ/reanna-hawkeye/a7309925/w=1100	200	212802	public/img/reanna-hawkeye/a7309925-w1100.webp	image/webp
https://imagedelivery.net/_XdB7bWYK-JWmUTR66I7hQ/reanna-hawkeye/a7309925/w=1400	200	373144	public/img/reanna-hawkeye/a7309925-w1400.webp	image/webp
https://imagedelivery.net/_XdB7bWYK-JWmUTR66I7hQ/reanna-hawkeye/a7309925/w=1440	200	395846	public/img/reanna-hawkeye/a7309925-w1440.webp	image/webp
https://imagedelivery.net/_XdB7bWYK-JWmUTR66I7hQ/reanna-hawkeye/a7309925/w=1920	200	723372	public/img/reanna-hawkeye/a7309925-w1920.webp	image/webp
https://imagedelivery.net/_XdB7bWYK-JWmUTR66I7hQ/reanna-hawkeye/a7309925/w=2560	200	1238300	public/img/reanna-hawkeye/a7309925-w2560.webp	image/webp
https://imagedelivery.net/_XdB7bWYK-JWmUTR66I7hQ/reanna-hawkeye/a7309929/w=640	200	69174	public/img/reanna-hawkeye/a7309929-w640.webp	image/webp
https://imagedelivery.net/_XdB7bWYK-JWmUTR66I7hQ/reanna-hawkeye/a7309929/w=1024	200	215402	public/img/reanna-hawkeye/a7309929-w1024.webp	image/webp
https://imagedelivery.net/_XdB7bWYK-JWmUTR66I7hQ/reanna-hawkeye/a7309929/w=1400	200	465460	public/img/reanna-hawkeye/a7309929-w1400.webp	image/webp
https://imagedelivery.net/_XdB7bWYK-JWmUTR66I7hQ/reanna-hawkeye/a7309929/w=1440	200	495984	public/img/reanna-hawkeye/a7309929-w1440.webp	image/webp
https://imagedelivery.net/_XdB7bWYK-JWmUTR66I7hQ/reanna-hawkeye/a7309929/w=1920	200	949676	public/img/reanna-hawkeye/a7309929-w1920.webp	image/webp
https://imagedelivery.net/_XdB7bWYK-JWmUTR66I7hQ/reanna-hawkeye/a7309929/w=2560	200	1615348	public/img/reanna-hawkeye/a7309929-w2560.webp	image/webp
https://imagedelivery.net/_XdB7bWYK-JWmUTR66I7hQ/reanna-hawkeye/a7309956/w=640	200	43334	public/img/reanna-hawkeye/a7309956-w640.webp	image/webp
https://imagedelivery.net/_XdB7bWYK-JWmUTR66I7hQ/reanna-hawkeye/a7309956/w=1024	200	162430	public/img/reanna-hawkeye/a7309956-w1024.webp	image/webp
https://imagedelivery.net/_XdB7bWYK-JWmUTR66I7hQ/reanna-hawkeye/a7309956/w=1400	200	333358	public/img/reanna-hawkeye/a7309956-w1400.webp	image/webp
https://imagedelivery.net/_XdB7bWYK-JWmUTR66I7hQ/reanna-hawkeye/a7309956/w=1440	200	410854	public/img/reanna-hawkeye/a7309956-w1440.webp	image/webp
https://imagedelivery.net/_XdB7bWYK-JWmUTR66I7hQ/reanna-hawkeye/a7309956/w=1920	200	818142	public/img/reanna-hawkeye/a7309956-w1920.webp	image/webp
https://imagedelivery.net/_XdB7bWYK-JWmUTR66I7hQ/reanna-hawkeye/a7309956/w=2560	200	1293604	public/img/reanna-hawkeye/a7309956-w2560.webp	image/webp
https://imagedelivery.net/_XdB7bWYK-JWmUTR66I7hQ/reanna-hawkeye/a7309978/w=640	200	59328	public/img/reanna-hawkeye/a7309978-w640.webp	image/webp
https://imagedelivery.net/_XdB7bWYK-JWmUTR66I7hQ/reanna-hawkeye/a7309978/w=1024	200	186796	public/img/reanna-hawkeye/a7309978-w1024.webp	image/webp
https://imagedelivery.net/_XdB7bWYK-JWmUTR66I7hQ/reanna-hawkeye/a7309978/w=1400	200	419662	public/img/reanna-hawkeye/a7309978-w1400.webp	image/webp
https://imagedelivery.net/_XdB7bWYK-JWmUTR66I7hQ/reanna-hawkeye/a7309978/w=1440	200	447458	public/img/reanna-hawkeye/a7309978-w1440.webp	image/webp
https://imagedelivery.net/_XdB7bWYK-JWmUTR66I7hQ/reanna-hawkeye/a7309978/w=1920	200	892908	public/img/reanna-hawkeye/a7309978-w1920.webp	image/webp
https://imagedelivery.net/_XdB7bWYK-JWmUTR66I7hQ/reanna-hawkeye/a7309978/w=2560	200	1563908	public/img/reanna-hawkeye/a7309978-w2560.webp	image/webp
https://imagedelivery.net/_XdB7bWYK-JWmUTR66I7hQ/reanna-hawkeye/dsc01591/w=640	200	80010	public/img/reanna-hawkeye/dsc01591-w640.webp	image/webp
https://imagedelivery.net/_XdB7bWYK-JWmUTR66I7hQ/reanna-hawkeye/dsc01591/w=1024	200	173014	public/img/reanna-hawkeye/dsc01591-w1024.webp	image/webp
https://imagedelivery.net/_XdB7bWYK-JWmUTR66I7hQ/reanna-hawkeye/dsc01591/w=1440	200	299874	public/img/reanna-hawkeye/dsc01591-w1440.webp	image/webp
https://imagedelivery.net/_XdB7bWYK-JWmUTR66I7hQ/reanna-hawkeye/dsc01591/w=1920	200	480600	public/img/reanna-hawkeye/dsc01591-w1920.webp	image/webp
https://imagedelivery.net/_XdB7bWYK-JWmUTR66I7hQ/reanna-hawkeye/dsc01591/w=2000	200	515318	public/img/reanna-hawkeye/dsc01591-w2000.webp	image/webp
https://imagedelivery.net/_XdB7bWYK-JWmUTR66I7hQ/reanna-hawkeye/dsc01591/w=2560	200	763578	public/img/reanna-hawkeye/dsc01591-w2560.webp	image/webp
https://imagedelivery.net/_XdB7bWYK-JWmUTR66I7hQ/reanna-hawkeye/dsc01600/w=640	200	63668	public/img/reanna-hawkeye/dsc01600-w640.webp	image/webp
https://imagedelivery.net/_XdB7bWYK-JWmUTR66I7hQ/reanna-hawkeye/dsc01600/w=1024	200	138020	public/img/reanna-hawkeye/dsc01600-w1024.webp	image/webp
https://imagedelivery.net/_XdB7bWYK-JWmUTR66I7hQ/reanna-hawkeye/dsc01600/w=1440	200	246694	public/img/reanna-hawkeye/dsc01600-w1440.webp	image/webp
https://imagedelivery.net/_XdB7bWYK-JWmUTR66I7hQ/reanna-hawkeye/dsc01600/w=1920	200	395144	public/img/reanna-hawkeye/dsc01600-w1920.webp	image/webp
https://imagedelivery.net/_XdB7bWYK-JWmUTR66I7hQ/reanna-hawkeye/dsc01600/w=2000	200	425036	public/img/reanna-hawkeye/dsc01600-w2000.webp	image/webp
https://imagedelivery.net/_XdB7bWYK-JWmUTR66I7hQ/reanna-hawkeye/dsc01600/w=2560	200	643730	public/img/reanna-hawkeye/dsc01600-w2560.webp	image/webp
https://imagedelivery.net/_XdB7bWYK-JWmUTR66I7hQ/reanna-hawkeye/dsc01667/w=640	200	79846	public/img/reanna-hawkeye/dsc01667-w640.webp	image/webp
https://imagedelivery.net/_XdB7bWYK-JWmUTR66I7hQ/reanna-hawkeye/dsc01667/w=1024	200	193388	public/img/reanna-hawkeye/dsc01667-w1024.webp	image/webp
https://imagedelivery.net/_XdB7bWYK-JWmUTR66I7hQ/reanna-hawkeye/dsc01667/w=1440	200	347788	public/img/reanna-hawkeye/dsc01667-w1440.webp	image/webp
https://imagedelivery.net/_XdB7bWYK-JWmUTR66I7hQ/reanna-hawkeye/dsc01667/w=1920	200	564278	public/img/reanna-hawkeye/dsc01667-w1920.webp	image/webp
https://imagedelivery.net/_XdB7bWYK-JWmUTR66I7hQ/reanna-hawkeye/dsc01667/w=2000	200	605398	public/img/reanna-hawkeye/dsc01667-w2000.webp	image/webp
https://imagedelivery.net/_XdB7bWYK-JWmUTR66I7hQ/reanna-hawkeye/dsc01667/w=2560	200	921604	public/img/reanna-hawkeye/dsc01667-w2560.webp	image/webp
https://imagedelivery.net/_XdB7bWYK-JWmUTR66I7hQ/reanna-hawkeye/dsc01760/w=640	200	50140	public/img/reanna-hawkeye/dsc01760-w640.webp	image/webp
https://imagedelivery.net/_XdB7bWYK-JWmUTR66I7hQ/reanna-hawkeye/dsc01760/w=1024	200	97784	public/img/reanna-hawkeye/dsc01760-w1024.webp	image/webp
https://imagedelivery.net/_XdB7bWYK-JWmUTR66I7hQ/reanna-hawkeye/dsc01760/w=1100	200	109660	public/img/reanna-hawkeye/dsc01760-w1100.webp	image/webp
https://imagedelivery.net/_XdB7bWYK-JWmUTR66I7hQ/reanna-hawkeye/dsc01760/w=1440	200	163130	public/img/reanna-hawkeye/dsc01760-w1440.webp	image/webp
https://imagedelivery.net/_XdB7bWYK-JWmUTR66I7hQ/reanna-hawkeye/dsc01760/w=1920	200	243658	public/img/reanna-hawkeye/dsc01760-w1920.webp	image/webp
https://imagedelivery.net/_XdB7bWYK-JWmUTR66I7hQ/reanna-hawkeye/dsc01760/w=2000	200	268302	public/img/reanna-hawkeye/dsc01760-w2000.webp	image/webp
https://imagedelivery.net/_XdB7bWYK-JWmUTR66I7hQ/reanna-hawkeye/dsc01760/w=2560	200	430656	public/img/reanna-hawkeye/dsc01760-w2560.webp	image/webp
https://imagedelivery.net/_XdB7bWYK-JWmUTR66I7hQ/reanna-hawkeye/dsc01770/w=640	200	31250	public/img/reanna-hawkeye/dsc01770-w640.webp	image/webp
https://imagedelivery.net/_XdB7bWYK-JWmUTR66I7hQ/reanna-hawkeye/dsc01770/w=1024	200	65458	public/img/reanna-hawkeye/dsc01770-w1024.webp	image/webp
https://imagedelivery.net/_XdB7bWYK-JWmUTR66I7hQ/reanna-hawkeye/dsc01770/w=1440	200	119036	public/img/reanna-hawkeye/dsc01770-w1440.webp	image/webp
https://imagedelivery.net/_XdB7bWYK-JWmUTR66I7hQ/reanna-hawkeye/dsc01770/w=1920	200	200290	public/img/reanna-hawkeye/dsc01770-w1920.webp	image/webp
https://imagedelivery.net/_XdB7bWYK-JWmUTR66I7hQ/reanna-hawkeye/dsc01770/w=2000	200	217180	public/img/reanna-hawkeye/dsc01770-w2000.webp	image/webp
https://imagedelivery.net/_XdB7bWYK-JWmUTR66I7hQ/reanna-hawkeye/dsc01770/w=2560	200	374634	public/img/reanna-hawkeye/dsc01770-w2560.webp	image/webp
https://imagedelivery.net/_XdB7bWYK-JWmUTR66I7hQ/reanna-hawkeye/dsc01786/w=640	200	69534	public/img/reanna-hawkeye/dsc01786-w640.webp	image/webp
https://imagedelivery.net/_XdB7bWYK-JWmUTR66I7hQ/reanna-hawkeye/dsc01786/w=1024	200	163706	public/img/reanna-hawkeye/dsc01786-w1024.webp	image/webp
https://imagedelivery.net/_XdB7bWYK-JWmUTR66I7hQ/reanna-hawkeye/dsc01786/w=1440	200	291372	public/img/reanna-hawkeye/dsc01786-w1440.webp	image/webp
https://imagedelivery.net/_XdB7bWYK-JWmUTR66I7hQ/reanna-hawkeye/dsc01786/w=1920	200	448858	public/img/reanna-hawkeye/dsc01786-w1920.webp	image/webp
https://imagedelivery.net/_XdB7bWYK-JWmUTR66I7hQ/reanna-hawkeye/dsc01786/w=2000	200	480616	public/img/reanna-hawkeye/dsc01786-w2000.webp	image/webp
https://imagedelivery.net/_XdB7bWYK-JWmUTR66I7hQ/reanna-hawkeye/dsc01786/w=2560	200	699014	public/img/reanna-hawkeye/dsc01786-w2560.webp	image/webp
https://imagedelivery.net/_XdB7bWYK-JWmUTR66I7hQ/reanna-hawkeye/dsc01818/w=640	200	65178	public/img/reanna-hawkeye/dsc01818-w640.webp	image/webp
https://imagedelivery.net/_XdB7bWYK-JWmUTR66I7hQ/reanna-hawkeye/dsc01818/w=1024	200	140034	public/img/reanna-hawkeye/dsc01818-w1024.webp	image/webp
https://imagedelivery.net/_XdB7bWYK-JWmUTR66I7hQ/reanna-hawkeye/dsc01818/w=1440	200	243330	public/img/reanna-hawkeye/dsc01818-w1440.webp	image/webp
https://imagedelivery.net/_XdB7bWYK-JWmUTR66I7hQ/reanna-hawkeye/dsc01818/w=1600	200	290514	public/img/reanna-hawkeye/dsc01818-w1600.webp	image/webp
https://imagedelivery.net/_XdB7bWYK-JWmUTR66I7hQ/reanna-hawkeye/dsc01818/w=1920	200	378214	public/img/reanna-hawkeye/dsc01818-w1920.webp	image/webp
https://imagedelivery.net/_XdB7bWYK-JWmUTR66I7hQ/reanna-hawkeye/dsc01818/w=2560	200	569570	public/img/reanna-hawkeye/dsc01818-w2560.webp	image/webp
https://imagedelivery.net/_XdB7bWYK-JWmUTR66I7hQ/reanna-hawkeye/dsc01827/w=640	200	115336	public/img/reanna-hawkeye/dsc01827-w640.webp	image/webp
https://imagedelivery.net/_XdB7bWYK-JWmUTR66I7hQ/reanna-hawkeye/dsc01827/w=1024	200	255744	public/img/reanna-hawkeye/dsc01827-w1024.webp	image/webp
https://imagedelivery.net/_XdB7bWYK-JWmUTR66I7hQ/reanna-hawkeye/dsc01827/w=1400	200	418912	public/img/reanna-hawkeye/dsc01827-w1400.webp	image/webp
https://imagedelivery.net/_XdB7bWYK-JWmUTR66I7hQ/reanna-hawkeye/dsc01827/w=1440	200	436348	public/img/reanna-hawkeye/dsc01827-w1440.webp	image/webp
https://imagedelivery.net/_XdB7bWYK-JWmUTR66I7hQ/reanna-hawkeye/dsc01827/w=1920	200	695474	public/img/reanna-hawkeye/dsc01827-w1920.webp	image/webp
https://imagedelivery.net/_XdB7bWYK-JWmUTR66I7hQ/reanna-hawkeye/dsc01827/w=2560	200	1079858	public/img/reanna-hawkeye/dsc01827-w2560.webp	image/webp
https://imagedelivery.net/_XdB7bWYK-JWmUTR66I7hQ/reanna-hawkeye/dsc01848/w=640	200	144466	public/img/reanna-hawkeye/dsc01848-w640.webp	image/webp
https://imagedelivery.net/_XdB7bWYK-JWmUTR66I7hQ/reanna-hawkeye/dsc01848/w=1024	200	327702	public/img/reanna-hawkeye/dsc01848-w1024.webp	image/webp
https://imagedelivery.net/_XdB7bWYK-JWmUTR66I7hQ/reanna-hawkeye/dsc01848/w=1400	200	564060	public/img/reanna-hawkeye/dsc01848-w1400.webp	image/webp
https://imagedelivery.net/_XdB7bWYK-JWmUTR66I7hQ/reanna-hawkeye/dsc01848/w=1440	200	591520	public/img/reanna-hawkeye/dsc01848-w1440.webp	image/webp
https://imagedelivery.net/_XdB7bWYK-JWmUTR66I7hQ/reanna-hawkeye/dsc01848/w=1920	200	965316	public/img/reanna-hawkeye/dsc01848-w1920.webp	image/webp
https://imagedelivery.net/_XdB7bWYK-JWmUTR66I7hQ/reanna-hawkeye/dsc01848/w=2560	200	1504638	public/img/reanna-hawkeye/dsc01848-w2560.webp	image/webp
https://imagedelivery.net/_XdB7bWYK-JWmUTR66I7hQ/reanna-hawkeye/dsc01862/w=640	200	62236	public/img/reanna-hawkeye/dsc01862-w640.webp	image/webp
https://imagedelivery.net/_XdB7bWYK-JWmUTR66I7hQ/reanna-hawkeye/dsc01862/w=1024	200	143518	public/img/reanna-hawkeye/dsc01862-w1024.webp	image/webp
https://imagedelivery.net/_XdB7bWYK-JWmUTR66I7hQ/reanna-hawkeye/dsc01862/w=1440	200	265224	public/img/reanna-hawkeye/dsc01862-w1440.webp	image/webp
https://imagedelivery.net/_XdB7bWYK-JWmUTR66I7hQ/reanna-hawkeye/dsc01862/w=1920	200	436398	public/img/reanna-hawkeye/dsc01862-w1920.webp	image/webp
https://imagedelivery.net/_XdB7bWYK-JWmUTR66I7hQ/reanna-hawkeye/dsc01862/w=2000	200	469346	public/img/reanna-hawkeye/dsc01862-w2000.webp	image/webp
https://imagedelivery.net/_XdB7bWYK-JWmUTR66I7hQ/reanna-hawkeye/dsc01862/w=2560	200	706290	public/img/reanna-hawkeye/dsc01862-w2560.webp	image/webp
https://imagedelivery.net/_XdB7bWYK-JWmUTR66I7hQ/reanna-hawkeye/dsc01923/w=640	200	107466	public/img/reanna-hawkeye/dsc01923-w640.webp	image/webp
https://imagedelivery.net/_XdB7bWYK-JWmUTR66I7hQ/reanna-hawkeye/dsc01923/w=1024	200	209558	public/img/reanna-hawkeye/dsc01923-w1024.webp	image/webp
https://imagedelivery.net/_XdB7bWYK-JWmUTR66I7hQ/reanna-hawkeye/dsc01923/w=1100	200	230634	public/img/reanna-hawkeye/dsc01923-w1100.webp	image/webp
https://imagedelivery.net/_XdB7bWYK-JWmUTR66I7hQ/reanna-hawkeye/dsc01923/w=1400	200	323552	public/img/reanna-hawkeye/dsc01923-w1400.webp	image/webp
https://imagedelivery.net/_XdB7bWYK-JWmUTR66I7hQ/reanna-hawkeye/dsc01923/w=1440	200	335212	public/img/reanna-hawkeye/dsc01923-w1440.webp	image/webp
https://imagedelivery.net/_XdB7bWYK-JWmUTR66I7hQ/reanna-hawkeye/dsc01923/w=1920	200	495190	public/img/reanna-hawkeye/dsc01923-w1920.webp	image/webp
https://imagedelivery.net/_XdB7bWYK-JWmUTR66I7hQ/reanna-hawkeye/dsc01923/w=2560	200	803824	public/img/reanna-hawkeye/dsc01923-w2560.webp	image/webp
https://imagedelivery.net/_XdB7bWYK-JWmUTR66I7hQ/reanna-hawkeye/dsc01951/w=640	200	127000	public/img/reanna-hawkeye/dsc01951-w640.webp	image/webp
https://imagedelivery.net/_XdB7bWYK-JWmUTR66I7hQ/reanna-hawkeye/dsc01951/w=1024	200	281686	public/img/reanna-hawkeye/dsc01951-w1024.webp	image/webp
https://imagedelivery.net/_XdB7bWYK-JWmUTR66I7hQ/reanna-hawkeye/dsc01951/w=1400	200	507288	public/img/reanna-hawkeye/dsc01951-w1400.webp	image/webp
https://imagedelivery.net/_XdB7bWYK-JWmUTR66I7hQ/reanna-hawkeye/dsc01951/w=1440	200	535122	public/img/reanna-hawkeye/dsc01951-w1440.webp	image/webp
https://imagedelivery.net/_XdB7bWYK-JWmUTR66I7hQ/reanna-hawkeye/dsc01951/w=1920	200	893750	public/img/reanna-hawkeye/dsc01951-w1920.webp	image/webp
https://imagedelivery.net/_XdB7bWYK-JWmUTR66I7hQ/reanna-hawkeye/dsc01951/w=2560	200	1499224	public/img/reanna-hawkeye/dsc01951-w2560.webp	image/webp
https://imagedelivery.net/_XdB7bWYK-JWmUTR66I7hQ/reanna-hawkeye/dsc02060/w=640	200	136396	public/img/reanna-hawkeye/dsc02060-w640.webp	image/webp
https://imagedelivery.net/_XdB7bWYK-JWmUTR66I7hQ/reanna-hawkeye/dsc02060/w=1024	200	314364	public/img/reanna-hawkeye/dsc02060-w1024.webp	image/webp
https://imagedelivery.net/_XdB7bWYK-JWmUTR66I7hQ/reanna-hawkeye/dsc02060/w=1100	200	358144	public/img/reanna-hawkeye/dsc02060-w1100.webp	image/webp
https://imagedelivery.net/_XdB7bWYK-JWmUTR66I7hQ/reanna-hawkeye/dsc02060/w=1440	200	556874	public/img/reanna-hawkeye/dsc02060-w1440.webp	image/webp
https://imagedelivery.net/_XdB7bWYK-JWmUTR66I7hQ/reanna-hawkeye/dsc02060/w=1600	200	660160	public/img/reanna-hawkeye/dsc02060-w1600.webp	image/webp
https://imagedelivery.net/_XdB7bWYK-JWmUTR66I7hQ/reanna-hawkeye/dsc02060/w=1920	200	887578	public/img/reanna-hawkeye/dsc02060-w1920.webp	image/webp
https://imagedelivery.net/_XdB7bWYK-JWmUTR66I7hQ/reanna-hawkeye/dsc02060/w=2560	200	1407758	public/img/reanna-hawkeye/dsc02060-w2560.webp	image/webp
https://imagedelivery.net/_XdB7bWYK-JWmUTR66I7hQ/reanna-hawkeye/dsc02097/w=640	200	84590	public/img/reanna-hawkeye/dsc02097-w640.webp	image/webp
https://imagedelivery.net/_XdB7bWYK-JWmUTR66I7hQ/reanna-hawkeye/dsc02097/w=1024	200	162104	public/img/reanna-hawkeye/dsc02097-w1024.webp	image/webp
https://imagedelivery.net/_XdB7bWYK-JWmUTR66I7hQ/reanna-hawkeye/dsc02097/w=1400	200	249264	public/img/reanna-hawkeye/dsc02097-w1400.webp	image/webp
https://imagedelivery.net/_XdB7bWYK-JWmUTR66I7hQ/reanna-hawkeye/dsc02097/w=1440	200	258858	public/img/reanna-hawkeye/dsc02097-w1440.webp	image/webp
https://imagedelivery.net/_XdB7bWYK-JWmUTR66I7hQ/reanna-hawkeye/dsc02097/w=1920	200	405620	public/img/reanna-hawkeye/dsc02097-w1920.webp	image/webp
https://imagedelivery.net/_XdB7bWYK-JWmUTR66I7hQ/reanna-hawkeye/dsc02097/w=2560	200	653416	public/img/reanna-hawkeye/dsc02097-w2560.webp	image/webp
https://imagedelivery.net/_XdB7bWYK-JWmUTR66I7hQ/reanna-hawkeye/dsc02159/w=640	200	10828	public/img/reanna-hawkeye/dsc02159-w640.webp	image/webp
https://imagedelivery.net/_XdB7bWYK-JWmUTR66I7hQ/reanna-hawkeye/dsc02159/w=800	200	14778	public/img/reanna-hawkeye/dsc02159-w800.webp	image/webp
https://imagedelivery.net/_XdB7bWYK-JWmUTR66I7hQ/reanna-hawkeye/dsc02159/w=900	200	17454	public/img/reanna-hawkeye/dsc02159-w900.webp	image/webp
https://imagedelivery.net/_XdB7bWYK-JWmUTR66I7hQ/reanna-hawkeye/dsc02159/w=1024	200	20166	public/img/reanna-hawkeye/dsc02159-w1024.webp	image/webp
https://imagedelivery.net/_XdB7bWYK-JWmUTR66I7hQ/reanna-hawkeye/dsc02159/w=1200	200	26288	public/img/reanna-hawkeye/dsc02159-w1200.webp	image/webp
https://imagedelivery.net/_XdB7bWYK-JWmUTR66I7hQ/reanna-hawkeye/dsc02159/w=1440	200	33540	public/img/reanna-hawkeye/dsc02159-w1440.webp	image/webp
https://imagedelivery.net/_XdB7bWYK-JWmUTR66I7hQ/reanna-hawkeye/dsc02159/w=1600	200	39716	public/img/reanna-hawkeye/dsc02159-w1600.webp	image/webp
https://imagedelivery.net/_XdB7bWYK-JWmUTR66I7hQ/reanna-hawkeye/dsc02159/w=1920	200	52500	public/img/reanna-hawkeye/dsc02159-w1920.webp	image/webp
https://imagedelivery.net/_XdB7bWYK-JWmUTR66I7hQ/reanna-hawkeye/dsc02159/w=2000	200	54954	public/img/reanna-hawkeye/dsc02159-w2000.webp	image/webp
https://imagedelivery.net/_XdB7bWYK-JWmUTR66I7hQ/reanna-hawkeye/dsc02159/w=2200	200	64978	public/img/reanna-hawkeye/dsc02159-w2200.webp	image/webp
https://imagedelivery.net/_XdB7bWYK-JWmUTR66I7hQ/reanna-hawkeye/dsc02159/w=2560	200	82090	public/img/reanna-hawkeye/dsc02159-w2560.webp	image/webp
https://imagedelivery.net/_XdB7bWYK-JWmUTR66I7hQ/reanna-hawkeye/dsc02205/w=640	200	123060	public/img/reanna-hawkeye/dsc02205-w640.webp	image/webp
https://imagedelivery.net/_XdB7bWYK-JWmUTR66I7hQ/reanna-hawkeye/dsc02205/w=1024	200	310714	public/img/reanna-hawkeye/dsc02205-w1024.webp	image/webp
https://imagedelivery.net/_XdB7bWYK-JWmUTR66I7hQ/reanna-hawkeye/dsc02205/w=1400	200	564954	public/img/reanna-hawkeye/dsc02205-w1400.webp	image/webp
https://imagedelivery.net/_XdB7bWYK-JWmUTR66I7hQ/reanna-hawkeye/dsc02205/w=1440	200	593132	public/img/reanna-hawkeye/dsc02205-w1440.webp	image/webp
https://imagedelivery.net/_XdB7bWYK-JWmUTR66I7hQ/reanna-hawkeye/dsc02205/w=1920	200	1011692	public/img/reanna-hawkeye/dsc02205-w1920.webp	image/webp
https://imagedelivery.net/_XdB7bWYK-JWmUTR66I7hQ/reanna-hawkeye/dsc02205/w=2560	200	1625116	public/img/reanna-hawkeye/dsc02205-w2560.webp	image/webp
https://imagedelivery.net/_XdB7bWYK-JWmUTR66I7hQ/reanna-hawkeye/dsc02386/w=640	200	102716	public/img/reanna-hawkeye/dsc02386-w640.webp	image/webp
https://imagedelivery.net/_XdB7bWYK-JWmUTR66I7hQ/reanna-hawkeye/dsc02386/w=1024	200	196072	public/img/reanna-hawkeye/dsc02386-w1024.webp	image/webp
https://imagedelivery.net/_XdB7bWYK-JWmUTR66I7hQ/reanna-hawkeye/dsc02386/w=1100	200	217482	public/img/reanna-hawkeye/dsc02386-w1100.webp	image/webp
https://imagedelivery.net/_XdB7bWYK-JWmUTR66I7hQ/reanna-hawkeye/dsc02386/w=1440	200	314110	public/img/reanna-hawkeye/dsc02386-w1440.webp	image/webp
https://imagedelivery.net/_XdB7bWYK-JWmUTR66I7hQ/reanna-hawkeye/dsc02386/w=1600	200	367244	public/img/reanna-hawkeye/dsc02386-w1600.webp	image/webp
https://imagedelivery.net/_XdB7bWYK-JWmUTR66I7hQ/reanna-hawkeye/dsc02386/w=1920	200	483470	public/img/reanna-hawkeye/dsc02386-w1920.webp	image/webp
https://imagedelivery.net/_XdB7bWYK-JWmUTR66I7hQ/reanna-hawkeye/dsc02386/w=2560	200	851844	public/img/reanna-hawkeye/dsc02386-w2560.webp	image/webp
https://imagedelivery.net/_XdB7bWYK-JWmUTR66I7hQ/reanna-hawkeye/dsc02565/w=640	200	80390	public/img/reanna-hawkeye/dsc02565-w640.webp	image/webp
https://imagedelivery.net/_XdB7bWYK-JWmUTR66I7hQ/reanna-hawkeye/dsc02565/w=1024	200	168144	public/img/reanna-hawkeye/dsc02565-w1024.webp	image/webp
https://imagedelivery.net/_XdB7bWYK-JWmUTR66I7hQ/reanna-hawkeye/dsc02565/w=1100	200	195934	public/img/reanna-hawkeye/dsc02565-w1100.webp	image/webp
https://imagedelivery.net/_XdB7bWYK-JWmUTR66I7hQ/reanna-hawkeye/dsc02565/w=1400	200	308822	public/img/reanna-hawkeye/dsc02565-w1400.webp	image/webp
https://imagedelivery.net/_XdB7bWYK-JWmUTR66I7hQ/reanna-hawkeye/dsc02565/w=1440	200	324260	public/img/reanna-hawkeye/dsc02565-w1440.webp	image/webp
https://imagedelivery.net/_XdB7bWYK-JWmUTR66I7hQ/reanna-hawkeye/dsc02565/w=1920	200	569438	public/img/reanna-hawkeye/dsc02565-w1920.webp	image/webp
https://imagedelivery.net/_XdB7bWYK-JWmUTR66I7hQ/reanna-hawkeye/dsc02565/w=2560	200	1066028	public/img/reanna-hawkeye/dsc02565-w2560.webp	image/webp
https://imagedelivery.net/_XdB7bWYK-JWmUTR66I7hQ/reanna-hawkeye/dsc02970-edit/w=640	200	37606	public/img/reanna-hawkeye/dsc02970-edit-w640.webp	image/webp
https://imagedelivery.net/_XdB7bWYK-JWmUTR66I7hQ/reanna-hawkeye/dsc02970-edit/w=1024	200	82688	public/img/reanna-hawkeye/dsc02970-edit-w1024.webp	image/webp
https://imagedelivery.net/_XdB7bWYK-JWmUTR66I7hQ/reanna-hawkeye/dsc02970-edit/w=1440	200	203892	public/img/reanna-hawkeye/dsc02970-edit-w1440.webp	image/webp
https://imagedelivery.net/_XdB7bWYK-JWmUTR66I7hQ/reanna-hawkeye/dsc02970-edit/w=1600	200	278420	public/img/reanna-hawkeye/dsc02970-edit-w1600.webp	image/webp
https://imagedelivery.net/_XdB7bWYK-JWmUTR66I7hQ/reanna-hawkeye/dsc02970-edit/w=1920	200	464908	public/img/reanna-hawkeye/dsc02970-edit-w1920.webp	image/webp
https://imagedelivery.net/_XdB7bWYK-JWmUTR66I7hQ/reanna-hawkeye/dsc02970-edit/w=2560	200	920582	public/img/reanna-hawkeye/dsc02970-edit-w2560.webp	image/webp
https://imagedelivery.net/_XdB7bWYK-JWmUTR66I7hQ/reanna-hawkeye/dsc03069/w=640	200	92114	public/img/reanna-hawkeye/dsc03069-w640.webp	image/webp
https://imagedelivery.net/_XdB7bWYK-JWmUTR66I7hQ/reanna-hawkeye/dsc03069/w=1024	200	245580	public/img/reanna-hawkeye/dsc03069-w1024.webp	image/webp
https://imagedelivery.net/_XdB7bWYK-JWmUTR66I7hQ/reanna-hawkeye/dsc03069/w=1400	200	508382	public/img/reanna-hawkeye/dsc03069-w1400.webp	image/webp
https://imagedelivery.net/_XdB7bWYK-JWmUTR66I7hQ/reanna-hawkeye/dsc03069/w=1440	200	544822	public/img/reanna-hawkeye/dsc03069-w1440.webp	image/webp
https://imagedelivery.net/_XdB7bWYK-JWmUTR66I7hQ/reanna-hawkeye/dsc03069/w=1920	200	1119714	public/img/reanna-hawkeye/dsc03069-w1920.webp	image/webp
https://imagedelivery.net/_XdB7bWYK-JWmUTR66I7hQ/reanna-hawkeye/dsc03069/w=2560	200	2154910	public/img/reanna-hawkeye/dsc03069-w2560.webp	image/webp
https://imagedelivery.net/_XdB7bWYK-JWmUTR66I7hQ/reanna-hawkeye/dsc03094/w=640	200	56100	public/img/reanna-hawkeye/dsc03094-w640.webp	image/webp
https://imagedelivery.net/_XdB7bWYK-JWmUTR66I7hQ/reanna-hawkeye/dsc03094/w=1024	200	119518	public/img/reanna-hawkeye/dsc03094-w1024.webp	image/webp
https://imagedelivery.net/_XdB7bWYK-JWmUTR66I7hQ/reanna-hawkeye/dsc03094/w=1400	200	196366	public/img/reanna-hawkeye/dsc03094-w1400.webp	image/webp
https://imagedelivery.net/_XdB7bWYK-JWmUTR66I7hQ/reanna-hawkeye/dsc03094/w=1440	200	204426	public/img/reanna-hawkeye/dsc03094-w1440.webp	image/webp
https://imagedelivery.net/_XdB7bWYK-JWmUTR66I7hQ/reanna-hawkeye/dsc03094/w=1920	200	328088	public/img/reanna-hawkeye/dsc03094-w1920.webp	image/webp
https://imagedelivery.net/_XdB7bWYK-JWmUTR66I7hQ/reanna-hawkeye/dsc03094/w=2560	200	506476	public/img/reanna-hawkeye/dsc03094-w2560.webp	image/webp
https://imagedelivery.net/_XdB7bWYK-JWmUTR66I7hQ/reanna-hawkeye/dsc03108/w=640	200	27114	public/img/reanna-hawkeye/dsc03108-w640.webp	image/webp
https://imagedelivery.net/_XdB7bWYK-JWmUTR66I7hQ/reanna-hawkeye/dsc03108/w=1024	200	71044	public/img/reanna-hawkeye/dsc03108-w1024.webp	image/webp
https://imagedelivery.net/_XdB7bWYK-JWmUTR66I7hQ/reanna-hawkeye/dsc03108/w=1400	200	144234	public/img/reanna-hawkeye/dsc03108-w1400.webp	image/webp
https://imagedelivery.net/_XdB7bWYK-JWmUTR66I7hQ/reanna-hawkeye/dsc03108/w=1440	200	159144	public/img/reanna-hawkeye/dsc03108-w1440.webp	image/webp
https://imagedelivery.net/_XdB7bWYK-JWmUTR66I7hQ/reanna-hawkeye/dsc03108/w=1920	200	234852	public/img/reanna-hawkeye/dsc03108-w1920.webp	image/webp
https://imagedelivery.net/_XdB7bWYK-JWmUTR66I7hQ/reanna-hawkeye/dsc03108/w=2560	200	234852	public/img/reanna-hawkeye/dsc03108-w2560.webp	image/webp
https://imagedelivery.net/_XdB7bWYK-JWmUTR66I7hQ/reanna-hawkeye/dsc03227/w=640	200	81996	public/img/reanna-hawkeye/dsc03227-w640.webp	image/webp
https://imagedelivery.net/_XdB7bWYK-JWmUTR66I7hQ/reanna-hawkeye/dsc03227/w=1024	200	196580	public/img/reanna-hawkeye/dsc03227-w1024.webp	image/webp
https://imagedelivery.net/_XdB7bWYK-JWmUTR66I7hQ/reanna-hawkeye/dsc03227/w=1440	200	353838	public/img/reanna-hawkeye/dsc03227-w1440.webp	image/webp
https://imagedelivery.net/_XdB7bWYK-JWmUTR66I7hQ/reanna-hawkeye/dsc03227/w=1920	200	586664	public/img/reanna-hawkeye/dsc03227-w1920.webp	image/webp
https://imagedelivery.net/_XdB7bWYK-JWmUTR66I7hQ/reanna-hawkeye/dsc03227/w=2000	200	629250	public/img/reanna-hawkeye/dsc03227-w2000.webp	image/webp
https://imagedelivery.net/_XdB7bWYK-JWmUTR66I7hQ/reanna-hawkeye/dsc03227/w=2560	200	930502	public/img/reanna-hawkeye/dsc03227-w2560.webp	image/webp
https://imagedelivery.net/_XdB7bWYK-JWmUTR66I7hQ/reanna-hawkeye/dsc03280/w=640	200	38376	public/img/reanna-hawkeye/dsc03280-w640.webp	image/webp
https://imagedelivery.net/_XdB7bWYK-JWmUTR66I7hQ/reanna-hawkeye/dsc03280/w=1024	200	77956	public/img/reanna-hawkeye/dsc03280-w1024.webp	image/webp
https://imagedelivery.net/_XdB7bWYK-JWmUTR66I7hQ/reanna-hawkeye/dsc03280/w=1440	200	132448	public/img/reanna-hawkeye/dsc03280-w1440.webp	image/webp
https://imagedelivery.net/_XdB7bWYK-JWmUTR66I7hQ/reanna-hawkeye/dsc03280/w=1920	200	217970	public/img/reanna-hawkeye/dsc03280-w1920.webp	image/webp
https://imagedelivery.net/_XdB7bWYK-JWmUTR66I7hQ/reanna-hawkeye/dsc03280/w=2000	200	235956	public/img/reanna-hawkeye/dsc03280-w2000.webp	image/webp
https://imagedelivery.net/_XdB7bWYK-JWmUTR66I7hQ/reanna-hawkeye/dsc03280/w=2560	200	386070	public/img/reanna-hawkeye/dsc03280-w2560.webp	image/webp
https://imagedelivery.net/_XdB7bWYK-JWmUTR66I7hQ/reanna-hawkeye/dsc03544/w=640	200	45570	public/img/reanna-hawkeye/dsc03544-w640.webp	image/webp
https://imagedelivery.net/_XdB7bWYK-JWmUTR66I7hQ/reanna-hawkeye/dsc03544/w=1024	200	89212	public/img/reanna-hawkeye/dsc03544-w1024.webp	image/webp
https://imagedelivery.net/_XdB7bWYK-JWmUTR66I7hQ/reanna-hawkeye/dsc03544/w=1440	200	156160	public/img/reanna-hawkeye/dsc03544-w1440.webp	image/webp
https://imagedelivery.net/_XdB7bWYK-JWmUTR66I7hQ/reanna-hawkeye/dsc03544/w=1600	200	189714	public/img/reanna-hawkeye/dsc03544-w1600.webp	image/webp
https://imagedelivery.net/_XdB7bWYK-JWmUTR66I7hQ/reanna-hawkeye/dsc03544/w=1920	200	275226	public/img/reanna-hawkeye/dsc03544-w1920.webp	image/webp
https://imagedelivery.net/_XdB7bWYK-JWmUTR66I7hQ/reanna-hawkeye/dsc03544/w=2560	200	506392	public/img/reanna-hawkeye/dsc03544-w2560.webp	image/webp
https://imagedelivery.net/_XdB7bWYK-JWmUTR66I7hQ/reanna-hawkeye/dsc03584/w=640	200	35176	public/img/reanna-hawkeye/dsc03584-w640.webp	image/webp
https://imagedelivery.net/_XdB7bWYK-JWmUTR66I7hQ/reanna-hawkeye/dsc03584/w=1024	200	65852	public/img/reanna-hawkeye/dsc03584-w1024.webp	image/webp
https://imagedelivery.net/_XdB7bWYK-JWmUTR66I7hQ/reanna-hawkeye/dsc03584/w=1400	200	101254	public/img/reanna-hawkeye/dsc03584-w1400.webp	image/webp
https://imagedelivery.net/_XdB7bWYK-JWmUTR66I7hQ/reanna-hawkeye/dsc03584/w=1440	200	105450	public/img/reanna-hawkeye/dsc03584-w1440.webp	image/webp
https://imagedelivery.net/_XdB7bWYK-JWmUTR66I7hQ/reanna-hawkeye/dsc03584/w=1920	200	169292	public/img/reanna-hawkeye/dsc03584-w1920.webp	image/webp
https://imagedelivery.net/_XdB7bWYK-JWmUTR66I7hQ/reanna-hawkeye/dsc03584/w=2560	200	350258	public/img/reanna-hawkeye/dsc03584-w2560.webp	image/webp
https://imagedelivery.net/_XdB7bWYK-JWmUTR66I7hQ/reanna-hawkeye/dsc03633/w=640	200	58030	public/img/reanna-hawkeye/dsc03633-w640.webp	image/webp
https://imagedelivery.net/_XdB7bWYK-JWmUTR66I7hQ/reanna-hawkeye/dsc03633/w=1024	200	102894	public/img/reanna-hawkeye/dsc03633-w1024.webp	image/webp
https://imagedelivery.net/_XdB7bWYK-JWmUTR66I7hQ/reanna-hawkeye/dsc03633/w=1400	200	149706	public/img/reanna-hawkeye/dsc03633-w1400.webp	image/webp
https://imagedelivery.net/_XdB7bWYK-JWmUTR66I7hQ/reanna-hawkeye/dsc03633/w=1440	200	154900	public/img/reanna-hawkeye/dsc03633-w1440.webp	image/webp
https://imagedelivery.net/_XdB7bWYK-JWmUTR66I7hQ/reanna-hawkeye/dsc03633/w=1920	200	229256	public/img/reanna-hawkeye/dsc03633-w1920.webp	image/webp
https://imagedelivery.net/_XdB7bWYK-JWmUTR66I7hQ/reanna-hawkeye/dsc03633/w=2560	200	374526	public/img/reanna-hawkeye/dsc03633-w2560.webp	image/webp
https://imagedelivery.net/_XdB7bWYK-JWmUTR66I7hQ/reanna-hawkeye/dsc03671/w=640	200	47888	public/img/reanna-hawkeye/dsc03671-w640.webp	image/webp
https://imagedelivery.net/_XdB7bWYK-JWmUTR66I7hQ/reanna-hawkeye/dsc03671/w=1024	200	101130	public/img/reanna-hawkeye/dsc03671-w1024.webp	image/webp
https://imagedelivery.net/_XdB7bWYK-JWmUTR66I7hQ/reanna-hawkeye/dsc03671/w=1100	200	113550	public/img/reanna-hawkeye/dsc03671-w1100.webp	image/webp
https://imagedelivery.net/_XdB7bWYK-JWmUTR66I7hQ/reanna-hawkeye/dsc03671/w=1440	200	173030	public/img/reanna-hawkeye/dsc03671-w1440.webp	image/webp
https://imagedelivery.net/_XdB7bWYK-JWmUTR66I7hQ/reanna-hawkeye/dsc03671/w=1920	200	262940	public/img/reanna-hawkeye/dsc03671-w1920.webp	image/webp
https://imagedelivery.net/_XdB7bWYK-JWmUTR66I7hQ/reanna-hawkeye/dsc03671/w=2000	200	280562	public/img/reanna-hawkeye/dsc03671-w2000.webp	image/webp
https://imagedelivery.net/_XdB7bWYK-JWmUTR66I7hQ/reanna-hawkeye/dsc03671/w=2560	200	405646	public/img/reanna-hawkeye/dsc03671-w2560.webp	image/webp
https://imagedelivery.net/_XdB7bWYK-JWmUTR66I7hQ/reanna-hawkeye/dsc03727/w=640	200	73128	public/img/reanna-hawkeye/dsc03727-w640.webp	image/webp
https://imagedelivery.net/_XdB7bWYK-JWmUTR66I7hQ/reanna-hawkeye/dsc03727/w=1024	200	160632	public/img/reanna-hawkeye/dsc03727-w1024.webp	image/webp
https://imagedelivery.net/_XdB7bWYK-JWmUTR66I7hQ/reanna-hawkeye/dsc03727/w=1400	200	265726	public/img/reanna-hawkeye/dsc03727-w1400.webp	image/webp
https://imagedelivery.net/_XdB7bWYK-JWmUTR66I7hQ/reanna-hawkeye/dsc03727/w=1440	200	277820	public/img/reanna-hawkeye/dsc03727-w1440.webp	image/webp
https://imagedelivery.net/_XdB7bWYK-JWmUTR66I7hQ/reanna-hawkeye/dsc03727/w=1920	200	445322	public/img/reanna-hawkeye/dsc03727-w1920.webp	image/webp
https://imagedelivery.net/_XdB7bWYK-JWmUTR66I7hQ/reanna-hawkeye/dsc03727/w=2560	200	701716	public/img/reanna-hawkeye/dsc03727-w2560.webp	image/webp
https://imagedelivery.net/_XdB7bWYK-JWmUTR66I7hQ/reanna-hawkeye/dsc03746/w=640	200	68064	public/img/reanna-hawkeye/dsc03746-w640.webp	image/webp
https://imagedelivery.net/_XdB7bWYK-JWmUTR66I7hQ/reanna-hawkeye/dsc03746/w=1024	200	138846	public/img/reanna-hawkeye/dsc03746-w1024.webp	image/webp
https://imagedelivery.net/_XdB7bWYK-JWmUTR66I7hQ/reanna-hawkeye/dsc03746/w=1400	200	221968	public/img/reanna-hawkeye/dsc03746-w1400.webp	image/webp
https://imagedelivery.net/_XdB7bWYK-JWmUTR66I7hQ/reanna-hawkeye/dsc03746/w=1440	200	231350	public/img/reanna-hawkeye/dsc03746-w1440.webp	image/webp
https://imagedelivery.net/_XdB7bWYK-JWmUTR66I7hQ/reanna-hawkeye/dsc03746/w=1920	200	363858	public/img/reanna-hawkeye/dsc03746-w1920.webp	image/webp
https://imagedelivery.net/_XdB7bWYK-JWmUTR66I7hQ/reanna-hawkeye/dsc03746/w=2560	200	600110	public/img/reanna-hawkeye/dsc03746-w2560.webp	image/webp
https://imagedelivery.net/_XdB7bWYK-JWmUTR66I7hQ/reanna-hawkeye/dsc03805/w=640	200	105796	public/img/reanna-hawkeye/dsc03805-w640.webp	image/webp
https://imagedelivery.net/_XdB7bWYK-JWmUTR66I7hQ/reanna-hawkeye/dsc03805/w=1024	200	231382	public/img/reanna-hawkeye/dsc03805-w1024.webp	image/webp
https://imagedelivery.net/_XdB7bWYK-JWmUTR66I7hQ/reanna-hawkeye/dsc03805/w=1400	200	373472	public/img/reanna-hawkeye/dsc03805-w1400.webp	image/webp
https://imagedelivery.net/_XdB7bWYK-JWmUTR66I7hQ/reanna-hawkeye/dsc03805/w=1440	200	387996	public/img/reanna-hawkeye/dsc03805-w1440.webp	image/webp
https://imagedelivery.net/_XdB7bWYK-JWmUTR66I7hQ/reanna-hawkeye/dsc03805/w=1920	200	621570	public/img/reanna-hawkeye/dsc03805-w1920.webp	image/webp
https://imagedelivery.net/_XdB7bWYK-JWmUTR66I7hQ/reanna-hawkeye/dsc03805/w=2560	200	969216	public/img/reanna-hawkeye/dsc03805-w2560.webp	image/webp
https://imagedelivery.net/_XdB7bWYK-JWmUTR66I7hQ/reanna-hawkeye/dsc03903/w=640	200	76066	public/img/reanna-hawkeye/dsc03903-w640.webp	image/webp
https://imagedelivery.net/_XdB7bWYK-JWmUTR66I7hQ/reanna-hawkeye/dsc03903/w=1024	200	192394	public/img/reanna-hawkeye/dsc03903-w1024.webp	image/webp
https://imagedelivery.net/_XdB7bWYK-JWmUTR66I7hQ/reanna-hawkeye/dsc03903/w=1100	200	211420	public/img/reanna-hawkeye/dsc03903-w1100.webp	image/webp
https://imagedelivery.net/_XdB7bWYK-JWmUTR66I7hQ/reanna-hawkeye/dsc03903/w=1400	200	338176	public/img/reanna-hawkeye/dsc03903-w1400.webp	image/webp
https://imagedelivery.net/_XdB7bWYK-JWmUTR66I7hQ/reanna-hawkeye/dsc03903/w=1440	200	350104	public/img/reanna-hawkeye/dsc03903-w1440.webp	image/webp
https://imagedelivery.net/_XdB7bWYK-JWmUTR66I7hQ/reanna-hawkeye/dsc03903/w=1920	200	608354	public/img/reanna-hawkeye/dsc03903-w1920.webp	image/webp
https://imagedelivery.net/_XdB7bWYK-JWmUTR66I7hQ/reanna-hawkeye/dsc03903/w=2560	200	1005918	public/img/reanna-hawkeye/dsc03903-w2560.webp	image/webp
https://imagedelivery.net/_XdB7bWYK-JWmUTR66I7hQ/reanna-hawkeye/dsc03926/w=640	200	44728	public/img/reanna-hawkeye/dsc03926-w640.webp	image/webp
https://imagedelivery.net/_XdB7bWYK-JWmUTR66I7hQ/reanna-hawkeye/dsc03926/w=1024	200	101600	public/img/reanna-hawkeye/dsc03926-w1024.webp	image/webp
https://imagedelivery.net/_XdB7bWYK-JWmUTR66I7hQ/reanna-hawkeye/dsc03926/w=1400	200	185612	public/img/reanna-hawkeye/dsc03926-w1400.webp	image/webp
https://imagedelivery.net/_XdB7bWYK-JWmUTR66I7hQ/reanna-hawkeye/dsc03926/w=1440	200	196080	public/img/reanna-hawkeye/dsc03926-w1440.webp	image/webp
https://imagedelivery.net/_XdB7bWYK-JWmUTR66I7hQ/reanna-hawkeye/dsc03926/w=1920	200	363192	public/img/reanna-hawkeye/dsc03926-w1920.webp	image/webp
https://imagedelivery.net/_XdB7bWYK-JWmUTR66I7hQ/reanna-hawkeye/dsc03926/w=2560	200	669158	public/img/reanna-hawkeye/dsc03926-w2560.webp	image/webp
https://imagedelivery.net/_XdB7bWYK-JWmUTR66I7hQ/reanna-hawkeye/dsc03948/w=640	200	76992	public/img/reanna-hawkeye/dsc03948-w640.webp	image/webp
https://imagedelivery.net/_XdB7bWYK-JWmUTR66I7hQ/reanna-hawkeye/dsc03948/w=1024	200	191324	public/img/reanna-hawkeye/dsc03948-w1024.webp	image/webp
https://imagedelivery.net/_XdB7bWYK-JWmUTR66I7hQ/reanna-hawkeye/dsc03948/w=1400	200	374686	public/img/reanna-hawkeye/dsc03948-w1400.webp	image/webp
https://imagedelivery.net/_XdB7bWYK-JWmUTR66I7hQ/reanna-hawkeye/dsc03948/w=1440	200	397382	public/img/reanna-hawkeye/dsc03948-w1440.webp	image/webp
https://imagedelivery.net/_XdB7bWYK-JWmUTR66I7hQ/reanna-hawkeye/dsc03948/w=1920	200	784080	public/img/reanna-hawkeye/dsc03948-w1920.webp	image/webp
https://imagedelivery.net/_XdB7bWYK-JWmUTR66I7hQ/reanna-hawkeye/dsc03948/w=2560	200	1530810	public/img/reanna-hawkeye/dsc03948-w2560.webp	image/webp
https://imagedelivery.net/_XdB7bWYK-JWmUTR66I7hQ/reanna-hawkeye/dsc04090/w=640	200	113692	public/img/reanna-hawkeye/dsc04090-w640.webp	image/webp
https://imagedelivery.net/_XdB7bWYK-JWmUTR66I7hQ/reanna-hawkeye/dsc04090/w=1024	200	319762	public/img/reanna-hawkeye/dsc04090-w1024.webp	image/webp
https://imagedelivery.net/_XdB7bWYK-JWmUTR66I7hQ/reanna-hawkeye/dsc04090/w=1400	200	675286	public/img/reanna-hawkeye/dsc04090-w1400.webp	image/webp
https://imagedelivery.net/_XdB7bWYK-JWmUTR66I7hQ/reanna-hawkeye/dsc04090/w=1440	200	716106	public/img/reanna-hawkeye/dsc04090-w1440.webp	image/webp
https://imagedelivery.net/_XdB7bWYK-JWmUTR66I7hQ/reanna-hawkeye/dsc04090/w=1920	200	1441576	public/img/reanna-hawkeye/dsc04090-w1920.webp	image/webp
https://imagedelivery.net/_XdB7bWYK-JWmUTR66I7hQ/reanna-hawkeye/dsc04090/w=2560	200	2738706	public/img/reanna-hawkeye/dsc04090-w2560.webp	image/webp
https://imagedelivery.net/_XdB7bWYK-JWmUTR66I7hQ/reanna-hawkeye/dsc04130/w=640	200	84070	public/img/reanna-hawkeye/dsc04130-w640.webp	image/webp
https://imagedelivery.net/_XdB7bWYK-JWmUTR66I7hQ/reanna-hawkeye/dsc04130/w=1024	200	200850	public/img/reanna-hawkeye/dsc04130-w1024.webp	image/webp
https://imagedelivery.net/_XdB7bWYK-JWmUTR66I7hQ/reanna-hawkeye/dsc04130/w=1100	200	232308	public/img/reanna-hawkeye/dsc04130-w1100.webp	image/webp
https://imagedelivery.net/_XdB7bWYK-JWmUTR66I7hQ/reanna-hawkeye/dsc04130/w=1440	200	414164	public/img/reanna-hawkeye/dsc04130-w1440.webp	image/webp
https://imagedelivery.net/_XdB7bWYK-JWmUTR66I7hQ/reanna-hawkeye/dsc04130/w=1600	200	525792	public/img/reanna-hawkeye/dsc04130-w1600.webp	image/webp
https://imagedelivery.net/_XdB7bWYK-JWmUTR66I7hQ/reanna-hawkeye/dsc04130/w=1920	200	803846	public/img/reanna-hawkeye/dsc04130-w1920.webp	image/webp
https://imagedelivery.net/_XdB7bWYK-JWmUTR66I7hQ/reanna-hawkeye/dsc04130/w=2560	200	1580114	public/img/reanna-hawkeye/dsc04130-w2560.webp	image/webp
https://imagedelivery.net/_XdB7bWYK-JWmUTR66I7hQ/reanna-hawkeye/dsc04209/w=640	200	46646	public/img/reanna-hawkeye/dsc04209-w640.webp	image/webp
https://imagedelivery.net/_XdB7bWYK-JWmUTR66I7hQ/reanna-hawkeye/dsc04209/w=1024	200	98476	public/img/reanna-hawkeye/dsc04209-w1024.webp	image/webp
https://imagedelivery.net/_XdB7bWYK-JWmUTR66I7hQ/reanna-hawkeye/dsc04209/w=1400	200	163052	public/img/reanna-hawkeye/dsc04209-w1400.webp	image/webp
https://imagedelivery.net/_XdB7bWYK-JWmUTR66I7hQ/reanna-hawkeye/dsc04209/w=1440	200	170524	public/img/reanna-hawkeye/dsc04209-w1440.webp	image/webp
https://imagedelivery.net/_XdB7bWYK-JWmUTR66I7hQ/reanna-hawkeye/dsc04209/w=1920	200	285900	public/img/reanna-hawkeye/dsc04209-w1920.webp	image/webp
https://imagedelivery.net/_XdB7bWYK-JWmUTR66I7hQ/reanna-hawkeye/dsc04209/w=2560	200	510718	public/img/reanna-hawkeye/dsc04209-w2560.webp	image/webp
https://imagedelivery.net/_XdB7bWYK-JWmUTR66I7hQ/reanna-hawkeye/dsc04233/w=640	200	56660	public/img/reanna-hawkeye/dsc04233-w640.webp	image/webp
https://imagedelivery.net/_XdB7bWYK-JWmUTR66I7hQ/reanna-hawkeye/dsc04233/w=1024	200	133014	public/img/reanna-hawkeye/dsc04233-w1024.webp	image/webp
https://imagedelivery.net/_XdB7bWYK-JWmUTR66I7hQ/reanna-hawkeye/dsc04233/w=1400	200	230162	public/img/reanna-hawkeye/dsc04233-w1400.webp	image/webp
https://imagedelivery.net/_XdB7bWYK-JWmUTR66I7hQ/reanna-hawkeye/dsc04233/w=1440	200	243064	public/img/reanna-hawkeye/dsc04233-w1440.webp	image/webp
https://imagedelivery.net/_XdB7bWYK-JWmUTR66I7hQ/reanna-hawkeye/dsc04233/w=1920	200	412660	public/img/reanna-hawkeye/dsc04233-w1920.webp	image/webp
https://imagedelivery.net/_XdB7bWYK-JWmUTR66I7hQ/reanna-hawkeye/dsc04233/w=2560	200	720834	public/img/reanna-hawkeye/dsc04233-w2560.webp	image/webp
https://imagedelivery.net/_XdB7bWYK-JWmUTR66I7hQ/reanna-hawkeye/dsc04240/w=640	200	57022	public/img/reanna-hawkeye/dsc04240-w640.webp	image/webp
https://imagedelivery.net/_XdB7bWYK-JWmUTR66I7hQ/reanna-hawkeye/dsc04240/w=1024	200	135738	public/img/reanna-hawkeye/dsc04240-w1024.webp	image/webp
https://imagedelivery.net/_XdB7bWYK-JWmUTR66I7hQ/reanna-hawkeye/dsc04240/w=1400	200	259916	public/img/reanna-hawkeye/dsc04240-w1400.webp	image/webp
https://imagedelivery.net/_XdB7bWYK-JWmUTR66I7hQ/reanna-hawkeye/dsc04240/w=1440	200	275204	public/img/reanna-hawkeye/dsc04240-w1440.webp	image/webp
https://imagedelivery.net/_XdB7bWYK-JWmUTR66I7hQ/reanna-hawkeye/dsc04240/w=1920	200	529074	public/img/reanna-hawkeye/dsc04240-w1920.webp	image/webp
https://imagedelivery.net/_XdB7bWYK-JWmUTR66I7hQ/reanna-hawkeye/dsc04240/w=2560	200	1021440	public/img/reanna-hawkeye/dsc04240-w2560.webp	image/webp
https://imagedelivery.net/_XdB7bWYK-JWmUTR66I7hQ/reanna-hawkeye/dsc04316/w=640	200	55300	public/img/reanna-hawkeye/dsc04316-w640.webp	image/webp
https://imagedelivery.net/_XdB7bWYK-JWmUTR66I7hQ/reanna-hawkeye/dsc04316/w=1024	200	116394	public/img/reanna-hawkeye/dsc04316-w1024.webp	image/webp
https://imagedelivery.net/_XdB7bWYK-JWmUTR66I7hQ/reanna-hawkeye/dsc04316/w=1400	200	186900	public/img/reanna-hawkeye/dsc04316-w1400.webp	image/webp
https://imagedelivery.net/_XdB7bWYK-JWmUTR66I7hQ/reanna-hawkeye/dsc04316/w=1440	200	195212	public/img/reanna-hawkeye/dsc04316-w1440.webp	image/webp
https://imagedelivery.net/_XdB7bWYK-JWmUTR66I7hQ/reanna-hawkeye/dsc04316/w=1920	200	309208	public/img/reanna-hawkeye/dsc04316-w1920.webp	image/webp
https://imagedelivery.net/_XdB7bWYK-JWmUTR66I7hQ/reanna-hawkeye/dsc04316/w=2560	200	457714	public/img/reanna-hawkeye/dsc04316-w2560.webp	image/webp
https://imagedelivery.net/_XdB7bWYK-JWmUTR66I7hQ/reanna-hawkeye/dsc04318/w=640	200	54210	public/img/reanna-hawkeye/dsc04318-w640.webp	image/webp
https://imagedelivery.net/_XdB7bWYK-JWmUTR66I7hQ/reanna-hawkeye/dsc04318/w=1024	200	119122	public/img/reanna-hawkeye/dsc04318-w1024.webp	image/webp
https://imagedelivery.net/_XdB7bWYK-JWmUTR66I7hQ/reanna-hawkeye/dsc04318/w=1100	200	135064	public/img/reanna-hawkeye/dsc04318-w1100.webp	image/webp
https://imagedelivery.net/_XdB7bWYK-JWmUTR66I7hQ/reanna-hawkeye/dsc04318/w=1400	200	200654	public/img/reanna-hawkeye/dsc04318-w1400.webp	image/webp
https://imagedelivery.net/_XdB7bWYK-JWmUTR66I7hQ/reanna-hawkeye/dsc04318/w=1440	200	213126	public/img/reanna-hawkeye/dsc04318-w1440.webp	image/webp
https://imagedelivery.net/_XdB7bWYK-JWmUTR66I7hQ/reanna-hawkeye/dsc04318/w=1920	200	337572	public/img/reanna-hawkeye/dsc04318-w1920.webp	image/webp
https://imagedelivery.net/_XdB7bWYK-JWmUTR66I7hQ/reanna-hawkeye/dsc04318/w=2560	200	529194	public/img/reanna-hawkeye/dsc04318-w2560.webp	image/webp
https://imagedelivery.net/_XdB7bWYK-JWmUTR66I7hQ/reanna-hawkeye/dsc04544/w=640	200	122524	public/img/reanna-hawkeye/dsc04544-w640.webp	image/webp
https://imagedelivery.net/_XdB7bWYK-JWmUTR66I7hQ/reanna-hawkeye/dsc04544/w=1024	200	275662	public/img/reanna-hawkeye/dsc04544-w1024.webp	image/webp
https://imagedelivery.net/_XdB7bWYK-JWmUTR66I7hQ/reanna-hawkeye/dsc04544/w=1440	200	544704	public/img/reanna-hawkeye/dsc04544-w1440.webp	image/webp
https://imagedelivery.net/_XdB7bWYK-JWmUTR66I7hQ/reanna-hawkeye/dsc04544/w=1600	200	682070	public/img/reanna-hawkeye/dsc04544-w1600.webp	image/webp
https://imagedelivery.net/_XdB7bWYK-JWmUTR66I7hQ/reanna-hawkeye/dsc04544/w=1920	200	1014638	public/img/reanna-hawkeye/dsc04544-w1920.webp	image/webp
https://imagedelivery.net/_XdB7bWYK-JWmUTR66I7hQ/reanna-hawkeye/dsc04544/w=2560	200	1923140	public/img/reanna-hawkeye/dsc04544-w2560.webp	image/webp
https://imagedelivery.net/_XdB7bWYK-JWmUTR66I7hQ/reanna-hawkeye/dsc04777/w=640	200	59406	public/img/reanna-hawkeye/dsc04777-w640.webp	image/webp
https://imagedelivery.net/_XdB7bWYK-JWmUTR66I7hQ/reanna-hawkeye/dsc04777/w=1024	200	120626	public/img/reanna-hawkeye/dsc04777-w1024.webp	image/webp
https://imagedelivery.net/_XdB7bWYK-JWmUTR66I7hQ/reanna-hawkeye/dsc04777/w=1400	200	196264	public/img/reanna-hawkeye/dsc04777-w1400.webp	image/webp
https://imagedelivery.net/_XdB7bWYK-JWmUTR66I7hQ/reanna-hawkeye/dsc04777/w=1440	200	203890	public/img/reanna-hawkeye/dsc04777-w1440.webp	image/webp
https://imagedelivery.net/_XdB7bWYK-JWmUTR66I7hQ/reanna-hawkeye/dsc04777/w=1920	200	320716	public/img/reanna-hawkeye/dsc04777-w1920.webp	image/webp
https://imagedelivery.net/_XdB7bWYK-JWmUTR66I7hQ/reanna-hawkeye/dsc04777/w=2560	200	486260	public/img/reanna-hawkeye/dsc04777-w2560.webp	image/webp
https://imagedelivery.net/_XdB7bWYK-JWmUTR66I7hQ/reanna-hawkeye/dsc05029/w=640	200	86938	public/img/reanna-hawkeye/dsc05029-w640.webp	image/webp
https://imagedelivery.net/_XdB7bWYK-JWmUTR66I7hQ/reanna-hawkeye/dsc05029/w=1024	200	213280	public/img/reanna-hawkeye/dsc05029-w1024.webp	image/webp
https://imagedelivery.net/_XdB7bWYK-JWmUTR66I7hQ/reanna-hawkeye/dsc05029/w=1400	200	420020	public/img/reanna-hawkeye/dsc05029-w1400.webp	image/webp
https://imagedelivery.net/_XdB7bWYK-JWmUTR66I7hQ/reanna-hawkeye/dsc05029/w=1440	200	447234	public/img/reanna-hawkeye/dsc05029-w1440.webp	image/webp
https://imagedelivery.net/_XdB7bWYK-JWmUTR66I7hQ/reanna-hawkeye/dsc05029/w=1920	200	889912	public/img/reanna-hawkeye/dsc05029-w1920.webp	image/webp
https://imagedelivery.net/_XdB7bWYK-JWmUTR66I7hQ/reanna-hawkeye/dsc05029/w=2560	200	1735412	public/img/reanna-hawkeye/dsc05029-w2560.webp	image/webp
https://imagedelivery.net/_XdB7bWYK-JWmUTR66I7hQ/reanna-hawkeye/dsc05101/w=640	200	70796	public/img/reanna-hawkeye/dsc05101-w640.webp	image/webp
https://imagedelivery.net/_XdB7bWYK-JWmUTR66I7hQ/reanna-hawkeye/dsc05101/w=1024	200	172078	public/img/reanna-hawkeye/dsc05101-w1024.webp	image/webp
https://imagedelivery.net/_XdB7bWYK-JWmUTR66I7hQ/reanna-hawkeye/dsc05101/w=1400	200	334150	public/img/reanna-hawkeye/dsc05101-w1400.webp	image/webp
https://imagedelivery.net/_XdB7bWYK-JWmUTR66I7hQ/reanna-hawkeye/dsc05101/w=1440	200	357618	public/img/reanna-hawkeye/dsc05101-w1440.webp	image/webp
https://imagedelivery.net/_XdB7bWYK-JWmUTR66I7hQ/reanna-hawkeye/dsc05101/w=1920	200	688434	public/img/reanna-hawkeye/dsc05101-w1920.webp	image/webp
https://imagedelivery.net/_XdB7bWYK-JWmUTR66I7hQ/reanna-hawkeye/dsc05101/w=2560	200	1303722	public/img/reanna-hawkeye/dsc05101-w2560.webp	image/webp
https://imagedelivery.net/_XdB7bWYK-JWmUTR66I7hQ/reanna-hawkeye/dsc05104/w=640	200	34078	public/img/reanna-hawkeye/dsc05104-w640.webp	image/webp
https://imagedelivery.net/_XdB7bWYK-JWmUTR66I7hQ/reanna-hawkeye/dsc05104/w=1024	200	76480	public/img/reanna-hawkeye/dsc05104-w1024.webp	image/webp
https://imagedelivery.net/_XdB7bWYK-JWmUTR66I7hQ/reanna-hawkeye/dsc05104/w=1100	200	89090	public/img/reanna-hawkeye/dsc05104-w1100.webp	image/webp
https://imagedelivery.net/_XdB7bWYK-JWmUTR66I7hQ/reanna-hawkeye/dsc05104/w=1440	200	160406	public/img/reanna-hawkeye/dsc05104-w1440.webp	image/webp
https://imagedelivery.net/_XdB7bWYK-JWmUTR66I7hQ/reanna-hawkeye/dsc05104/w=1920	200	321236	public/img/reanna-hawkeye/dsc05104-w1920.webp	image/webp
https://imagedelivery.net/_XdB7bWYK-JWmUTR66I7hQ/reanna-hawkeye/dsc05104/w=2000	200	352770	public/img/reanna-hawkeye/dsc05104-w2000.webp	image/webp
https://imagedelivery.net/_XdB7bWYK-JWmUTR66I7hQ/reanna-hawkeye/dsc05104/w=2560	200	633694	public/img/reanna-hawkeye/dsc05104-w2560.webp	image/webp
https://imagedelivery.net/_XdB7bWYK-JWmUTR66I7hQ/reanna-hawkeye/dsc05231/w=640	200	50290	public/img/reanna-hawkeye/dsc05231-w640.webp	image/webp
https://imagedelivery.net/_XdB7bWYK-JWmUTR66I7hQ/reanna-hawkeye/dsc05231/w=1024	200	140068	public/img/reanna-hawkeye/dsc05231-w1024.webp	image/webp
https://imagedelivery.net/_XdB7bWYK-JWmUTR66I7hQ/reanna-hawkeye/dsc05231/w=1440	200	342656	public/img/reanna-hawkeye/dsc05231-w1440.webp	image/webp
https://imagedelivery.net/_XdB7bWYK-JWmUTR66I7hQ/reanna-hawkeye/dsc05231/w=1600	200	441420	public/img/reanna-hawkeye/dsc05231-w1600.webp	image/webp
https://imagedelivery.net/_XdB7bWYK-JWmUTR66I7hQ/reanna-hawkeye/dsc05231/w=1920	200	692344	public/img/reanna-hawkeye/dsc05231-w1920.webp	image/webp
https://imagedelivery.net/_XdB7bWYK-JWmUTR66I7hQ/reanna-hawkeye/dsc05231/w=2560	200	1448226	public/img/reanna-hawkeye/dsc05231-w2560.webp	image/webp
https://imagedelivery.net/_XdB7bWYK-JWmUTR66I7hQ/reanna-hawkeye/dsc05334/w=640	200	20668	public/img/reanna-hawkeye/dsc05334-w640.webp	image/webp
https://imagedelivery.net/_XdB7bWYK-JWmUTR66I7hQ/reanna-hawkeye/dsc05334/w=1024	200	39652	public/img/reanna-hawkeye/dsc05334-w1024.webp	image/webp
https://imagedelivery.net/_XdB7bWYK-JWmUTR66I7hQ/reanna-hawkeye/dsc05334/w=1400	200	59696	public/img/reanna-hawkeye/dsc05334-w1400.webp	image/webp
https://imagedelivery.net/_XdB7bWYK-JWmUTR66I7hQ/reanna-hawkeye/dsc05334/w=1440	200	62848	public/img/reanna-hawkeye/dsc05334-w1440.webp	image/webp
https://imagedelivery.net/_XdB7bWYK-JWmUTR66I7hQ/reanna-hawkeye/dsc05334/w=1920	200	92372	public/img/reanna-hawkeye/dsc05334-w1920.webp	image/webp
https://imagedelivery.net/_XdB7bWYK-JWmUTR66I7hQ/reanna-hawkeye/dsc05334/w=2560	200	142078	public/img/reanna-hawkeye/dsc05334-w2560.webp	image/webp
https://imagedelivery.net/_XdB7bWYK-JWmUTR66I7hQ/reanna-hawkeye/dsc05531/w=640	200	39980	public/img/reanna-hawkeye/dsc05531-w640.webp	image/webp
https://imagedelivery.net/_XdB7bWYK-JWmUTR66I7hQ/reanna-hawkeye/dsc05531/w=1024	200	78998	public/img/reanna-hawkeye/dsc05531-w1024.webp	image/webp
https://imagedelivery.net/_XdB7bWYK-JWmUTR66I7hQ/reanna-hawkeye/dsc05531/w=1400	200	123168	public/img/reanna-hawkeye/dsc05531-w1400.webp	image/webp
https://imagedelivery.net/_XdB7bWYK-JWmUTR66I7hQ/reanna-hawkeye/dsc05531/w=1440	200	126984	public/img/reanna-hawkeye/dsc05531-w1440.webp	image/webp
https://imagedelivery.net/_XdB7bWYK-JWmUTR66I7hQ/reanna-hawkeye/dsc05531/w=1920	200	189776	public/img/reanna-hawkeye/dsc05531-w1920.webp	image/webp
https://imagedelivery.net/_XdB7bWYK-JWmUTR66I7hQ/reanna-hawkeye/dsc05531/w=2560	200	297544	public/img/reanna-hawkeye/dsc05531-w2560.webp	image/webp
https://imagedelivery.net/_XdB7bWYK-JWmUTR66I7hQ/reanna-hawkeye/dsc05653/w=640	200	70778	public/img/reanna-hawkeye/dsc05653-w640.webp	image/webp
https://imagedelivery.net/_XdB7bWYK-JWmUTR66I7hQ/reanna-hawkeye/dsc05653/w=1024	200	146270	public/img/reanna-hawkeye/dsc05653-w1024.webp	image/webp
https://imagedelivery.net/_XdB7bWYK-JWmUTR66I7hQ/reanna-hawkeye/dsc05653/w=1400	200	241466	public/img/reanna-hawkeye/dsc05653-w1400.webp	image/webp
https://imagedelivery.net/_XdB7bWYK-JWmUTR66I7hQ/reanna-hawkeye/dsc05653/w=1440	200	251536	public/img/reanna-hawkeye/dsc05653-w1440.webp	image/webp
https://imagedelivery.net/_XdB7bWYK-JWmUTR66I7hQ/reanna-hawkeye/dsc05653/w=1920	200	397756	public/img/reanna-hawkeye/dsc05653-w1920.webp	image/webp
https://imagedelivery.net/_XdB7bWYK-JWmUTR66I7hQ/reanna-hawkeye/dsc05653/w=2560	200	673374	public/img/reanna-hawkeye/dsc05653-w2560.webp	image/webp
https://imagedelivery.net/_XdB7bWYK-JWmUTR66I7hQ/reanna-hawkeye/dsc05671/w=640	200	63556	public/img/reanna-hawkeye/dsc05671-w640.webp	image/webp
https://imagedelivery.net/_XdB7bWYK-JWmUTR66I7hQ/reanna-hawkeye/dsc05671/w=1024	200	207746	public/img/reanna-hawkeye/dsc05671-w1024.webp	image/webp
https://imagedelivery.net/_XdB7bWYK-JWmUTR66I7hQ/reanna-hawkeye/dsc05671/w=1100	200	246916	public/img/reanna-hawkeye/dsc05671-w1100.webp	image/webp
https://imagedelivery.net/_XdB7bWYK-JWmUTR66I7hQ/reanna-hawkeye/dsc05671/w=1400	200	421808	public/img/reanna-hawkeye/dsc05671-w1400.webp	image/webp
https://imagedelivery.net/_XdB7bWYK-JWmUTR66I7hQ/reanna-hawkeye/dsc05671/w=1440	200	442408	public/img/reanna-hawkeye/dsc05671-w1440.webp	image/webp
https://imagedelivery.net/_XdB7bWYK-JWmUTR66I7hQ/reanna-hawkeye/dsc05671/w=1920	200	764152	public/img/reanna-hawkeye/dsc05671-w1920.webp	image/webp
https://imagedelivery.net/_XdB7bWYK-JWmUTR66I7hQ/reanna-hawkeye/dsc05671/w=2560	200	1124208	public/img/reanna-hawkeye/dsc05671-w2560.webp	image/webp
https://imagedelivery.net/_XdB7bWYK-JWmUTR66I7hQ/reanna-hawkeye/dsc05698/w=640	200	22046	public/img/reanna-hawkeye/dsc05698-w640.webp	image/webp
https://imagedelivery.net/_XdB7bWYK-JWmUTR66I7hQ/reanna-hawkeye/dsc05698/w=1024	200	40560	public/img/reanna-hawkeye/dsc05698-w1024.webp	image/webp
https://imagedelivery.net/_XdB7bWYK-JWmUTR66I7hQ/reanna-hawkeye/dsc05698/w=1400	200	59920	public/img/reanna-hawkeye/dsc05698-w1400.webp	image/webp
https://imagedelivery.net/_XdB7bWYK-JWmUTR66I7hQ/reanna-hawkeye/dsc05698/w=1440	200	62316	public/img/reanna-hawkeye/dsc05698-w1440.webp	image/webp
https://imagedelivery.net/_XdB7bWYK-JWmUTR66I7hQ/reanna-hawkeye/dsc05698/w=1920	200	98432	public/img/reanna-hawkeye/dsc05698-w1920.webp	image/webp
https://imagedelivery.net/_XdB7bWYK-JWmUTR66I7hQ/reanna-hawkeye/dsc05698/w=2560	200	191874	public/img/reanna-hawkeye/dsc05698-w2560.webp	image/webp
https://imagedelivery.net/_XdB7bWYK-JWmUTR66I7hQ/reanna-hawkeye/dsc05771/w=640	200	91338	public/img/reanna-hawkeye/dsc05771-w640.webp	image/webp
https://imagedelivery.net/_XdB7bWYK-JWmUTR66I7hQ/reanna-hawkeye/dsc05771/w=1024	200	255720	public/img/reanna-hawkeye/dsc05771-w1024.webp	image/webp
https://imagedelivery.net/_XdB7bWYK-JWmUTR66I7hQ/reanna-hawkeye/dsc05771/w=1440	200	538892	public/img/reanna-hawkeye/dsc05771-w1440.webp	image/webp
https://imagedelivery.net/_XdB7bWYK-JWmUTR66I7hQ/reanna-hawkeye/dsc05771/w=1600	200	673904	public/img/reanna-hawkeye/dsc05771-w1600.webp	image/webp
https://imagedelivery.net/_XdB7bWYK-JWmUTR66I7hQ/reanna-hawkeye/dsc05771/w=1920	200	985082	public/img/reanna-hawkeye/dsc05771-w1920.webp	image/webp
https://imagedelivery.net/_XdB7bWYK-JWmUTR66I7hQ/reanna-hawkeye/dsc05771/w=2560	200	1548592	public/img/reanna-hawkeye/dsc05771-w2560.webp	image/webp
https://imagedelivery.net/_XdB7bWYK-JWmUTR66I7hQ/reanna-hawkeye/dsc05804/w=640	200	43086	public/img/reanna-hawkeye/dsc05804-w640.webp	image/webp
https://imagedelivery.net/_XdB7bWYK-JWmUTR66I7hQ/reanna-hawkeye/dsc05804/w=1024	200	153564	public/img/reanna-hawkeye/dsc05804-w1024.webp	image/webp
https://imagedelivery.net/_XdB7bWYK-JWmUTR66I7hQ/reanna-hawkeye/dsc05804/w=1400	200	360450	public/img/reanna-hawkeye/dsc05804-w1400.webp	image/webp
https://imagedelivery.net/_XdB7bWYK-JWmUTR66I7hQ/reanna-hawkeye/dsc05804/w=1440	200	387384	public/img/reanna-hawkeye/dsc05804-w1440.webp	image/webp
https://imagedelivery.net/_XdB7bWYK-JWmUTR66I7hQ/reanna-hawkeye/dsc05804/w=1920	200	779000	public/img/reanna-hawkeye/dsc05804-w1920.webp	image/webp
https://imagedelivery.net/_XdB7bWYK-JWmUTR66I7hQ/reanna-hawkeye/dsc05804/w=2560	200	1388764	public/img/reanna-hawkeye/dsc05804-w2560.webp	image/webp
https://imagedelivery.net/_XdB7bWYK-JWmUTR66I7hQ/reanna-hawkeye/dsc05825/w=640	200	51748	public/img/reanna-hawkeye/dsc05825-w640.webp	image/webp
https://imagedelivery.net/_XdB7bWYK-JWmUTR66I7hQ/reanna-hawkeye/dsc05825/w=1024	200	184864	public/img/reanna-hawkeye/dsc05825-w1024.webp	image/webp
https://imagedelivery.net/_XdB7bWYK-JWmUTR66I7hQ/reanna-hawkeye/dsc05825/w=1400	200	412684	public/img/reanna-hawkeye/dsc05825-w1400.webp	image/webp
https://imagedelivery.net/_XdB7bWYK-JWmUTR66I7hQ/reanna-hawkeye/dsc05825/w=1440	200	442170	public/img/reanna-hawkeye/dsc05825-w1440.webp	image/webp
https://imagedelivery.net/_XdB7bWYK-JWmUTR66I7hQ/reanna-hawkeye/dsc05825/w=1920	200	873492	public/img/reanna-hawkeye/dsc05825-w1920.webp	image/webp
https://imagedelivery.net/_XdB7bWYK-JWmUTR66I7hQ/reanna-hawkeye/dsc05825/w=2560	200	1539268	public/img/reanna-hawkeye/dsc05825-w2560.webp	image/webp
https://imagedelivery.net/_XdB7bWYK-JWmUTR66I7hQ/reanna-hawkeye/dsc05835/w=640	200	45184	public/img/reanna-hawkeye/dsc05835-w640.webp	image/webp
https://imagedelivery.net/_XdB7bWYK-JWmUTR66I7hQ/reanna-hawkeye/dsc05835/w=1024	200	161420	public/img/reanna-hawkeye/dsc05835-w1024.webp	image/webp
https://imagedelivery.net/_XdB7bWYK-JWmUTR66I7hQ/reanna-hawkeye/dsc05835/w=1400	200	369488	public/img/reanna-hawkeye/dsc05835-w1400.webp	image/webp
https://imagedelivery.net/_XdB7bWYK-JWmUTR66I7hQ/reanna-hawkeye/dsc05835/w=1440	200	395954	public/img/reanna-hawkeye/dsc05835-w1440.webp	image/webp
https://imagedelivery.net/_XdB7bWYK-JWmUTR66I7hQ/reanna-hawkeye/dsc05835/w=1920	200	795552	public/img/reanna-hawkeye/dsc05835-w1920.webp	image/webp
https://imagedelivery.net/_XdB7bWYK-JWmUTR66I7hQ/reanna-hawkeye/dsc05835/w=2560	200	1424516	public/img/reanna-hawkeye/dsc05835-w2560.webp	image/webp
https://imagedelivery.net/_XdB7bWYK-JWmUTR66I7hQ/reanna-hawkeye/dsc05858/w=640	200	46650	public/img/reanna-hawkeye/dsc05858-w640.webp	image/webp
https://imagedelivery.net/_XdB7bWYK-JWmUTR66I7hQ/reanna-hawkeye/dsc05858/w=1024	200	144992	public/img/reanna-hawkeye/dsc05858-w1024.webp	image/webp
https://imagedelivery.net/_XdB7bWYK-JWmUTR66I7hQ/reanna-hawkeye/dsc05858/w=1400	200	343616	public/img/reanna-hawkeye/dsc05858-w1400.webp	image/webp
https://imagedelivery.net/_XdB7bWYK-JWmUTR66I7hQ/reanna-hawkeye/dsc05858/w=1440	200	368724	public/img/reanna-hawkeye/dsc05858-w1440.webp	image/webp
https://imagedelivery.net/_XdB7bWYK-JWmUTR66I7hQ/reanna-hawkeye/dsc05858/w=1920	200	834424	public/img/reanna-hawkeye/dsc05858-w1920.webp	image/webp
https://imagedelivery.net/_XdB7bWYK-JWmUTR66I7hQ/reanna-hawkeye/dsc05858/w=2560	200	1488110	public/img/reanna-hawkeye/dsc05858-w2560.webp	image/webp
https://imagedelivery.net/_XdB7bWYK-JWmUTR66I7hQ/reanna-hawkeye/dsc05883/w=640	200	48340	public/img/reanna-hawkeye/dsc05883-w640.webp	image/webp
https://imagedelivery.net/_XdB7bWYK-JWmUTR66I7hQ/reanna-hawkeye/dsc05883/w=1024	200	121564	public/img/reanna-hawkeye/dsc05883-w1024.webp	image/webp
https://imagedelivery.net/_XdB7bWYK-JWmUTR66I7hQ/reanna-hawkeye/dsc05883/w=1440	200	241500	public/img/reanna-hawkeye/dsc05883-w1440.webp	image/webp
https://imagedelivery.net/_XdB7bWYK-JWmUTR66I7hQ/reanna-hawkeye/dsc05883/w=1920	200	422560	public/img/reanna-hawkeye/dsc05883-w1920.webp	image/webp
https://imagedelivery.net/_XdB7bWYK-JWmUTR66I7hQ/reanna-hawkeye/dsc05883/w=2000	200	457012	public/img/reanna-hawkeye/dsc05883-w2000.webp	image/webp
https://imagedelivery.net/_XdB7bWYK-JWmUTR66I7hQ/reanna-hawkeye/dsc05883/w=2560	200	729654	public/img/reanna-hawkeye/dsc05883-w2560.webp	image/webp
https://imagedelivery.net/_XdB7bWYK-JWmUTR66I7hQ/story/c01/w=640	200	46486	public/img/story/c01-w640.webp	image/webp
https://imagedelivery.net/_XdB7bWYK-JWmUTR66I7hQ/story/c01/w=1024	200	103980	public/img/story/c01-w1024.webp	image/webp
https://imagedelivery.net/_XdB7bWYK-JWmUTR66I7hQ/story/c01/w=1440	200	190560	public/img/story/c01-w1440.webp	image/webp
https://imagedelivery.net/_XdB7bWYK-JWmUTR66I7hQ/story/c01/w=1920	200	312310	public/img/story/c01-w1920.webp	image/webp
https://imagedelivery.net/_XdB7bWYK-JWmUTR66I7hQ/story/c01/w=2000	200	334686	public/img/story/c01-w2000.webp	image/webp
https://imagedelivery.net/_XdB7bWYK-JWmUTR66I7hQ/story/c01/w=2560	200	512252	public/img/story/c01-w2560.webp	image/webp
https://imagedelivery.net/_XdB7bWYK-JWmUTR66I7hQ/story/c02/w=640	200	52356	public/img/story/c02-w640.webp	image/webp
https://imagedelivery.net/_XdB7bWYK-JWmUTR66I7hQ/story/c02/w=1024	200	110480	public/img/story/c02-w1024.webp	image/webp
https://imagedelivery.net/_XdB7bWYK-JWmUTR66I7hQ/story/c02/w=1400	200	188784	public/img/story/c02-w1400.webp	image/webp
https://imagedelivery.net/_XdB7bWYK-JWmUTR66I7hQ/story/c02/w=1440	200	192066	public/img/story/c02-w1440.webp	image/webp
https://imagedelivery.net/_XdB7bWYK-JWmUTR66I7hQ/story/c02/w=1920	200	320204	public/img/story/c02-w1920.webp	image/webp
https://imagedelivery.net/_XdB7bWYK-JWmUTR66I7hQ/story/c02/w=2560	200	530194	public/img/story/c02-w2560.webp	image/webp
https://imagedelivery.net/_XdB7bWYK-JWmUTR66I7hQ/story/c03/w=640	200	86834	public/img/story/c03-w640.webp	image/webp
https://imagedelivery.net/_XdB7bWYK-JWmUTR66I7hQ/story/c03/w=1024	200	194440	public/img/story/c03-w1024.webp	image/webp
https://imagedelivery.net/_XdB7bWYK-JWmUTR66I7hQ/story/c03/w=1100	200	219326	public/img/story/c03-w1100.webp	image/webp
https://imagedelivery.net/_XdB7bWYK-JWmUTR66I7hQ/story/c03/w=1400	200	326758	public/img/story/c03-w1400.webp	image/webp
https://imagedelivery.net/_XdB7bWYK-JWmUTR66I7hQ/story/c03/w=1440	200	342632	public/img/story/c03-w1440.webp	image/webp
https://imagedelivery.net/_XdB7bWYK-JWmUTR66I7hQ/story/c03/w=1920	200	542434	public/img/story/c03-w1920.webp	image/webp
https://imagedelivery.net/_XdB7bWYK-JWmUTR66I7hQ/story/c03/w=2560	200	825684	public/img/story/c03-w2560.webp	image/webp
https://imagedelivery.net/_XdB7bWYK-JWmUTR66I7hQ/story/c04/w=640	200	81800	public/img/story/c04-w640.webp	image/webp
https://imagedelivery.net/_XdB7bWYK-JWmUTR66I7hQ/story/c04/w=800	200	118422	public/img/story/c04-w800.webp	image/webp
https://imagedelivery.net/_XdB7bWYK-JWmUTR66I7hQ/story/c04/w=900	200	146428	public/img/story/c04-w900.webp	image/webp
https://imagedelivery.net/_XdB7bWYK-JWmUTR66I7hQ/story/c04/w=1024	200	185504	public/img/story/c04-w1024.webp	image/webp
https://imagedelivery.net/_XdB7bWYK-JWmUTR66I7hQ/story/c04/w=1200	200	252254	public/img/story/c04-w1200.webp	image/webp
https://imagedelivery.net/_XdB7bWYK-JWmUTR66I7hQ/story/c04/w=1280	200	282900	public/img/story/c04-w1280.webp	image/webp
https://imagedelivery.net/_XdB7bWYK-JWmUTR66I7hQ/story/c04/w=1440	200	351104	public/img/story/c04-w1440.webp	image/webp
https://imagedelivery.net/_XdB7bWYK-JWmUTR66I7hQ/story/c04/w=1600	200	428176	public/img/story/c04-w1600.webp	image/webp
https://imagedelivery.net/_XdB7bWYK-JWmUTR66I7hQ/story/c04/w=1920	200	598448	public/img/story/c04-w1920.webp	image/webp
https://imagedelivery.net/_XdB7bWYK-JWmUTR66I7hQ/story/c04/w=2000	200	647186	public/img/story/c04-w2000.webp	image/webp
https://imagedelivery.net/_XdB7bWYK-JWmUTR66I7hQ/story/c04/w=2200	200	779112	public/img/story/c04-w2200.webp	image/webp
https://imagedelivery.net/_XdB7bWYK-JWmUTR66I7hQ/story/c04/w=2560	200	1038642	public/img/story/c04-w2560.webp	image/webp
https://imagedelivery.net/_XdB7bWYK-JWmUTR66I7hQ/story/c05/w=640	200	30010	public/img/story/c05-w640.webp	image/webp
https://imagedelivery.net/_XdB7bWYK-JWmUTR66I7hQ/story/c05/w=1024	200	54014	public/img/story/c05-w1024.webp	image/webp
https://imagedelivery.net/_XdB7bWYK-JWmUTR66I7hQ/story/c05/w=1200	200	66196	public/img/story/c05-w1200.webp	image/webp
https://imagedelivery.net/_XdB7bWYK-JWmUTR66I7hQ/story/c05/w=1440	200	82954	public/img/story/c05-w1440.webp	image/webp
https://imagedelivery.net/_XdB7bWYK-JWmUTR66I7hQ/story/c05/w=1920	200	119436	public/img/story/c05-w1920.webp	image/webp
https://imagedelivery.net/_XdB7bWYK-JWmUTR66I7hQ/story/c05/w=2000	200	125126	public/img/story/c05-w2000.webp	image/webp
https://imagedelivery.net/_XdB7bWYK-JWmUTR66I7hQ/story/c05/w=2560	200	171934	public/img/story/c05-w2560.webp	image/webp
https://imagedelivery.net/_XdB7bWYK-JWmUTR66I7hQ/story/c06/w=640	200	77726	public/img/story/c06-w640.webp	image/webp
https://imagedelivery.net/_XdB7bWYK-JWmUTR66I7hQ/story/c06/w=1024	200	189392	public/img/story/c06-w1024.webp	image/webp
https://imagedelivery.net/_XdB7bWYK-JWmUTR66I7hQ/story/c06/w=1200	200	253804	public/img/story/c06-w1200.webp	image/webp
https://imagedelivery.net/_XdB7bWYK-JWmUTR66I7hQ/story/c06/w=1440	200	349986	public/img/story/c06-w1440.webp	image/webp
https://imagedelivery.net/_XdB7bWYK-JWmUTR66I7hQ/story/c06/w=1600	200	421016	public/img/story/c06-w1600.webp	image/webp
https://imagedelivery.net/_XdB7bWYK-JWmUTR66I7hQ/story/c06/w=1920	200	577754	public/img/story/c06-w1920.webp	image/webp
https://imagedelivery.net/_XdB7bWYK-JWmUTR66I7hQ/story/c06/w=2560	200	913044	public/img/story/c06-w2560.webp	image/webp
https://imagedelivery.net/_XdB7bWYK-JWmUTR66I7hQ/story/c07/w=640	200	92742	public/img/story/c07-w640.webp	image/webp
https://imagedelivery.net/_XdB7bWYK-JWmUTR66I7hQ/story/c07/w=1024	200	174220	public/img/story/c07-w1024.webp	image/webp
https://imagedelivery.net/_XdB7bWYK-JWmUTR66I7hQ/story/c07/w=1400	200	282456	public/img/story/c07-w1400.webp	image/webp
https://imagedelivery.net/_XdB7bWYK-JWmUTR66I7hQ/story/c07/w=1440	200	295252	public/img/story/c07-w1440.webp	image/webp
https://imagedelivery.net/_XdB7bWYK-JWmUTR66I7hQ/story/c07/w=1920	200	500688	public/img/story/c07-w1920.webp	image/webp
https://imagedelivery.net/_XdB7bWYK-JWmUTR66I7hQ/story/c07/w=2560	200	843284	public/img/story/c07-w2560.webp	image/webp
https://imagedelivery.net/_XdB7bWYK-JWmUTR66I7hQ/story/c08/w=640	200	48020	public/img/story/c08-w640.webp	image/webp
https://imagedelivery.net/_XdB7bWYK-JWmUTR66I7hQ/story/c08/w=1024	200	103826	public/img/story/c08-w1024.webp	image/webp
https://imagedelivery.net/_XdB7bWYK-JWmUTR66I7hQ/story/c08/w=1400	200	164044	public/img/story/c08-w1400.webp	image/webp
https://imagedelivery.net/_XdB7bWYK-JWmUTR66I7hQ/story/c08/w=1440	200	170180	public/img/story/c08-w1440.webp	image/webp
https://imagedelivery.net/_XdB7bWYK-JWmUTR66I7hQ/story/c08/w=1920	200	183660	public/img/story/c08-w1920.webp	image/webp
https://imagedelivery.net/_XdB7bWYK-JWmUTR66I7hQ/story/c08/w=2560	200	183660	public/img/story/c08-w2560.webp	image/webp
https://imagedelivery.net/_XdB7bWYK-JWmUTR66I7hQ/story/c09/w=640	200	58078	public/img/story/c09-w640.webp	image/webp
https://imagedelivery.net/_XdB7bWYK-JWmUTR66I7hQ/story/c09/w=1024	200	118658	public/img/story/c09-w1024.webp	image/webp
https://imagedelivery.net/_XdB7bWYK-JWmUTR66I7hQ/story/c09/w=1400	200	207518	public/img/story/c09-w1400.webp	image/webp
https://imagedelivery.net/_XdB7bWYK-JWmUTR66I7hQ/story/c09/w=1440	200	217622	public/img/story/c09-w1440.webp	image/webp
https://imagedelivery.net/_XdB7bWYK-JWmUTR66I7hQ/story/c09/w=1920	200	390862	public/img/story/c09-w1920.webp	image/webp
https://imagedelivery.net/_XdB7bWYK-JWmUTR66I7hQ/story/c09/w=2560	200	660340	public/img/story/c09-w2560.webp	image/webp
https://imagedelivery.net/_XdB7bWYK-JWmUTR66I7hQ/story/c10/w=640	200	64126	public/img/story/c10-w640.webp	image/webp
https://imagedelivery.net/_XdB7bWYK-JWmUTR66I7hQ/story/c10/w=800	200	93918	public/img/story/c10-w800.webp	image/webp
https://imagedelivery.net/_XdB7bWYK-JWmUTR66I7hQ/story/c10/w=1024	200	139966	public/img/story/c10-w1024.webp	image/webp
https://imagedelivery.net/_XdB7bWYK-JWmUTR66I7hQ/story/c10/w=1100	200	161268	public/img/story/c10-w1100.webp	image/webp
https://imagedelivery.net/_XdB7bWYK-JWmUTR66I7hQ/story/c10/w=1280	200	213168	public/img/story/c10-w1280.webp	image/webp
https://imagedelivery.net/_XdB7bWYK-JWmUTR66I7hQ/story/c10/w=1440	200	269272	public/img/story/c10-w1440.webp	image/webp
https://imagedelivery.net/_XdB7bWYK-JWmUTR66I7hQ/story/c10/w=1600	200	335162	public/img/story/c10-w1600.webp	image/webp
https://imagedelivery.net/_XdB7bWYK-JWmUTR66I7hQ/story/c10/w=1920	200	481360	public/img/story/c10-w1920.webp	image/webp
https://imagedelivery.net/_XdB7bWYK-JWmUTR66I7hQ/story/c10/w=2560	200	787798	public/img/story/c10-w2560.webp	image/webp
https://imagedelivery.net/_XdB7bWYK-JWmUTR66I7hQ/story/c11/w=640	200	30460	public/img/story/c11-w640.webp	image/webp
https://imagedelivery.net/_XdB7bWYK-JWmUTR66I7hQ/story/c11/w=1024	200	55782	public/img/story/c11-w1024.webp	image/webp
https://imagedelivery.net/_XdB7bWYK-JWmUTR66I7hQ/story/c11/w=1440	200	96100	public/img/story/c11-w1440.webp	image/webp
https://imagedelivery.net/_XdB7bWYK-JWmUTR66I7hQ/story/c11/w=1920	200	169418	public/img/story/c11-w1920.webp	image/webp
https://imagedelivery.net/_XdB7bWYK-JWmUTR66I7hQ/story/c11/w=2000	200	182424	public/img/story/c11-w2000.webp	image/webp
https://imagedelivery.net/_XdB7bWYK-JWmUTR66I7hQ/story/c11/w=2560	200	290486	public/img/story/c11-w2560.webp	image/webp
https://imagedelivery.net/_XdB7bWYK-JWmUTR66I7hQ/story/c12/w=640	200	18212	public/img/story/c12-w640.webp	image/webp
https://imagedelivery.net/_XdB7bWYK-JWmUTR66I7hQ/story/c12/w=1024	200	34968	public/img/story/c12-w1024.webp	image/webp
https://imagedelivery.net/_XdB7bWYK-JWmUTR66I7hQ/story/c12/w=1400	200	62678	public/img/story/c12-w1400.webp	image/webp
https://imagedelivery.net/_XdB7bWYK-JWmUTR66I7hQ/story/c12/w=1440	200	66144	public/img/story/c12-w1440.webp	image/webp
https://imagedelivery.net/_XdB7bWYK-JWmUTR66I7hQ/story/c12/w=1920	200	128844	public/img/story/c12-w1920.webp	image/webp
https://imagedelivery.net/_XdB7bWYK-JWmUTR66I7hQ/story/c12/w=2560	200	238210	public/img/story/c12-w2560.webp	image/webp
https://imagedelivery.net/_XdB7bWYK-JWmUTR66I7hQ/story/c13/w=640	200	38326	public/img/story/c13-w640.webp	image/webp
https://imagedelivery.net/_XdB7bWYK-JWmUTR66I7hQ/story/c13/w=1024	200	72486	public/img/story/c13-w1024.webp	image/webp
https://imagedelivery.net/_XdB7bWYK-JWmUTR66I7hQ/story/c13/w=1400	200	121128	public/img/story/c13-w1400.webp	image/webp
https://imagedelivery.net/_XdB7bWYK-JWmUTR66I7hQ/story/c13/w=1440	200	128626	public/img/story/c13-w1440.webp	image/webp
https://imagedelivery.net/_XdB7bWYK-JWmUTR66I7hQ/story/c13/w=1920	200	249164	public/img/story/c13-w1920.webp	image/webp
https://imagedelivery.net/_XdB7bWYK-JWmUTR66I7hQ/story/c13/w=2560	200	465906	public/img/story/c13-w2560.webp	image/webp
https://imagedelivery.net/_XdB7bWYK-JWmUTR66I7hQ/story/c14/w=640	200	164042	public/img/story/c14-w640.webp	image/webp
https://imagedelivery.net/_XdB7bWYK-JWmUTR66I7hQ/story/c14/w=1024	200	366500	public/img/story/c14-w1024.webp	image/webp
https://imagedelivery.net/_XdB7bWYK-JWmUTR66I7hQ/story/c14/w=1100	200	413210	public/img/story/c14-w1100.webp	image/webp
https://imagedelivery.net/_XdB7bWYK-JWmUTR66I7hQ/story/c14/w=1400	200	595578	public/img/story/c14-w1400.webp	image/webp
https://imagedelivery.net/_XdB7bWYK-JWmUTR66I7hQ/story/c14/w=1440	200	619350	public/img/story/c14-w1440.webp	image/webp
https://imagedelivery.net/_XdB7bWYK-JWmUTR66I7hQ/story/c14/w=1920	200	913598	public/img/story/c14-w1920.webp	image/webp
https://imagedelivery.net/_XdB7bWYK-JWmUTR66I7hQ/story/c14/w=2560	200	1286254	public/img/story/c14-w2560.webp	image/webp
https://imagedelivery.net/_XdB7bWYK-JWmUTR66I7hQ/story/f01/w=640	200	26720	public/img/story/f01-w640.webp	image/webp
https://imagedelivery.net/_XdB7bWYK-JWmUTR66I7hQ/story/f01/w=1024	200	56658	public/img/story/f01-w1024.webp	image/webp
https://imagedelivery.net/_XdB7bWYK-JWmUTR66I7hQ/story/f01/w=1400	200	95894	public/img/story/f01-w1400.webp	image/webp
https://imagedelivery.net/_XdB7bWYK-JWmUTR66I7hQ/story/f01/w=1440	200	100854	public/img/story/f01-w1440.webp	image/webp
https://imagedelivery.net/_XdB7bWYK-JWmUTR66I7hQ/story/f01/w=1920	200	156664	public/img/story/f01-w1920.webp	image/webp
https://imagedelivery.net/_XdB7bWYK-JWmUTR66I7hQ/story/f01/w=2560	200	232170	public/img/story/f01-w2560.webp	image/webp
https://imagedelivery.net/_XdB7bWYK-JWmUTR66I7hQ/story/f02/w=640	200	38596	public/img/story/f02-w640.webp	image/webp
https://imagedelivery.net/_XdB7bWYK-JWmUTR66I7hQ/story/f02/w=1024	200	88436	public/img/story/f02-w1024.webp	image/webp
https://imagedelivery.net/_XdB7bWYK-JWmUTR66I7hQ/story/f02/w=1400	200	150210	public/img/story/f02-w1400.webp	image/webp
https://imagedelivery.net/_XdB7bWYK-JWmUTR66I7hQ/story/f02/w=1440	200	157944	public/img/story/f02-w1440.webp	image/webp
https://imagedelivery.net/_XdB7bWYK-JWmUTR66I7hQ/story/f02/w=1920	200	247888	public/img/story/f02-w1920.webp	image/webp
https://imagedelivery.net/_XdB7bWYK-JWmUTR66I7hQ/story/f02/w=2560	200	372702	public/img/story/f02-w2560.webp	image/webp
https://imagedelivery.net/_XdB7bWYK-JWmUTR66I7hQ/story/f03/w=640	200	38484	public/img/story/f03-w640.webp	image/webp
https://imagedelivery.net/_XdB7bWYK-JWmUTR66I7hQ/story/f03/w=1024	200	109212	public/img/story/f03-w1024.webp	image/webp
https://imagedelivery.net/_XdB7bWYK-JWmUTR66I7hQ/story/f03/w=1400	200	228606	public/img/story/f03-w1400.webp	image/webp
https://imagedelivery.net/_XdB7bWYK-JWmUTR66I7hQ/story/f03/w=1440	200	242714	public/img/story/f03-w1440.webp	image/webp
https://imagedelivery.net/_XdB7bWYK-JWmUTR66I7hQ/story/f03/w=1920	200	422864	public/img/story/f03-w1920.webp	image/webp
https://imagedelivery.net/_XdB7bWYK-JWmUTR66I7hQ/story/f03/w=2560	200	713788	public/img/story/f03-w2560.webp	image/webp
https://imagedelivery.net/_XdB7bWYK-JWmUTR66I7hQ/story/f04/w=640	200	19216	public/img/story/f04-w640.webp	image/webp
https://imagedelivery.net/_XdB7bWYK-JWmUTR66I7hQ/story/f04/w=1024	200	36970	public/img/story/f04-w1024.webp	image/webp
https://imagedelivery.net/_XdB7bWYK-JWmUTR66I7hQ/story/f04/w=1200	200	45804	public/img/story/f04-w1200.webp	image/webp
https://imagedelivery.net/_XdB7bWYK-JWmUTR66I7hQ/story/f04/w=1440	200	58906	public/img/story/f04-w1440.webp	image/webp
https://imagedelivery.net/_XdB7bWYK-JWmUTR66I7hQ/story/f04/w=1920	200	97710	public/img/story/f04-w1920.webp	image/webp
https://imagedelivery.net/_XdB7bWYK-JWmUTR66I7hQ/story/f04/w=2000	200	101556	public/img/story/f04-w2000.webp	image/webp
https://imagedelivery.net/_XdB7bWYK-JWmUTR66I7hQ/story/f04/w=2560	200	163700	public/img/story/f04-w2560.webp	image/webp
https://imagedelivery.net/_XdB7bWYK-JWmUTR66I7hQ/story/f05/w=640	200	29830	public/img/story/f05-w640.webp	image/webp
https://imagedelivery.net/_XdB7bWYK-JWmUTR66I7hQ/story/f05/w=1024	200	59090	public/img/story/f05-w1024.webp	image/webp
https://imagedelivery.net/_XdB7bWYK-JWmUTR66I7hQ/story/f05/w=1200	200	75356	public/img/story/f05-w1200.webp	image/webp
https://imagedelivery.net/_XdB7bWYK-JWmUTR66I7hQ/story/f05/w=1440	200	97342	public/img/story/f05-w1440.webp	image/webp
https://imagedelivery.net/_XdB7bWYK-JWmUTR66I7hQ/story/f05/w=1920	200	145906	public/img/story/f05-w1920.webp	image/webp
https://imagedelivery.net/_XdB7bWYK-JWmUTR66I7hQ/story/f05/w=2000	200	154482	public/img/story/f05-w2000.webp	image/webp
https://imagedelivery.net/_XdB7bWYK-JWmUTR66I7hQ/story/f05/w=2560	200	212670	public/img/story/f05-w2560.webp	image/webp
https://imagedelivery.net/_XdB7bWYK-JWmUTR66I7hQ/story/f06/w=640	200	56532	public/img/story/f06-w640.webp	image/webp
https://imagedelivery.net/_XdB7bWYK-JWmUTR66I7hQ/story/f06/w=1024	200	126832	public/img/story/f06-w1024.webp	image/webp
https://imagedelivery.net/_XdB7bWYK-JWmUTR66I7hQ/story/f06/w=1100	200	143484	public/img/story/f06-w1100.webp	image/webp
https://imagedelivery.net/_XdB7bWYK-JWmUTR66I7hQ/story/f06/w=1400	200	214916	public/img/story/f06-w1400.webp	image/webp
https://imagedelivery.net/_XdB7bWYK-JWmUTR66I7hQ/story/f06/w=1440	200	226660	public/img/story/f06-w1440.webp	image/webp
https://imagedelivery.net/_XdB7bWYK-JWmUTR66I7hQ/story/f06/w=1920	200	361674	public/img/story/f06-w1920.webp	image/webp
https://imagedelivery.net/_XdB7bWYK-JWmUTR66I7hQ/story/f06/w=2560	200	558388	public/img/story/f06-w2560.webp	image/webp
https://imagedelivery.net/_XdB7bWYK-JWmUTR66I7hQ/story/f07/w=640	200	58132	public/img/story/f07-w640.webp	image/webp
https://imagedelivery.net/_XdB7bWYK-JWmUTR66I7hQ/story/f07/w=1024	200	117388	public/img/story/f07-w1024.webp	image/webp
https://imagedelivery.net/_XdB7bWYK-JWmUTR66I7hQ/story/f07/w=1400	200	192784	public/img/story/f07-w1400.webp	image/webp
https://imagedelivery.net/_XdB7bWYK-JWmUTR66I7hQ/story/f07/w=1440	200	200532	public/img/story/f07-w1440.webp	image/webp
https://imagedelivery.net/_XdB7bWYK-JWmUTR66I7hQ/story/f07/w=1920	200	317344	public/img/story/f07-w1920.webp	image/webp
https://imagedelivery.net/_XdB7bWYK-JWmUTR66I7hQ/story/f07/w=2560	200	472262	public/img/story/f07-w2560.webp	image/webp
https://imagedelivery.net/_XdB7bWYK-JWmUTR66I7hQ/story/f08/w=640	200	32758	public/img/story/f08-w640.webp	image/webp
https://imagedelivery.net/_XdB7bWYK-JWmUTR66I7hQ/story/f08/w=1024	200	72418	public/img/story/f08-w1024.webp	image/webp
https://imagedelivery.net/_XdB7bWYK-JWmUTR66I7hQ/story/f08/w=1100	200	83458	public/img/story/f08-w1100.webp	image/webp
https://imagedelivery.net/_XdB7bWYK-JWmUTR66I7hQ/story/f08/w=1400	200	123354	public/img/story/f08-w1400.webp	image/webp
https://imagedelivery.net/_XdB7bWYK-JWmUTR66I7hQ/story/f08/w=1440	200	128610	public/img/story/f08-w1440.webp	image/webp
https://imagedelivery.net/_XdB7bWYK-JWmUTR66I7hQ/story/f08/w=1920	200	206552	public/img/story/f08-w1920.webp	image/webp
https://imagedelivery.net/_XdB7bWYK-JWmUTR66I7hQ/story/f08/w=2560	200	318744	public/img/story/f08-w2560.webp	image/webp
https://imagedelivery.net/_XdB7bWYK-JWmUTR66I7hQ/story/f09/w=640	200	48504	public/img/story/f09-w640.webp	image/webp
https://imagedelivery.net/_XdB7bWYK-JWmUTR66I7hQ/story/f09/w=1024	200	110618	public/img/story/f09-w1024.webp	image/webp
https://imagedelivery.net/_XdB7bWYK-JWmUTR66I7hQ/story/f09/w=1400	200	191964	public/img/story/f09-w1400.webp	image/webp
https://imagedelivery.net/_XdB7bWYK-JWmUTR66I7hQ/story/f09/w=1440	200	201054	public/img/story/f09-w1440.webp	image/webp
https://imagedelivery.net/_XdB7bWYK-JWmUTR66I7hQ/story/f09/w=1920	200	328224	public/img/story/f09-w1920.webp	image/webp
https://imagedelivery.net/_XdB7bWYK-JWmUTR66I7hQ/story/f09/w=2560	200	512606	public/img/story/f09-w2560.webp	image/webp
https://imagedelivery.net/_XdB7bWYK-JWmUTR66I7hQ/story/f10/w=640	200	54704	public/img/story/f10-w640.webp	image/webp
https://imagedelivery.net/_XdB7bWYK-JWmUTR66I7hQ/story/f10/w=1024	200	119340	public/img/story/f10-w1024.webp	image/webp
https://imagedelivery.net/_XdB7bWYK-JWmUTR66I7hQ/story/f10/w=1440	200	213242	public/img/story/f10-w1440.webp	image/webp
https://imagedelivery.net/_XdB7bWYK-JWmUTR66I7hQ/story/f10/w=1600	200	252418	public/img/story/f10-w1600.webp	image/webp
https://imagedelivery.net/_XdB7bWYK-JWmUTR66I7hQ/story/f10/w=1920	200	336514	public/img/story/f10-w1920.webp	image/webp
https://imagedelivery.net/_XdB7bWYK-JWmUTR66I7hQ/story/f10/w=2560	200	504820	public/img/story/f10-w2560.webp	image/webp
https://imagedelivery.net/_XdB7bWYK-JWmUTR66I7hQ/story/f11/w=640	200	36038	public/img/story/f11-w640.webp	image/webp
https://imagedelivery.net/_XdB7bWYK-JWmUTR66I7hQ/story/f11/w=1024	200	69854	public/img/story/f11-w1024.webp	image/webp
https://imagedelivery.net/_XdB7bWYK-JWmUTR66I7hQ/story/f11/w=1400	200	111184	public/img/story/f11-w1400.webp	image/webp
https://imagedelivery.net/_XdB7bWYK-JWmUTR66I7hQ/story/f11/w=1440	200	115270	public/img/story/f11-w1440.webp	image/webp
https://imagedelivery.net/_XdB7bWYK-JWmUTR66I7hQ/story/f11/w=1920	200	176868	public/img/story/f11-w1920.webp	image/webp
https://imagedelivery.net/_XdB7bWYK-JWmUTR66I7hQ/story/f11/w=2560	200	267864	public/img/story/f11-w2560.webp	image/webp
https://imagedelivery.net/_XdB7bWYK-JWmUTR66I7hQ/story/f12/w=640	200	39870	public/img/story/f12-w640.webp	image/webp
https://imagedelivery.net/_XdB7bWYK-JWmUTR66I7hQ/story/f12/w=1024	200	76410	public/img/story/f12-w1024.webp	image/webp
https://imagedelivery.net/_XdB7bWYK-JWmUTR66I7hQ/story/f12/w=1400	200	116742	public/img/story/f12-w1400.webp	image/webp
https://imagedelivery.net/_XdB7bWYK-JWmUTR66I7hQ/story/f12/w=1440	200	121290	public/img/story/f12-w1440.webp	image/webp
https://imagedelivery.net/_XdB7bWYK-JWmUTR66I7hQ/story/f12/w=1920	200	184476	public/img/story/f12-w1920.webp	image/webp
https://imagedelivery.net/_XdB7bWYK-JWmUTR66I7hQ/story/f12/w=2560	200	277326	public/img/story/f12-w2560.webp	image/webp
https://imagedelivery.net/_XdB7bWYK-JWmUTR66I7hQ/story/m01/w=640	200	54506	public/img/story/m01-w640.webp	image/webp
https://imagedelivery.net/_XdB7bWYK-JWmUTR66I7hQ/story/m01/w=1024	200	99228	public/img/story/m01-w1024.webp	image/webp
https://imagedelivery.net/_XdB7bWYK-JWmUTR66I7hQ/story/m01/w=1100	200	109496	public/img/story/m01-w1100.webp	image/webp
https://imagedelivery.net/_XdB7bWYK-JWmUTR66I7hQ/story/m01/w=1400	200	150492	public/img/story/m01-w1400.webp	image/webp
https://imagedelivery.net/_XdB7bWYK-JWmUTR66I7hQ/story/m01/w=1440	200	156502	public/img/story/m01-w1440.webp	image/webp
https://imagedelivery.net/_XdB7bWYK-JWmUTR66I7hQ/story/m01/w=1920	200	224202	public/img/story/m01-w1920.webp	image/webp
https://imagedelivery.net/_XdB7bWYK-JWmUTR66I7hQ/story/m01/w=2560	200	332460	public/img/story/m01-w2560.webp	image/webp
https://imagedelivery.net/_XdB7bWYK-JWmUTR66I7hQ/story/m02/w=640	200	57000	public/img/story/m02-w640.webp	image/webp
https://imagedelivery.net/_XdB7bWYK-JWmUTR66I7hQ/story/m02/w=1024	200	110252	public/img/story/m02-w1024.webp	image/webp
https://imagedelivery.net/_XdB7bWYK-JWmUTR66I7hQ/story/m02/w=1400	200	174182	public/img/story/m02-w1400.webp	image/webp
https://imagedelivery.net/_XdB7bWYK-JWmUTR66I7hQ/story/m02/w=1440	200	181256	public/img/story/m02-w1440.webp	image/webp
https://imagedelivery.net/_XdB7bWYK-JWmUTR66I7hQ/story/m02/w=1920	200	267860	public/img/story/m02-w1920.webp	image/webp
https://imagedelivery.net/_XdB7bWYK-JWmUTR66I7hQ/story/m02/w=2560	200	408610	public/img/story/m02-w2560.webp	image/webp
https://imagedelivery.net/_XdB7bWYK-JWmUTR66I7hQ/story/m03/w=640	200	78228	public/img/story/m03-w640.webp	image/webp
https://imagedelivery.net/_XdB7bWYK-JWmUTR66I7hQ/story/m03/w=1024	200	171444	public/img/story/m03-w1024.webp	image/webp
https://imagedelivery.net/_XdB7bWYK-JWmUTR66I7hQ/story/m03/w=1100	200	182186	public/img/story/m03-w1100.webp	image/webp
https://imagedelivery.net/_XdB7bWYK-JWmUTR66I7hQ/story/m03/w=1400	200	282232	public/img/story/m03-w1400.webp	image/webp
https://imagedelivery.net/_XdB7bWYK-JWmUTR66I7hQ/story/m03/w=1440	200	296788	public/img/story/m03-w1440.webp	image/webp
https://imagedelivery.net/_XdB7bWYK-JWmUTR66I7hQ/story/m03/w=1920	200	517428	public/img/story/m03-w1920.webp	image/webp
https://imagedelivery.net/_XdB7bWYK-JWmUTR66I7hQ/story/m03/w=2560	200	846480	public/img/story/m03-w2560.webp	image/webp
https://imagedelivery.net/_XdB7bWYK-JWmUTR66I7hQ/story/m04/w=640	200	44732	public/img/story/m04-w640.webp	image/webp
https://imagedelivery.net/_XdB7bWYK-JWmUTR66I7hQ/story/m04/w=1024	200	103268	public/img/story/m04-w1024.webp	image/webp
https://imagedelivery.net/_XdB7bWYK-JWmUTR66I7hQ/story/m04/w=1400	200	216318	public/img/story/m04-w1400.webp	image/webp
https://imagedelivery.net/_XdB7bWYK-JWmUTR66I7hQ/story/m04/w=1440	200	232184	public/img/story/m04-w1440.webp	image/webp
https://imagedelivery.net/_XdB7bWYK-JWmUTR66I7hQ/story/m04/w=1920	200	463106	public/img/story/m04-w1920.webp	image/webp
https://imagedelivery.net/_XdB7bWYK-JWmUTR66I7hQ/story/m04/w=2560	200	834306	public/img/story/m04-w2560.webp	image/webp
https://imagedelivery.net/_XdB7bWYK-JWmUTR66I7hQ/story/m05/w=640	200	28494	public/img/story/m05-w640.webp	image/webp
https://imagedelivery.net/_XdB7bWYK-JWmUTR66I7hQ/story/m05/w=1024	200	57952	public/img/story/m05-w1024.webp	image/webp
https://imagedelivery.net/_XdB7bWYK-JWmUTR66I7hQ/story/m05/w=1400	200	121952	public/img/story/m05-w1400.webp	image/webp
https://imagedelivery.net/_XdB7bWYK-JWmUTR66I7hQ/story/m05/w=1440	200	132292	public/img/story/m05-w1440.webp	image/webp
https://imagedelivery.net/_XdB7bWYK-JWmUTR66I7hQ/story/m05/w=1920	200	310428	public/img/story/m05-w1920.webp	image/webp
https://imagedelivery.net/_XdB7bWYK-JWmUTR66I7hQ/story/m05/w=2560	200	643316	public/img/story/m05-w2560.webp	image/webp
https://imagedelivery.net/_XdB7bWYK-JWmUTR66I7hQ/story/m06/w=640	200	45024	public/img/story/m06-w640.webp	image/webp
https://imagedelivery.net/_XdB7bWYK-JWmUTR66I7hQ/story/m06/w=1024	200	88220	public/img/story/m06-w1024.webp	image/webp
https://imagedelivery.net/_XdB7bWYK-JWmUTR66I7hQ/story/m06/w=1440	200	172900	public/img/story/m06-w1440.webp	image/webp
https://imagedelivery.net/_XdB7bWYK-JWmUTR66I7hQ/story/m06/w=1600	200	222526	public/img/story/m06-w1600.webp	image/webp
https://imagedelivery.net/_XdB7bWYK-JWmUTR66I7hQ/story/m06/w=1920	200	321076	public/img/story/m06-w1920.webp	image/webp
https://imagedelivery.net/_XdB7bWYK-JWmUTR66I7hQ/story/m06/w=2560	200	597236	public/img/story/m06-w2560.webp	image/webp
https://imagedelivery.net/_XdB7bWYK-JWmUTR66I7hQ/story/m07/w=640	200	69402	public/img/story/m07-w640.webp	image/webp
https://imagedelivery.net/_XdB7bWYK-JWmUTR66I7hQ/story/m07/w=1024	200	133980	public/img/story/m07-w1024.webp	image/webp
https://imagedelivery.net/_XdB7bWYK-JWmUTR66I7hQ/story/m07/w=1400	200	223980	public/img/story/m07-w1400.webp	image/webp
https://imagedelivery.net/_XdB7bWYK-JWmUTR66I7hQ/story/m07/w=1440	200	234046	public/img/story/m07-w1440.webp	image/webp
https://imagedelivery.net/_XdB7bWYK-JWmUTR66I7hQ/story/m07/w=1920	200	389952	public/img/story/m07-w1920.webp	image/webp
https://imagedelivery.net/_XdB7bWYK-JWmUTR66I7hQ/story/m07/w=2560	200	622794	public/img/story/m07-w2560.webp	image/webp
https://imagedelivery.net/_XdB7bWYK-JWmUTR66I7hQ/story/m08/w=640	200	55638	public/img/story/m08-w640.webp	image/webp
https://imagedelivery.net/_XdB7bWYK-JWmUTR66I7hQ/story/m08/w=1024	200	105824	public/img/story/m08-w1024.webp	image/webp
https://imagedelivery.net/_XdB7bWYK-JWmUTR66I7hQ/story/m08/w=1400	200	165162	public/img/story/m08-w1400.webp	image/webp
https://imagedelivery.net/_XdB7bWYK-JWmUTR66I7hQ/story/m08/w=1440	200	171816	public/img/story/m08-w1440.webp	image/webp
https://imagedelivery.net/_XdB7bWYK-JWmUTR66I7hQ/story/m08/w=1920	200	252482	public/img/story/m08-w1920.webp	image/webp
https://imagedelivery.net/_XdB7bWYK-JWmUTR66I7hQ/story/m08/w=2560	200	380406	public/img/story/m08-w2560.webp	image/webp
https://imagedelivery.net/_XdB7bWYK-JWmUTR66I7hQ/story/r01/w=640	200	86206	public/img/story/r01-w640.webp	image/webp
https://imagedelivery.net/_XdB7bWYK-JWmUTR66I7hQ/story/r01/w=1024	200	230212	public/img/story/r01-w1024.webp	image/webp
https://imagedelivery.net/_XdB7bWYK-JWmUTR66I7hQ/story/r01/w=1400	200	452674	public/img/story/r01-w1400.webp	image/webp
https://imagedelivery.net/_XdB7bWYK-JWmUTR66I7hQ/story/r01/w=1440	200	482582	public/img/story/r01-w1440.webp	image/webp
https://imagedelivery.net/_XdB7bWYK-JWmUTR66I7hQ/story/r01/w=1920	200	904912	public/img/story/r01-w1920.webp	image/webp
https://imagedelivery.net/_XdB7bWYK-JWmUTR66I7hQ/story/r01/w=2560	200	1704920	public/img/story/r01-w2560.webp	image/webp
https://imagedelivery.net/_XdB7bWYK-JWmUTR66I7hQ/story/r02/w=640	200	64236	public/img/story/r02-w640.webp	image/webp
https://imagedelivery.net/_XdB7bWYK-JWmUTR66I7hQ/story/r02/w=1024	200	136362	public/img/story/r02-w1024.webp	image/webp
https://imagedelivery.net/_XdB7bWYK-JWmUTR66I7hQ/story/r02/w=1100	200	158008	public/img/story/r02-w1100.webp	image/webp
https://imagedelivery.net/_XdB7bWYK-JWmUTR66I7hQ/story/r02/w=1400	200	248390	public/img/story/r02-w1400.webp	image/webp
https://imagedelivery.net/_XdB7bWYK-JWmUTR66I7hQ/story/r02/w=1440	200	270866	public/img/story/r02-w1440.webp	image/webp
https://imagedelivery.net/_XdB7bWYK-JWmUTR66I7hQ/story/r02/w=1920	200	513090	public/img/story/r02-w1920.webp	image/webp
https://imagedelivery.net/_XdB7bWYK-JWmUTR66I7hQ/story/r02/w=2560	200	927352	public/img/story/r02-w2560.webp	image/webp
https://imagedelivery.net/_XdB7bWYK-JWmUTR66I7hQ/story/r03/w=640	200	45000	public/img/story/r03-w640.webp	image/webp
https://imagedelivery.net/_XdB7bWYK-JWmUTR66I7hQ/story/r03/w=1024	200	93060	public/img/story/r03-w1024.webp	image/webp
https://imagedelivery.net/_XdB7bWYK-JWmUTR66I7hQ/story/r03/w=1200	200	119738	public/img/story/r03-w1200.webp	image/webp
https://imagedelivery.net/_XdB7bWYK-JWmUTR66I7hQ/story/r03/w=1440	200	152572	public/img/story/r03-w1440.webp	image/webp
https://imagedelivery.net/_XdB7bWYK-JWmUTR66I7hQ/story/r03/w=1920	200	236002	public/img/story/r03-w1920.webp	image/webp
https://imagedelivery.net/_XdB7bWYK-JWmUTR66I7hQ/story/r03/w=2000	200	249740	public/img/story/r03-w2000.webp	image/webp
https://imagedelivery.net/_XdB7bWYK-JWmUTR66I7hQ/story/r03/w=2560	200	348540	public/img/story/r03-w2560.webp	image/webp
https://imagedelivery.net/_XdB7bWYK-JWmUTR66I7hQ/story/r04/w=640	200	80284	public/img/story/r04-w640.webp	image/webp
https://imagedelivery.net/_XdB7bWYK-JWmUTR66I7hQ/story/r04/w=1024	200	223376	public/img/story/r04-w1024.webp	image/webp
https://imagedelivery.net/_XdB7bWYK-JWmUTR66I7hQ/story/r04/w=1400	200	403680	public/img/story/r04-w1400.webp	image/webp
https://imagedelivery.net/_XdB7bWYK-JWmUTR66I7hQ/story/r04/w=1440	200	419394	public/img/story/r04-w1440.webp	image/webp
https://imagedelivery.net/_XdB7bWYK-JWmUTR66I7hQ/story/r04/w=1920	200	652854	public/img/story/r04-w1920.webp	image/webp
https://imagedelivery.net/_XdB7bWYK-JWmUTR66I7hQ/story/r04/w=2560	200	951496	public/img/story/r04-w2560.webp	image/webp
https://imagedelivery.net/_XdB7bWYK-JWmUTR66I7hQ/story/r05/w=640	200	42718	public/img/story/r05-w640.webp	image/webp
https://imagedelivery.net/_XdB7bWYK-JWmUTR66I7hQ/story/r05/w=1024	200	117342	public/img/story/r05-w1024.webp	image/webp
https://imagedelivery.net/_XdB7bWYK-JWmUTR66I7hQ/story/r05/w=1400	200	251948	public/img/story/r05-w1400.webp	image/webp
https://imagedelivery.net/_XdB7bWYK-JWmUTR66I7hQ/story/r05/w=1440	200	267588	public/img/story/r05-w1440.webp	image/webp
https://imagedelivery.net/_XdB7bWYK-JWmUTR66I7hQ/story/r05/w=1920	200	487772	public/img/story/r05-w1920.webp	image/webp
https://imagedelivery.net/_XdB7bWYK-JWmUTR66I7hQ/story/r05/w=2560	200	793568	public/img/story/r05-w2560.webp	image/webp
https://imagedelivery.net/_XdB7bWYK-JWmUTR66I7hQ/story/r06/w=640	200	80780	public/img/story/r06-w640.webp	image/webp
https://imagedelivery.net/_XdB7bWYK-JWmUTR66I7hQ/story/r06/w=1024	200	234700	public/img/story/r06-w1024.webp	image/webp
https://imagedelivery.net/_XdB7bWYK-JWmUTR66I7hQ/story/r06/w=1400	200	476950	public/img/story/r06-w1400.webp	image/webp
https://imagedelivery.net/_XdB7bWYK-JWmUTR66I7hQ/story/r06/w=1440	200	506286	public/img/story/r06-w1440.webp	image/webp
https://imagedelivery.net/_XdB7bWYK-JWmUTR66I7hQ/story/r06/w=1920	200	899686	public/img/story/r06-w1920.webp	image/webp
https://imagedelivery.net/_XdB7bWYK-JWmUTR66I7hQ/story/r06/w=2560	200	1413284	public/img/story/r06-w2560.webp	image/webp
https://imagedelivery.net/_XdB7bWYK-JWmUTR66I7hQ/story/r07/w=640	200	63668	public/img/story/r07-w640.webp	image/webp
https://imagedelivery.net/_XdB7bWYK-JWmUTR66I7hQ/story/r07/w=1024	200	178146	public/img/story/r07-w1024.webp	image/webp
https://imagedelivery.net/_XdB7bWYK-JWmUTR66I7hQ/story/r07/w=1100	200	204462	public/img/story/r07-w1100.webp	image/webp
https://imagedelivery.net/_XdB7bWYK-JWmUTR66I7hQ/story/r07/w=1440	200	360810	public/img/story/r07-w1440.webp	image/webp
https://imagedelivery.net/_XdB7bWYK-JWmUTR66I7hQ/story/r07/w=1920	200	576298	public/img/story/r07-w1920.webp	image/webp
https://imagedelivery.net/_XdB7bWYK-JWmUTR66I7hQ/story/r07/w=2000	200	613836	public/img/story/r07-w2000.webp	image/webp
https://imagedelivery.net/_XdB7bWYK-JWmUTR66I7hQ/story/r07/w=2560	200	850312	public/img/story/r07-w2560.webp	image/webp
https://imagedelivery.net/_XdB7bWYK-JWmUTR66I7hQ/story/s01/w=640	200	97310	public/img/story/s01-w640.webp	image/webp
https://imagedelivery.net/_XdB7bWYK-JWmUTR66I7hQ/story/s01/w=1024	200	215788	public/img/story/s01-w1024.webp	image/webp
https://imagedelivery.net/_XdB7bWYK-JWmUTR66I7hQ/story/s01/w=1400	200	348500	public/img/story/s01-w1400.webp	image/webp
https://imagedelivery.net/_XdB7bWYK-JWmUTR66I7hQ/story/s01/w=1440	200	365642	public/img/story/s01-w1440.webp	image/webp
https://imagedelivery.net/_XdB7bWYK-JWmUTR66I7hQ/story/s01/w=1920	200	580154	public/img/story/s01-w1920.webp	image/webp
https://imagedelivery.net/_XdB7bWYK-JWmUTR66I7hQ/story/s01/w=2560	200	880012	public/img/story/s01-w2560.webp	image/webp
https://imagedelivery.net/_XdB7bWYK-JWmUTR66I7hQ/story/s02/w=640	200	57290	public/img/story/s02-w640.webp	image/webp
https://imagedelivery.net/_XdB7bWYK-JWmUTR66I7hQ/story/s02/w=1024	200	104784	public/img/story/s02-w1024.webp	image/webp
https://imagedelivery.net/_XdB7bWYK-JWmUTR66I7hQ/story/s02/w=1100	200	114578	public/img/story/s02-w1100.webp	image/webp
https://imagedelivery.net/_XdB7bWYK-JWmUTR66I7hQ/story/s02/w=1440	200	156498	public/img/story/s02-w1440.webp	image/webp
https://imagedelivery.net/_XdB7bWYK-JWmUTR66I7hQ/story/s02/w=1600	200	179954	public/img/story/s02-w1600.webp	image/webp
https://imagedelivery.net/_XdB7bWYK-JWmUTR66I7hQ/story/s02/w=1920	200	228922	public/img/story/s02-w1920.webp	image/webp
https://imagedelivery.net/_XdB7bWYK-JWmUTR66I7hQ/story/s02/w=2560	200	333934	public/img/story/s02-w2560.webp	image/webp
https://imagedelivery.net/_XdB7bWYK-JWmUTR66I7hQ/story/s03/w=640	200	79522	public/img/story/s03-w640.webp	image/webp
https://imagedelivery.net/_XdB7bWYK-JWmUTR66I7hQ/story/s03/w=1024	200	152662	public/img/story/s03-w1024.webp	image/webp
https://imagedelivery.net/_XdB7bWYK-JWmUTR66I7hQ/story/s03/w=1400	200	237402	public/img/story/s03-w1400.webp	image/webp
https://imagedelivery.net/_XdB7bWYK-JWmUTR66I7hQ/story/s03/w=1440	200	245582	public/img/story/s03-w1440.webp	image/webp
https://imagedelivery.net/_XdB7bWYK-JWmUTR66I7hQ/story/s03/w=1920	200	377948	public/img/story/s03-w1920.webp	image/webp
https://imagedelivery.net/_XdB7bWYK-JWmUTR66I7hQ/story/s03/w=2560	200	574160	public/img/story/s03-w2560.webp	image/webp
https://imagedelivery.net/_XdB7bWYK-JWmUTR66I7hQ/story/s04/w=640	200	121034	public/img/story/s04-w640.webp	image/webp
https://imagedelivery.net/_XdB7bWYK-JWmUTR66I7hQ/story/s04/w=1024	200	244120	public/img/story/s04-w1024.webp	image/webp
https://imagedelivery.net/_XdB7bWYK-JWmUTR66I7hQ/story/s04/w=1400	200	383736	public/img/story/s04-w1400.webp	image/webp
https://imagedelivery.net/_XdB7bWYK-JWmUTR66I7hQ/story/s04/w=1440	200	398270	public/img/story/s04-w1440.webp	image/webp
https://imagedelivery.net/_XdB7bWYK-JWmUTR66I7hQ/story/s04/w=1920	200	567898	public/img/story/s04-w1920.webp	image/webp
https://imagedelivery.net/_XdB7bWYK-JWmUTR66I7hQ/story/s04/w=2560	200	834760	public/img/story/s04-w2560.webp	image/webp
https://imagedelivery.net/_XdB7bWYK-JWmUTR66I7hQ/story/s05/w=640	200	108412	public/img/story/s05-w640.webp	image/webp
https://imagedelivery.net/_XdB7bWYK-JWmUTR66I7hQ/story/s05/w=1024	200	225992	public/img/story/s05-w1024.webp	image/webp
https://imagedelivery.net/_XdB7bWYK-JWmUTR66I7hQ/story/s05/w=1400	200	391046	public/img/story/s05-w1400.webp	image/webp
https://imagedelivery.net/_XdB7bWYK-JWmUTR66I7hQ/story/s05/w=1440	200	412076	public/img/story/s05-w1440.webp	image/webp
https://imagedelivery.net/_XdB7bWYK-JWmUTR66I7hQ/story/s05/w=1920	200	653396	public/img/story/s05-w1920.webp	image/webp
https://imagedelivery.net/_XdB7bWYK-JWmUTR66I7hQ/story/s05/w=2560	200	1028562	public/img/story/s05-w2560.webp	image/webp
https://imagedelivery.net/_XdB7bWYK-JWmUTR66I7hQ/story/s06/w=640	200	55618	public/img/story/s06-w640.webp	image/webp
https://imagedelivery.net/_XdB7bWYK-JWmUTR66I7hQ/story/s06/w=1024	200	117738	public/img/story/s06-w1024.webp	image/webp
https://imagedelivery.net/_XdB7bWYK-JWmUTR66I7hQ/story/s06/w=1400	200	190142	public/img/story/s06-w1400.webp	image/webp
https://imagedelivery.net/_XdB7bWYK-JWmUTR66I7hQ/story/s06/w=1440	200	198098	public/img/story/s06-w1440.webp	image/webp
https://imagedelivery.net/_XdB7bWYK-JWmUTR66I7hQ/story/s06/w=1920	200	288704	public/img/story/s06-w1920.webp	image/webp
https://imagedelivery.net/_XdB7bWYK-JWmUTR66I7hQ/story/s06/w=2560	200	426206	public/img/story/s06-w2560.webp	image/webp
https://imagedelivery.net/_XdB7bWYK-JWmUTR66I7hQ/story/s07/w=640	200	91204	public/img/story/s07-w640.webp	image/webp
https://imagedelivery.net/_XdB7bWYK-JWmUTR66I7hQ/story/s07/w=1024	200	179614	public/img/story/s07-w1024.webp	image/webp
https://imagedelivery.net/_XdB7bWYK-JWmUTR66I7hQ/story/s07/w=1400	200	270400	public/img/story/s07-w1400.webp	image/webp
https://imagedelivery.net/_XdB7bWYK-JWmUTR66I7hQ/story/s07/w=1440	200	280560	public/img/story/s07-w1440.webp	image/webp
https://imagedelivery.net/_XdB7bWYK-JWmUTR66I7hQ/story/s07/w=1920	200	437054	public/img/story/s07-w1920.webp	image/webp
https://imagedelivery.net/_XdB7bWYK-JWmUTR66I7hQ/story/s07/w=2560	200	671968	public/img/story/s07-w2560.webp	image/webp
https://imagedelivery.net/_XdB7bWYK-JWmUTR66I7hQ/story/s08/w=640	200	61042	public/img/story/s08-w640.webp	image/webp
https://imagedelivery.net/_XdB7bWYK-JWmUTR66I7hQ/story/s08/w=1024	200	117604	public/img/story/s08-w1024.webp	image/webp
https://imagedelivery.net/_XdB7bWYK-JWmUTR66I7hQ/story/s08/w=1100	200	131784	public/img/story/s08-w1100.webp	image/webp
https://imagedelivery.net/_XdB7bWYK-JWmUTR66I7hQ/story/s08/w=1400	200	191172	public/img/story/s08-w1400.webp	image/webp
https://imagedelivery.net/_XdB7bWYK-JWmUTR66I7hQ/story/s08/w=1440	200	199088	public/img/story/s08-w1440.webp	image/webp
https://imagedelivery.net/_XdB7bWYK-JWmUTR66I7hQ/story/s08/w=1920	200	318194	public/img/story/s08-w1920.webp	image/webp
https://imagedelivery.net/_XdB7bWYK-JWmUTR66I7hQ/story/s08/w=2560	200	460864	public/img/story/s08-w2560.webp	image/webp
https://imagedelivery.net/_XdB7bWYK-JWmUTR66I7hQ/story/s09/w=640	200	65178	public/img/story/s09-w640.webp	image/webp
https://imagedelivery.net/_XdB7bWYK-JWmUTR66I7hQ/story/s09/w=1024	200	150624	public/img/story/s09-w1024.webp	image/webp
https://imagedelivery.net/_XdB7bWYK-JWmUTR66I7hQ/story/s09/w=1400	200	287412	public/img/story/s09-w1400.webp	image/webp
https://imagedelivery.net/_XdB7bWYK-JWmUTR66I7hQ/story/s09/w=1440	200	304168	public/img/story/s09-w1440.webp	image/webp
https://imagedelivery.net/_XdB7bWYK-JWmUTR66I7hQ/story/s09/w=1920	200	547708	public/img/story/s09-w1920.webp	image/webp
https://imagedelivery.net/_XdB7bWYK-JWmUTR66I7hQ/story/s09/w=2560	200	889820	public/img/story/s09-w2560.webp	image/webp
https://imagedelivery.net/_XdB7bWYK-JWmUTR66I7hQ/story/s10/w=640	200	81844	public/img/story/s10-w640.webp	image/webp
https://imagedelivery.net/_XdB7bWYK-JWmUTR66I7hQ/story/s10/w=1024	200	194282	public/img/story/s10-w1024.webp	image/webp
https://imagedelivery.net/_XdB7bWYK-JWmUTR66I7hQ/story/s10/w=1400	200	364154	public/img/story/s10-w1400.webp	image/webp
https://imagedelivery.net/_XdB7bWYK-JWmUTR66I7hQ/story/s10/w=1440	200	387074	public/img/story/s10-w1440.webp	image/webp
https://imagedelivery.net/_XdB7bWYK-JWmUTR66I7hQ/story/s10/w=1920	200	686048	public/img/story/s10-w1920.webp	image/webp
https://imagedelivery.net/_XdB7bWYK-JWmUTR66I7hQ/story/s10/w=2560	200	1114372	public/img/story/s10-w2560.webp	image/webp
https://imagedelivery.net/_XdB7bWYK-JWmUTR66I7hQ/story/s11/w=640	200	82654	public/img/story/s11-w640.webp	image/webp
https://imagedelivery.net/_XdB7bWYK-JWmUTR66I7hQ/story/s11/w=1024	200	158430	public/img/story/s11-w1024.webp	image/webp
https://imagedelivery.net/_XdB7bWYK-JWmUTR66I7hQ/story/s11/w=1400	200	234902	public/img/story/s11-w1400.webp	image/webp
https://imagedelivery.net/_XdB7bWYK-JWmUTR66I7hQ/story/s11/w=1440	200	242884	public/img/story/s11-w1440.webp	image/webp
https://imagedelivery.net/_XdB7bWYK-JWmUTR66I7hQ/story/s11/w=1920	200	362760	public/img/story/s11-w1920.webp	image/webp
https://imagedelivery.net/_XdB7bWYK-JWmUTR66I7hQ/story/s11/w=2560	200	535774	public/img/story/s11-w2560.webp	image/webp
https://imagedelivery.net/_XdB7bWYK-JWmUTR66I7hQ/story/s12/w=640	200	79260	public/img/story/s12-w640.webp	image/webp
https://imagedelivery.net/_XdB7bWYK-JWmUTR66I7hQ/story/s12/w=1024	200	177846	public/img/story/s12-w1024.webp	image/webp
https://imagedelivery.net/_XdB7bWYK-JWmUTR66I7hQ/story/s12/w=1400	200	291226	public/img/story/s12-w1400.webp	image/webp
https://imagedelivery.net/_XdB7bWYK-JWmUTR66I7hQ/story/s12/w=1440	200	306894	public/img/story/s12-w1440.webp	image/webp
https://imagedelivery.net/_XdB7bWYK-JWmUTR66I7hQ/story/s12/w=1920	200	513858	public/img/story/s12-w1920.webp	image/webp
https://imagedelivery.net/_XdB7bWYK-JWmUTR66I7hQ/story/s12/w=2560	200	818220	public/img/story/s12-w2560.webp	image/webp
https://imagedelivery.net/_XdB7bWYK-JWmUTR66I7hQ/story/s13/w=640	200	74512	public/img/story/s13-w640.webp	image/webp
https://imagedelivery.net/_XdB7bWYK-JWmUTR66I7hQ/story/s13/w=1024	200	142684	public/img/story/s13-w1024.webp	image/webp
https://imagedelivery.net/_XdB7bWYK-JWmUTR66I7hQ/story/s13/w=1400	200	225164	public/img/story/s13-w1400.webp	image/webp
https://imagedelivery.net/_XdB7bWYK-JWmUTR66I7hQ/story/s13/w=1440	200	233510	public/img/story/s13-w1440.webp	image/webp
https://imagedelivery.net/_XdB7bWYK-JWmUTR66I7hQ/story/s13/w=1920	200	355798	public/img/story/s13-w1920.webp	image/webp
https://imagedelivery.net/_XdB7bWYK-JWmUTR66I7hQ/story/s13/w=2560	200	535972	public/img/story/s13-w2560.webp	image/webp
https://imagedelivery.net/_XdB7bWYK-JWmUTR66I7hQ/story/v1/w=640	200	60014	public/img/story/v1-w640.webp	image/webp
https://imagedelivery.net/_XdB7bWYK-JWmUTR66I7hQ/story/v1/w=1024	200	137250	public/img/story/v1-w1024.webp	image/webp
https://imagedelivery.net/_XdB7bWYK-JWmUTR66I7hQ/story/v1/w=1400	200	230700	public/img/story/v1-w1400.webp	image/webp
https://imagedelivery.net/_XdB7bWYK-JWmUTR66I7hQ/story/v1/w=1440	200	241606	public/img/story/v1-w1440.webp	image/webp
https://imagedelivery.net/_XdB7bWYK-JWmUTR66I7hQ/story/v1/w=1920	200	380668	public/img/story/v1-w1920.webp	image/webp
https://imagedelivery.net/_XdB7bWYK-JWmUTR66I7hQ/story/v1/w=2560	200	556164	public/img/story/v1-w2560.webp	image/webp
https://imagedelivery.net/_XdB7bWYK-JWmUTR66I7hQ/story/v2/w=640	200	62468	public/img/story/v2-w640.webp	image/webp
https://imagedelivery.net/_XdB7bWYK-JWmUTR66I7hQ/story/v2/w=1024	200	131780	public/img/story/v2-w1024.webp	image/webp
https://imagedelivery.net/_XdB7bWYK-JWmUTR66I7hQ/story/v2/w=1400	200	213642	public/img/story/v2-w1400.webp	image/webp
https://imagedelivery.net/_XdB7bWYK-JWmUTR66I7hQ/story/v2/w=1440	200	222958	public/img/story/v2-w1440.webp	image/webp
https://imagedelivery.net/_XdB7bWYK-JWmUTR66I7hQ/story/v2/w=1920	200	345928	public/img/story/v2-w1920.webp	image/webp
https://imagedelivery.net/_XdB7bWYK-JWmUTR66I7hQ/story/v2/w=2560	200	528136	public/img/story/v2-w2560.webp	image/webp
https://imagedelivery.net/_XdB7bWYK-JWmUTR66I7hQ/story/v3/w=640	200	64818	public/img/story/v3-w640.webp	image/webp
https://imagedelivery.net/_XdB7bWYK-JWmUTR66I7hQ/story/v3/w=1024	200	130106	public/img/story/v3-w1024.webp	image/webp
https://imagedelivery.net/_XdB7bWYK-JWmUTR66I7hQ/story/v3/w=1400	200	207110	public/img/story/v3-w1400.webp	image/webp
https://imagedelivery.net/_XdB7bWYK-JWmUTR66I7hQ/story/v3/w=1440	200	215802	public/img/story/v3-w1440.webp	image/webp
https://imagedelivery.net/_XdB7bWYK-JWmUTR66I7hQ/story/v3/w=1920	200	325450	public/img/story/v3-w1920.webp	image/webp
https://imagedelivery.net/_XdB7bWYK-JWmUTR66I7hQ/story/v3/w=2560	200	475874	public/img/story/v3-w2560.webp	image/webp
https://imagedelivery.net/_XdB7bWYK-JWmUTR66I7hQ/story/v4/w=640	200	70908	public/img/story/v4-w640.webp	image/webp
https://imagedelivery.net/_XdB7bWYK-JWmUTR66I7hQ/story/v4/w=1024	200	143066	public/img/story/v4-w1024.webp	image/webp
https://imagedelivery.net/_XdB7bWYK-JWmUTR66I7hQ/story/v4/w=1400	200	227054	public/img/story/v4-w1400.webp	image/webp
https://imagedelivery.net/_XdB7bWYK-JWmUTR66I7hQ/story/v4/w=1440	200	236448	public/img/story/v4-w1440.webp	image/webp
https://imagedelivery.net/_XdB7bWYK-JWmUTR66I7hQ/story/v4/w=1920	200	364932	public/img/story/v4-w1920.webp	image/webp
https://imagedelivery.net/_XdB7bWYK-JWmUTR66I7hQ/story/v4/w=2560	200	568384	public/img/story/v4-w2560.webp	image/webp
https://imagedelivery.net/_XdB7bWYK-JWmUTR66I7hQ/story/v5/w=640	200	69072	public/img/story/v5-w640.webp	image/webp
https://imagedelivery.net/_XdB7bWYK-JWmUTR66I7hQ/story/v5/w=1024	200	151872	public/img/story/v5-w1024.webp	image/webp
https://imagedelivery.net/_XdB7bWYK-JWmUTR66I7hQ/story/v5/w=1400	200	257294	public/img/story/v5-w1400.webp	image/webp
https://imagedelivery.net/_XdB7bWYK-JWmUTR66I7hQ/story/v5/w=1440	200	269454	public/img/story/v5-w1440.webp	image/webp
https://imagedelivery.net/_XdB7bWYK-JWmUTR66I7hQ/story/v5/w=1920	200	431392	public/img/story/v5-w1920.webp	image/webp
https://imagedelivery.net/_XdB7bWYK-JWmUTR66I7hQ/story/v5/w=2560	200	676420	public/img/story/v5-w2560.webp	image/webp
https://imagedelivery.net/_XdB7bWYK-JWmUTR66I7hQ/story/v6/w=640	200	81050	public/img/story/v6-w640.webp	image/webp
https://imagedelivery.net/_XdB7bWYK-JWmUTR66I7hQ/story/v6/w=1024	200	162050	public/img/story/v6-w1024.webp	image/webp
https://imagedelivery.net/_XdB7bWYK-JWmUTR66I7hQ/story/v6/w=1100	200	180248	public/img/story/v6-w1100.webp	image/webp
https://imagedelivery.net/_XdB7bWYK-JWmUTR66I7hQ/story/v6/w=1400	200	254262	public/img/story/v6-w1400.webp	image/webp
https://imagedelivery.net/_XdB7bWYK-JWmUTR66I7hQ/story/v6/w=1440	200	265332	public/img/story/v6-w1440.webp	image/webp
https://imagedelivery.net/_XdB7bWYK-JWmUTR66I7hQ/story/v6/w=1920	200	425458	public/img/story/v6-w1920.webp	image/webp
https://imagedelivery.net/_XdB7bWYK-JWmUTR66I7hQ/story/v6/w=2560	200	653260	public/img/story/v6-w2560.webp	image/webp
https://imagedelivery.net/_XdB7bWYK-JWmUTR66I7hQ/travels-california/dsc03362/w=1400	200	149702	public/img/travels-california/dsc03362-w1400.webp	image/webp
https://imagedelivery.net/_XdB7bWYK-JWmUTR66I7hQ/travels-california/dsc03362/w=2400	200	411072	public/img/travels-california/dsc03362-w2400.webp	image/webp
https://imagedelivery.net/_XdB7bWYK-JWmUTR66I7hQ/travels-california/dsc03439/w=1400	200	207152	public/img/travels-california/dsc03439-w1400.webp	image/webp
https://imagedelivery.net/_XdB7bWYK-JWmUTR66I7hQ/travels-california/dsc03439/w=2400	200	669444	public/img/travels-california/dsc03439-w2400.webp	image/webp
https://imagedelivery.net/_XdB7bWYK-JWmUTR66I7hQ/travels-california/dsc03467/w=1400	200	35868	public/img/travels-california/dsc03467-w1400.webp	image/webp
https://imagedelivery.net/_XdB7bWYK-JWmUTR66I7hQ/travels-california/dsc03467/w=2400	200	138602	public/img/travels-california/dsc03467-w2400.webp	image/webp
https://imagedelivery.net/_XdB7bWYK-JWmUTR66I7hQ/travels-california/dsc03493/w=1400	200	266466	public/img/travels-california/dsc03493-w1400.webp	image/webp
https://imagedelivery.net/_XdB7bWYK-JWmUTR66I7hQ/travels-california/dsc03493/w=2400	200	795406	public/img/travels-california/dsc03493-w2400.webp	image/webp
https://imagedelivery.net/_XdB7bWYK-JWmUTR66I7hQ/travels-california/dsc03534/w=1400	200	60768	public/img/travels-california/dsc03534-w1400.webp	image/webp
https://imagedelivery.net/_XdB7bWYK-JWmUTR66I7hQ/travels-california/dsc03534/w=2400	200	412260	public/img/travels-california/dsc03534-w2400.webp	image/webp
https://imagedelivery.net/_XdB7bWYK-JWmUTR66I7hQ/travels-california/dsc03756/w=1400	200	65596	public/img/travels-california/dsc03756-w1400.webp	image/webp
https://imagedelivery.net/_XdB7bWYK-JWmUTR66I7hQ/travels-california/dsc03756/w=2400	200	221036	public/img/travels-california/dsc03756-w2400.webp	image/webp
https://imagedelivery.net/_XdB7bWYK-JWmUTR66I7hQ/travels-california/dsc03831-edit-2-2/w=1400	200	134414	public/img/travels-california/dsc03831-edit-2-2-w1400.webp	image/webp
https://imagedelivery.net/_XdB7bWYK-JWmUTR66I7hQ/travels-california/dsc03831-edit-2-2/w=2400	200	388652	public/img/travels-california/dsc03831-edit-2-2-w2400.webp	image/webp
https://imagedelivery.net/_XdB7bWYK-JWmUTR66I7hQ/travels-colorado/dsc02565-edit/w=1400	200	619714	public/img/travels-colorado/dsc02565-edit-w1400.webp	image/webp
https://imagedelivery.net/_XdB7bWYK-JWmUTR66I7hQ/travels-colorado/dsc02565-edit/w=2400	200	2239536	public/img/travels-colorado/dsc02565-edit-w2400.webp	image/webp
https://imagedelivery.net/_XdB7bWYK-JWmUTR66I7hQ/travels-colorado/dsc02576/w=1400	200	436650	public/img/travels-colorado/dsc02576-w1400.webp	image/webp
https://imagedelivery.net/_XdB7bWYK-JWmUTR66I7hQ/travels-colorado/dsc02576/w=2400	200	961796	public/img/travels-colorado/dsc02576-w2400.webp	image/webp
https://imagedelivery.net/_XdB7bWYK-JWmUTR66I7hQ/travels-colorado/dsc02609/w=1400	200	227470	public/img/travels-colorado/dsc02609-w1400.webp	image/webp
https://imagedelivery.net/_XdB7bWYK-JWmUTR66I7hQ/travels-colorado/dsc02609/w=2400	200	533700	public/img/travels-colorado/dsc02609-w2400.webp	image/webp
https://imagedelivery.net/_XdB7bWYK-JWmUTR66I7hQ/travels-colorado/dsc02680-2/w=1400	200	95606	public/img/travels-colorado/dsc02680-2-w1400.webp	image/webp
https://imagedelivery.net/_XdB7bWYK-JWmUTR66I7hQ/travels-colorado/dsc02680-2/w=2400	200	214630	public/img/travels-colorado/dsc02680-2-w2400.webp	image/webp
https://imagedelivery.net/_XdB7bWYK-JWmUTR66I7hQ/travels-colorado/dsc02719-2/w=1400	200	264664	public/img/travels-colorado/dsc02719-2-w1400.webp	image/webp
https://imagedelivery.net/_XdB7bWYK-JWmUTR66I7hQ/travels-colorado/dsc02719-2/w=2400	200	663012	public/img/travels-colorado/dsc02719-2-w2400.webp	image/webp
https://imagedelivery.net/_XdB7bWYK-JWmUTR66I7hQ/travels-colorado/dsc02774/w=1400	200	49214	public/img/travels-colorado/dsc02774-w1400.webp	image/webp
https://imagedelivery.net/_XdB7bWYK-JWmUTR66I7hQ/travels-colorado/dsc02774/w=2400	200	126592	public/img/travels-colorado/dsc02774-w2400.webp	image/webp
https://imagedelivery.net/_XdB7bWYK-JWmUTR66I7hQ/travels-colorado/dsc02791/w=1400	200	198118	public/img/travels-colorado/dsc02791-w1400.webp	image/webp
https://imagedelivery.net/_XdB7bWYK-JWmUTR66I7hQ/travels-colorado/dsc02791/w=2400	200	543922	public/img/travels-colorado/dsc02791-w2400.webp	image/webp
https://imagedelivery.net/_XdB7bWYK-JWmUTR66I7hQ/travels-colorado/dsc02947/w=1400	200	172692	public/img/travels-colorado/dsc02947-w1400.webp	image/webp
https://imagedelivery.net/_XdB7bWYK-JWmUTR66I7hQ/travels-colorado/dsc02947/w=2400	200	403716	public/img/travels-colorado/dsc02947-w2400.webp	image/webp
https://imagedelivery.net/_XdB7bWYK-JWmUTR66I7hQ/travels-europe/img-7523/w=1400	200	550494	public/img/travels-europe/img-7523-w1400.webp	image/webp
https://imagedelivery.net/_XdB7bWYK-JWmUTR66I7hQ/travels-europe/img-7523/w=2400	200	1632912	public/img/travels-europe/img-7523-w2400.webp	image/webp
https://imagedelivery.net/_XdB7bWYK-JWmUTR66I7hQ/travels-europe/img-9269/w=1400	200	591808	public/img/travels-europe/img-9269-w1400.webp	image/webp
https://imagedelivery.net/_XdB7bWYK-JWmUTR66I7hQ/travels-europe/img-9269/w=2400	200	1597870	public/img/travels-europe/img-9269-w2400.webp	image/webp
https://imagedelivery.net/_XdB7bWYK-JWmUTR66I7hQ/travels-europe/img-9406/w=1400	200	151728	public/img/travels-europe/img-9406-w1400.webp	image/webp
https://imagedelivery.net/_XdB7bWYK-JWmUTR66I7hQ/travels-europe/img-9406/w=2400	200	342146	public/img/travels-europe/img-9406-w2400.webp	image/webp
https://imagedelivery.net/_XdB7bWYK-JWmUTR66I7hQ/travels-europe/img-9420/w=1400	200	385004	public/img/travels-europe/img-9420-w1400.webp	image/webp
https://imagedelivery.net/_XdB7bWYK-JWmUTR66I7hQ/travels-europe/img-9420/w=2400	200	1025768	public/img/travels-europe/img-9420-w2400.webp	image/webp
https://imagedelivery.net/_XdB7bWYK-JWmUTR66I7hQ/travels-europe/img-9463/w=1400	200	415446	public/img/travels-europe/img-9463-w1400.webp	image/webp
https://imagedelivery.net/_XdB7bWYK-JWmUTR66I7hQ/travels-europe/img-9463/w=2400	200	992004	public/img/travels-europe/img-9463-w2400.webp	image/webp
https://imagedelivery.net/_XdB7bWYK-JWmUTR66I7hQ/travels-europe/img-9483/w=1400	200	571948	public/img/travels-europe/img-9483-w1400.webp	image/webp
https://imagedelivery.net/_XdB7bWYK-JWmUTR66I7hQ/travels-europe/img-9483/w=2400	200	1132278	public/img/travels-europe/img-9483-w2400.webp	image/webp
https://imagedelivery.net/_XdB7bWYK-JWmUTR66I7hQ/travels-europe/img-9539/w=1400	200	185604	public/img/travels-europe/img-9539-w1400.webp	image/webp
https://imagedelivery.net/_XdB7bWYK-JWmUTR66I7hQ/travels-europe/img-9539/w=2400	200	403666	public/img/travels-europe/img-9539-w2400.webp	image/webp
https://imagedelivery.net/_XdB7bWYK-JWmUTR66I7hQ/travels-pr/dscf8107/w=1400	200	374734	public/img/travels-pr/dscf8107-w1400.webp	image/webp
https://imagedelivery.net/_XdB7bWYK-JWmUTR66I7hQ/travels-pr/dscf8107/w=2400	200	756354	public/img/travels-pr/dscf8107-w2400.webp	image/webp
https://imagedelivery.net/_XdB7bWYK-JWmUTR66I7hQ/travels-pr/dscf8131/w=1400	200	164506	public/img/travels-pr/dscf8131-w1400.webp	image/webp
https://imagedelivery.net/_XdB7bWYK-JWmUTR66I7hQ/travels-pr/dscf8131/w=2400	200	352392	public/img/travels-pr/dscf8131-w2400.webp	image/webp
https://imagedelivery.net/_XdB7bWYK-JWmUTR66I7hQ/travels-pr/dscf8135/w=1400	200	67684	public/img/travels-pr/dscf8135-w1400.webp	image/webp
https://imagedelivery.net/_XdB7bWYK-JWmUTR66I7hQ/travels-pr/dscf8135/w=2400	200	165504	public/img/travels-pr/dscf8135-w2400.webp	image/webp
https://imagedelivery.net/_XdB7bWYK-JWmUTR66I7hQ/travels-pr/dscf8185/w=1400	200	99076	public/img/travels-pr/dscf8185-w1400.webp	image/webp
https://imagedelivery.net/_XdB7bWYK-JWmUTR66I7hQ/travels-pr/dscf8185/w=2400	200	263604	public/img/travels-pr/dscf8185-w2400.webp	image/webp
https://imagedelivery.net/_XdB7bWYK-JWmUTR66I7hQ/travels-pr/dscf8202/w=1400	200	319194	public/img/travels-pr/dscf8202-w1400.webp	image/webp
https://imagedelivery.net/_XdB7bWYK-JWmUTR66I7hQ/travels-pr/dscf8202/w=2400	200	776198	public/img/travels-pr/dscf8202-w2400.webp	image/webp
https://imagedelivery.net/_XdB7bWYK-JWmUTR66I7hQ/travels-pr/dscf8203/w=1400	200	587114	public/img/travels-pr/dscf8203-w1400.webp	image/webp
https://imagedelivery.net/_XdB7bWYK-JWmUTR66I7hQ/travels-pr/dscf8203/w=2400	200	1246412	public/img/travels-pr/dscf8203-w2400.webp	image/webp
https://imagedelivery.net/_XdB7bWYK-JWmUTR66I7hQ/travels-pr/dscf8212/w=1400	200	236870	public/img/travels-pr/dscf8212-w1400.webp	image/webp
https://imagedelivery.net/_XdB7bWYK-JWmUTR66I7hQ/travels-pr/dscf8212/w=2400	200	656420	public/img/travels-pr/dscf8212-w2400.webp	image/webp
https://imagedelivery.net/_XdB7bWYK-JWmUTR66I7hQ/travels-pr/dscf8224/w=1400	200	106006	public/img/travels-pr/dscf8224-w1400.webp	image/webp
https://imagedelivery.net/_XdB7bWYK-JWmUTR66I7hQ/travels-pr/dscf8224/w=2400	200	237670	public/img/travels-pr/dscf8224-w2400.webp	image/webp
https://imagedelivery.net/_XdB7bWYK-JWmUTR66I7hQ/travels-pr/dscf8227/w=1400	200	690684	public/img/travels-pr/dscf8227-w1400.webp	image/webp
https://imagedelivery.net/_XdB7bWYK-JWmUTR66I7hQ/travels-pr/dscf8227/w=2400	200	1466328	public/img/travels-pr/dscf8227-w2400.webp	image/webp
https://imagedelivery.net/_XdB7bWYK-JWmUTR66I7hQ/travels-pr/dscf8229/w=1400	200	598656	public/img/travels-pr/dscf8229-w1400.webp	image/webp
https://imagedelivery.net/_XdB7bWYK-JWmUTR66I7hQ/travels-pr/dscf8229/w=2400	200	1262072	public/img/travels-pr/dscf8229-w2400.webp	image/webp
https://imagedelivery.net/_XdB7bWYK-JWmUTR66I7hQ/travels-pr/dscf8240/w=1400	200	535126	public/img/travels-pr/dscf8240-w1400.webp	image/webp
https://imagedelivery.net/_XdB7bWYK-JWmUTR66I7hQ/travels-pr/dscf8240/w=2400	200	1093198	public/img/travels-pr/dscf8240-w2400.webp	image/webp
https://imagedelivery.net/_XdB7bWYK-JWmUTR66I7hQ/travels-pr/dscf8241/w=1400	200	225336	public/img/travels-pr/dscf8241-w1400.webp	image/webp
https://imagedelivery.net/_XdB7bWYK-JWmUTR66I7hQ/travels-pr/dscf8241/w=2400	200	507634	public/img/travels-pr/dscf8241-w2400.webp	image/webp
https://imagedelivery.net/_XdB7bWYK-JWmUTR66I7hQ/travels-pr/dscf8261/w=1400	200	152608	public/img/travels-pr/dscf8261-w1400.webp	image/webp
https://imagedelivery.net/_XdB7bWYK-JWmUTR66I7hQ/travels-pr/dscf8261/w=2400	200	479212	public/img/travels-pr/dscf8261-w2400.webp	image/webp
https://imagedelivery.net/_XdB7bWYK-JWmUTR66I7hQ/travels-pr/dscf8264/w=1400	200	198594	public/img/travels-pr/dscf8264-w1400.webp	image/webp
https://imagedelivery.net/_XdB7bWYK-JWmUTR66I7hQ/travels-pr/dscf8264/w=2400	200	516160	public/img/travels-pr/dscf8264-w2400.webp	image/webp
https://imagedelivery.net/_XdB7bWYK-JWmUTR66I7hQ/travels-pr/dscf8292/w=1400	200	184408	public/img/travels-pr/dscf8292-w1400.webp	image/webp
https://imagedelivery.net/_XdB7bWYK-JWmUTR66I7hQ/travels-pr/dscf8292/w=2400	200	722790	public/img/travels-pr/dscf8292-w2400.webp	image/webp
https://imagedelivery.net/_XdB7bWYK-JWmUTR66I7hQ/travels-pr/dscf8303/w=1400	200	298058	public/img/travels-pr/dscf8303-w1400.webp	image/webp
https://imagedelivery.net/_XdB7bWYK-JWmUTR66I7hQ/travels-pr/dscf8303/w=2400	200	743504	public/img/travels-pr/dscf8303-w2400.webp	image/webp
https://imagedelivery.net/_XdB7bWYK-JWmUTR66I7hQ/travels-pr/dscf8305/w=1400	200	266814	public/img/travels-pr/dscf8305-w1400.webp	image/webp
https://imagedelivery.net/_XdB7bWYK-JWmUTR66I7hQ/travels-pr/dscf8305/w=2400	200	574726	public/img/travels-pr/dscf8305-w2400.webp	image/webp
https://imagedelivery.net/_XdB7bWYK-JWmUTR66I7hQ/travels-pr/dscf8309/w=1400	200	283850	public/img/travels-pr/dscf8309-w1400.webp	image/webp
https://imagedelivery.net/_XdB7bWYK-JWmUTR66I7hQ/travels-pr/dscf8309/w=2400	200	582076	public/img/travels-pr/dscf8309-w2400.webp	image/webp
https://imagedelivery.net/_XdB7bWYK-JWmUTR66I7hQ/travels-pr/dscf8320/w=1400	200	252580	public/img/travels-pr/dscf8320-w1400.webp	image/webp
https://imagedelivery.net/_XdB7bWYK-JWmUTR66I7hQ/travels-pr/dscf8320/w=2400	200	735962	public/img/travels-pr/dscf8320-w2400.webp	image/webp
https://imagedelivery.net/_XdB7bWYK-JWmUTR66I7hQ/travels-pr/dscf8324/w=1400	200	108324	public/img/travels-pr/dscf8324-w1400.webp	image/webp
https://imagedelivery.net/_XdB7bWYK-JWmUTR66I7hQ/travels-pr/dscf8324/w=2400	200	282310	public/img/travels-pr/dscf8324-w2400.webp	image/webp
https://imagedelivery.net/_XdB7bWYK-JWmUTR66I7hQ/travels-pr/dscf8331-2/w=1400	200	58850	public/img/travels-pr/dscf8331-2-w1400.webp	image/webp
https://imagedelivery.net/_XdB7bWYK-JWmUTR66I7hQ/travels-pr/dscf8331-2/w=2400	200	174950	public/img/travels-pr/dscf8331-2-w2400.webp	image/webp
https://imagedelivery.net/_XdB7bWYK-JWmUTR66I7hQ/travels-pr/dscf8385/w=1400	200	133252	public/img/travels-pr/dscf8385-w1400.webp	image/webp
https://imagedelivery.net/_XdB7bWYK-JWmUTR66I7hQ/travels-pr/dscf8385/w=2400	200	390980	public/img/travels-pr/dscf8385-w2400.webp	image/webp
https://imagedelivery.net/_XdB7bWYK-JWmUTR66I7hQ/travels-pr/dscf8436-edit/w=1400	200	93558	public/img/travels-pr/dscf8436-edit-w1400.webp	image/webp
https://imagedelivery.net/_XdB7bWYK-JWmUTR66I7hQ/travels-pr/dscf8436-edit/w=2400	200	205598	public/img/travels-pr/dscf8436-edit-w2400.webp	image/webp
https://imagedelivery.net/_XdB7bWYK-JWmUTR66I7hQ/travels-pr/dscf8440/w=1400	200	201834	public/img/travels-pr/dscf8440-w1400.webp	image/webp
https://imagedelivery.net/_XdB7bWYK-JWmUTR66I7hQ/travels-pr/dscf8440/w=2400	200	515942	public/img/travels-pr/dscf8440-w2400.webp	image/webp
https://imagedelivery.net/_XdB7bWYK-JWmUTR66I7hQ/travels-pr/dscf8451/w=1400	200	233750	public/img/travels-pr/dscf8451-w1400.webp	image/webp
https://imagedelivery.net/_XdB7bWYK-JWmUTR66I7hQ/travels-pr/dscf8451/w=2400	200	543024	public/img/travels-pr/dscf8451-w2400.webp	image/webp
https://imagedelivery.net/_XdB7bWYK-JWmUTR66I7hQ/travels-pr/dscf8494/w=1400	200	235180	public/img/travels-pr/dscf8494-w1400.webp	image/webp
https://imagedelivery.net/_XdB7bWYK-JWmUTR66I7hQ/travels-pr/dscf8494/w=2400	200	598548	public/img/travels-pr/dscf8494-w2400.webp	image/webp
https://imagedelivery.net/_XdB7bWYK-JWmUTR66I7hQ/travels-svalbard/dsc00132/w=1400	200	37058	public/img/travels-svalbard/dsc00132-w1400.webp	image/webp
https://imagedelivery.net/_XdB7bWYK-JWmUTR66I7hQ/travels-svalbard/dsc00132/w=2400	200	93280	public/img/travels-svalbard/dsc00132-w2400.webp	image/webp
https://imagedelivery.net/_XdB7bWYK-JWmUTR66I7hQ/travels-svalbard/dsc00163/w=1400	200	50040	public/img/travels-svalbard/dsc00163-w1400.webp	image/webp
https://imagedelivery.net/_XdB7bWYK-JWmUTR66I7hQ/travels-svalbard/dsc00163/w=2400	200	156108	public/img/travels-svalbard/dsc00163-w2400.webp	image/webp
https://imagedelivery.net/_XdB7bWYK-JWmUTR66I7hQ/travels-svalbard/dsc00387/w=1400	200	81142	public/img/travels-svalbard/dsc00387-w1400.webp	image/webp
https://imagedelivery.net/_XdB7bWYK-JWmUTR66I7hQ/travels-svalbard/dsc00387/w=2400	200	241952	public/img/travels-svalbard/dsc00387-w2400.webp	image/webp
https://imagedelivery.net/_XdB7bWYK-JWmUTR66I7hQ/travels-svalbard/dsc00552/w=1400	200	71806	public/img/travels-svalbard/dsc00552-w1400.webp	image/webp
https://imagedelivery.net/_XdB7bWYK-JWmUTR66I7hQ/travels-svalbard/dsc00552/w=2400	200	158966	public/img/travels-svalbard/dsc00552-w2400.webp	image/webp
https://imagedelivery.net/_XdB7bWYK-JWmUTR66I7hQ/travels-svalbard/dsc01078/w=1400	200	36896	public/img/travels-svalbard/dsc01078-w1400.webp	image/webp
https://imagedelivery.net/_XdB7bWYK-JWmUTR66I7hQ/travels-svalbard/dsc01078/w=2400	200	113100	public/img/travels-svalbard/dsc01078-w2400.webp	image/webp
https://imagedelivery.net/_XdB7bWYK-JWmUTR66I7hQ/travels-svalbard/dsc01080/w=1400	200	43414	public/img/travels-svalbard/dsc01080-w1400.webp	image/webp
https://imagedelivery.net/_XdB7bWYK-JWmUTR66I7hQ/travels-svalbard/dsc01080/w=2400	200	179254	public/img/travels-svalbard/dsc01080-w2400.webp	image/webp
https://imagedelivery.net/_XdB7bWYK-JWmUTR66I7hQ/travels-svalbard/dsc01156/w=1400	200	656402	public/img/travels-svalbard/dsc01156-w1400.webp	image/webp
https://imagedelivery.net/_XdB7bWYK-JWmUTR66I7hQ/travels-svalbard/dsc01156/w=2400	200	2212536	public/img/travels-svalbard/dsc01156-w2400.webp	image/webp
https://imagedelivery.net/_XdB7bWYK-JWmUTR66I7hQ/travels-svalbard/dsc01180/w=1400	200	64840	public/img/travels-svalbard/dsc01180-w1400.webp	image/webp
https://imagedelivery.net/_XdB7bWYK-JWmUTR66I7hQ/travels-svalbard/dsc01180/w=2400	200	262252	public/img/travels-svalbard/dsc01180-w2400.webp	image/webp
https://imagedelivery.net/_XdB7bWYK-JWmUTR66I7hQ/travels-svalbard/dsc01207-hdr/w=1400	200	214232	public/img/travels-svalbard/dsc01207-hdr-w1400.webp	image/webp
https://imagedelivery.net/_XdB7bWYK-JWmUTR66I7hQ/travels-svalbard/dsc01207-hdr/w=2400	200	516778	public/img/travels-svalbard/dsc01207-hdr-w2400.webp	image/webp
https://imagedelivery.net/_XdB7bWYK-JWmUTR66I7hQ/travels-svalbard/dsc01318/w=1400	200	88642	public/img/travels-svalbard/dsc01318-w1400.webp	image/webp
https://imagedelivery.net/_XdB7bWYK-JWmUTR66I7hQ/travels-svalbard/dsc01318/w=2400	200	210396	public/img/travels-svalbard/dsc01318-w2400.webp	image/webp
https://imagedelivery.net/_XdB7bWYK-JWmUTR66I7hQ/travels-svalbard/dsc01387/w=1400	200	250372	public/img/travels-svalbard/dsc01387-w1400.webp	image/webp
https://imagedelivery.net/_XdB7bWYK-JWmUTR66I7hQ/travels-svalbard/dsc01387/w=2400	200	873646	public/img/travels-svalbard/dsc01387-w2400.webp	image/webp
https://imagedelivery.net/_XdB7bWYK-JWmUTR66I7hQ/travels-svalbard/dsc01473/w=1400	200	111678	public/img/travels-svalbard/dsc01473-w1400.webp	image/webp
https://imagedelivery.net/_XdB7bWYK-JWmUTR66I7hQ/travels-svalbard/dsc01473/w=2400	200	435948	public/img/travels-svalbard/dsc01473-w2400.webp	image/webp
https://imagedelivery.net/_XdB7bWYK-JWmUTR66I7hQ/travels-svalbard/dsc09826/w=1400	200	23106	public/img/travels-svalbard/dsc09826-w1400.webp	image/webp
https://imagedelivery.net/_XdB7bWYK-JWmUTR66I7hQ/travels-svalbard/dsc09826/w=2400	200	49020	public/img/travels-svalbard/dsc09826-w2400.webp	image/webp
https://imagedelivery.net/_XdB7bWYK-JWmUTR66I7hQ/travels-svalbard/dsc09946/w=1400	200	500970	public/img/travels-svalbard/dsc09946-w1400.webp	image/webp
https://imagedelivery.net/_XdB7bWYK-JWmUTR66I7hQ/travels-svalbard/dsc09946/w=2400	200	1912864	public/img/travels-svalbard/dsc09946-w2400.webp	image/webp
https://imagedelivery.net/_XdB7bWYK-JWmUTR66I7hQ/wedmain/a7309035/w=360	200	13216	public/img/wedmain/a7309035-w360.webp	image/webp
https://imagedelivery.net/_XdB7bWYK-JWmUTR66I7hQ/wedmain/a7309035/w=480	200	19982	public/img/wedmain/a7309035-w480.webp	image/webp
https://imagedelivery.net/_XdB7bWYK-JWmUTR66I7hQ/wedmain/a7309035/w=640	200	30924	public/img/wedmain/a7309035-w640.webp	image/webp
https://imagedelivery.net/_XdB7bWYK-JWmUTR66I7hQ/wedmain/a7309035/w=800	200	42674	public/img/wedmain/a7309035-w800.webp	image/webp
https://imagedelivery.net/_XdB7bWYK-JWmUTR66I7hQ/wedmain/a7309035/w=1024	200	60844	public/img/wedmain/a7309035-w1024.webp	image/webp
https://imagedelivery.net/_XdB7bWYK-JWmUTR66I7hQ/wedmain/a7309035/w=1200	200	78538	public/img/wedmain/a7309035-w1200.webp	image/webp
https://imagedelivery.net/_XdB7bWYK-JWmUTR66I7hQ/wedmain/a7309035/w=1280	200	86488	public/img/wedmain/a7309035-w1280.webp	image/webp
https://imagedelivery.net/_XdB7bWYK-JWmUTR66I7hQ/wedmain/a7309035/w=1400	200	100796	public/img/wedmain/a7309035-w1400.webp	image/webp
https://imagedelivery.net/_XdB7bWYK-JWmUTR66I7hQ/wedmain/a7309035/w=1440	200	104524	public/img/wedmain/a7309035-w1440.webp	image/webp
https://imagedelivery.net/_XdB7bWYK-JWmUTR66I7hQ/wedmain/a7309035/w=1600	200	122994	public/img/wedmain/a7309035-w1600.webp	image/webp
https://imagedelivery.net/_XdB7bWYK-JWmUTR66I7hQ/wedmain/a7309035/w=1920	200	163072	public/img/wedmain/a7309035-w1920.webp	image/webp
https://imagedelivery.net/_XdB7bWYK-JWmUTR66I7hQ/wedmain/a7309035/w=2000	200	172430	public/img/wedmain/a7309035-w2000.webp	image/webp
https://imagedelivery.net/_XdB7bWYK-JWmUTR66I7hQ/wedmain/a7309035/w=2560	200	246514	public/img/wedmain/a7309035-w2560.webp	image/webp
https://imagedelivery.net/_XdB7bWYK-JWmUTR66I7hQ/wedmain/aisle-bouquet-vertical/w=360	200	13600	public/img/wedmain/aisle-bouquet-vertical-w360.webp	image/webp
https://imagedelivery.net/_XdB7bWYK-JWmUTR66I7hQ/wedmain/aisle-bouquet-vertical/w=480	200	21520	public/img/wedmain/aisle-bouquet-vertical-w480.webp	image/webp
https://imagedelivery.net/_XdB7bWYK-JWmUTR66I7hQ/wedmain/aisle-bouquet-vertical/w=800	200	62218	public/img/wedmain/aisle-bouquet-vertical-w800.webp	image/webp
https://imagedelivery.net/_XdB7bWYK-JWmUTR66I7hQ/wedmain/aisle-bouquet-vertical/w=1200	200	193536	public/img/wedmain/aisle-bouquet-vertical-w1200.webp	image/webp
https://imagedelivery.net/_XdB7bWYK-JWmUTR66I7hQ/wedmain/aisle-bouquet-vertical/w=1280	200	212474	public/img/wedmain/aisle-bouquet-vertical-w1280.webp	image/webp
https://imagedelivery.net/_XdB7bWYK-JWmUTR66I7hQ/wedmain/aisle-bouquet-vertical/w=1400	200	268788	public/img/wedmain/aisle-bouquet-vertical-w1400.webp	image/webp
https://imagedelivery.net/_XdB7bWYK-JWmUTR66I7hQ/wedmain/aisle-bouquet-vertical/w=1600	200	347062	public/img/wedmain/aisle-bouquet-vertical-w1600.webp	image/webp
https://imagedelivery.net/_XdB7bWYK-JWmUTR66I7hQ/wedmain/aisle-bouquet-vertical/w=1920	200	347062	public/img/wedmain/aisle-bouquet-vertical-w1920.webp	image/webp
https://imagedelivery.net/_XdB7bWYK-JWmUTR66I7hQ/wedmain/aisle-bouquet-vertical/w=2560	200	347062	public/img/wedmain/aisle-bouquet-vertical-w2560.webp	image/webp
https://imagedelivery.net/_XdB7bWYK-JWmUTR66I7hQ/wedmain/dsc-157/w=360	200	25894	public/img/wedmain/dsc-157-w360.webp	image/webp
https://imagedelivery.net/_XdB7bWYK-JWmUTR66I7hQ/wedmain/dsc-157/w=480	200	41066	public/img/wedmain/dsc-157-w480.webp	image/webp
https://imagedelivery.net/_XdB7bWYK-JWmUTR66I7hQ/wedmain/dsc-157/w=640	200	62646	public/img/wedmain/dsc-157-w640.webp	image/webp
https://imagedelivery.net/_XdB7bWYK-JWmUTR66I7hQ/wedmain/dsc-157/w=800	200	86850	public/img/wedmain/dsc-157-w800.webp	image/webp
https://imagedelivery.net/_XdB7bWYK-JWmUTR66I7hQ/wedmain/dsc-157/w=1024	200	121948	public/img/wedmain/dsc-157-w1024.webp	image/webp
https://imagedelivery.net/_XdB7bWYK-JWmUTR66I7hQ/wedmain/dsc-157/w=1200	200	155132	public/img/wedmain/dsc-157-w1200.webp	image/webp
https://imagedelivery.net/_XdB7bWYK-JWmUTR66I7hQ/wedmain/dsc-157/w=1400	200	189388	public/img/wedmain/dsc-157-w1400.webp	image/webp
https://imagedelivery.net/_XdB7bWYK-JWmUTR66I7hQ/wedmain/dsc-157/w=1440	200	193236	public/img/wedmain/dsc-157-w1440.webp	image/webp
https://imagedelivery.net/_XdB7bWYK-JWmUTR66I7hQ/wedmain/dsc-157/w=1600	200	225534	public/img/wedmain/dsc-157-w1600.webp	image/webp
https://imagedelivery.net/_XdB7bWYK-JWmUTR66I7hQ/wedmain/dsc-157/w=1920	200	225534	public/img/wedmain/dsc-157-w1920.webp	image/webp
https://imagedelivery.net/_XdB7bWYK-JWmUTR66I7hQ/wedmain/dsc-157/w=2560	200	225534	public/img/wedmain/dsc-157-w2560.webp	image/webp
https://imagedelivery.net/_XdB7bWYK-JWmUTR66I7hQ/wedmain/dsc-32/w=360	200	30100	public/img/wedmain/dsc-32-w360.webp	image/webp
https://imagedelivery.net/_XdB7bWYK-JWmUTR66I7hQ/wedmain/dsc-32/w=480	200	47724	public/img/wedmain/dsc-32-w480.webp	image/webp
https://imagedelivery.net/_XdB7bWYK-JWmUTR66I7hQ/wedmain/dsc-32/w=640	200	75018	public/img/wedmain/dsc-32-w640.webp	image/webp
https://imagedelivery.net/_XdB7bWYK-JWmUTR66I7hQ/wedmain/dsc-32/w=800	200	108488	public/img/wedmain/dsc-32-w800.webp	image/webp
https://imagedelivery.net/_XdB7bWYK-JWmUTR66I7hQ/wedmain/dsc-32/w=1024	200	152786	public/img/wedmain/dsc-32-w1024.webp	image/webp
https://imagedelivery.net/_XdB7bWYK-JWmUTR66I7hQ/wedmain/dsc-32/w=1100	200	164800	public/img/wedmain/dsc-32-w1100.webp	image/webp
https://imagedelivery.net/_XdB7bWYK-JWmUTR66I7hQ/wedmain/dsc-32/w=1200	200	189654	public/img/wedmain/dsc-32-w1200.webp	image/webp
https://imagedelivery.net/_XdB7bWYK-JWmUTR66I7hQ/wedmain/dsc-32/w=1400	200	236928	public/img/wedmain/dsc-32-w1400.webp	image/webp
https://imagedelivery.net/_XdB7bWYK-JWmUTR66I7hQ/wedmain/dsc-32/w=1440	200	249046	public/img/wedmain/dsc-32-w1440.webp	image/webp
https://imagedelivery.net/_XdB7bWYK-JWmUTR66I7hQ/wedmain/dsc-32/w=1600	200	287844	public/img/wedmain/dsc-32-w1600.webp	image/webp
https://imagedelivery.net/_XdB7bWYK-JWmUTR66I7hQ/wedmain/dsc-32/w=1920	200	287844	public/img/wedmain/dsc-32-w1920.webp	image/webp
https://imagedelivery.net/_XdB7bWYK-JWmUTR66I7hQ/wedmain/dsc-32/w=2560	200	287844	public/img/wedmain/dsc-32-w2560.webp	image/webp
https://imagedelivery.net/_XdB7bWYK-JWmUTR66I7hQ/wedmain/dsc-38/w=360	200	18984	public/img/wedmain/dsc-38-w360.webp	image/webp
https://imagedelivery.net/_XdB7bWYK-JWmUTR66I7hQ/wedmain/dsc-38/w=480	200	29164	public/img/wedmain/dsc-38-w480.webp	image/webp
https://imagedelivery.net/_XdB7bWYK-JWmUTR66I7hQ/wedmain/dsc-38/w=640	200	44602	public/img/wedmain/dsc-38-w640.webp	image/webp
https://imagedelivery.net/_XdB7bWYK-JWmUTR66I7hQ/wedmain/dsc-38/w=800	200	61984	public/img/wedmain/dsc-38-w800.webp	image/webp
https://imagedelivery.net/_XdB7bWYK-JWmUTR66I7hQ/wedmain/dsc-38/w=1024	200	86034	public/img/wedmain/dsc-38-w1024.webp	image/webp
https://imagedelivery.net/_XdB7bWYK-JWmUTR66I7hQ/wedmain/dsc-38/w=1100	200	95386	public/img/wedmain/dsc-38-w1100.webp	image/webp
https://imagedelivery.net/_XdB7bWYK-JWmUTR66I7hQ/wedmain/dsc-38/w=1200	200	108992	public/img/wedmain/dsc-38-w1200.webp	image/webp
https://imagedelivery.net/_XdB7bWYK-JWmUTR66I7hQ/wedmain/dsc-38/w=1400	200	134870	public/img/wedmain/dsc-38-w1400.webp	image/webp
https://imagedelivery.net/_XdB7bWYK-JWmUTR66I7hQ/wedmain/dsc-38/w=1440	200	136118	public/img/wedmain/dsc-38-w1440.webp	image/webp
https://imagedelivery.net/_XdB7bWYK-JWmUTR66I7hQ/wedmain/dsc-38/w=1600	200	159024	public/img/wedmain/dsc-38-w1600.webp	image/webp
https://imagedelivery.net/_XdB7bWYK-JWmUTR66I7hQ/wedmain/dsc-38/w=1920	200	159024	public/img/wedmain/dsc-38-w1920.webp	image/webp
https://imagedelivery.net/_XdB7bWYK-JWmUTR66I7hQ/wedmain/dsc-38/w=2560	200	159024	public/img/wedmain/dsc-38-w2560.webp	image/webp
https://imagedelivery.net/_XdB7bWYK-JWmUTR66I7hQ/wedmain/dsc-420/w=360	200	51140	public/img/wedmain/dsc-420-w360.webp	image/webp
https://imagedelivery.net/_XdB7bWYK-JWmUTR66I7hQ/wedmain/dsc-420/w=480	200	80722	public/img/wedmain/dsc-420-w480.webp	image/webp
https://imagedelivery.net/_XdB7bWYK-JWmUTR66I7hQ/wedmain/dsc-420/w=640	200	123482	public/img/wedmain/dsc-420-w640.webp	image/webp
https://imagedelivery.net/_XdB7bWYK-JWmUTR66I7hQ/wedmain/dsc-420/w=800	200	166306	public/img/wedmain/dsc-420-w800.webp	image/webp
https://imagedelivery.net/_XdB7bWYK-JWmUTR66I7hQ/wedmain/dsc-420/w=1024	200	228408	public/img/wedmain/dsc-420-w1024.webp	image/webp
https://imagedelivery.net/_XdB7bWYK-JWmUTR66I7hQ/wedmain/dsc-420/w=1100	200	253542	public/img/wedmain/dsc-420-w1100.webp	image/webp
https://imagedelivery.net/_XdB7bWYK-JWmUTR66I7hQ/wedmain/dsc-420/w=1200	200	286590	public/img/wedmain/dsc-420-w1200.webp	image/webp
https://imagedelivery.net/_XdB7bWYK-JWmUTR66I7hQ/wedmain/dsc-420/w=1440	200	356824	public/img/wedmain/dsc-420-w1440.webp	image/webp
https://imagedelivery.net/_XdB7bWYK-JWmUTR66I7hQ/wedmain/dsc-420/w=1500	200	377488	public/img/wedmain/dsc-420-w1500.webp	image/webp
https://imagedelivery.net/_XdB7bWYK-JWmUTR66I7hQ/wedmain/dsc-420/w=1600	200	400728	public/img/wedmain/dsc-420-w1600.webp	image/webp
https://imagedelivery.net/_XdB7bWYK-JWmUTR66I7hQ/wedmain/dsc-420/w=1920	200	400728	public/img/wedmain/dsc-420-w1920.webp	image/webp
https://imagedelivery.net/_XdB7bWYK-JWmUTR66I7hQ/wedmain/dsc-420/w=2560	200	400728	public/img/wedmain/dsc-420-w2560.webp	image/webp
https://imagedelivery.net/_XdB7bWYK-JWmUTR66I7hQ/wedmain/dsc00286/w=360	200	17948	public/img/wedmain/dsc00286-w360.webp	image/webp
https://imagedelivery.net/_XdB7bWYK-JWmUTR66I7hQ/wedmain/dsc00286/w=480	200	27970	public/img/wedmain/dsc00286-w480.webp	image/webp
https://imagedelivery.net/_XdB7bWYK-JWmUTR66I7hQ/wedmain/dsc00286/w=640	200	49930	public/img/wedmain/dsc00286-w640.webp	image/webp
https://imagedelivery.net/_XdB7bWYK-JWmUTR66I7hQ/wedmain/dsc00286/w=800	200	82198	public/img/wedmain/dsc00286-w800.webp	image/webp
https://imagedelivery.net/_XdB7bWYK-JWmUTR66I7hQ/wedmain/dsc00286/w=1024	200	151956	public/img/wedmain/dsc00286-w1024.webp	image/webp
https://imagedelivery.net/_XdB7bWYK-JWmUTR66I7hQ/wedmain/dsc00286/w=1100	200	182696	public/img/wedmain/dsc00286-w1100.webp	image/webp
https://imagedelivery.net/_XdB7bWYK-JWmUTR66I7hQ/wedmain/dsc00286/w=1200	200	225762	public/img/wedmain/dsc00286-w1200.webp	image/webp
https://imagedelivery.net/_XdB7bWYK-JWmUTR66I7hQ/wedmain/dsc00286/w=1300	200	270322	public/img/wedmain/dsc00286-w1300.webp	image/webp
https://imagedelivery.net/_XdB7bWYK-JWmUTR66I7hQ/wedmain/dsc00286/w=1440	200	344992	public/img/wedmain/dsc00286-w1440.webp	image/webp
https://imagedelivery.net/_XdB7bWYK-JWmUTR66I7hQ/wedmain/dsc00286/w=1600	200	455624	public/img/wedmain/dsc00286-w1600.webp	image/webp
https://imagedelivery.net/_XdB7bWYK-JWmUTR66I7hQ/wedmain/dsc00286/w=1920	200	455624	public/img/wedmain/dsc00286-w1920.webp	image/webp
https://imagedelivery.net/_XdB7bWYK-JWmUTR66I7hQ/wedmain/dsc00286/w=2560	200	455624	public/img/wedmain/dsc00286-w2560.webp	image/webp
https://imagedelivery.net/_XdB7bWYK-JWmUTR66I7hQ/wedmain/dsc00445/w=360	200	33486	public/img/wedmain/dsc00445-w360.webp	image/webp
https://imagedelivery.net/_XdB7bWYK-JWmUTR66I7hQ/wedmain/dsc00445/w=480	200	57282	public/img/wedmain/dsc00445-w480.webp	image/webp
https://imagedelivery.net/_XdB7bWYK-JWmUTR66I7hQ/wedmain/dsc00445/w=640	200	95802	public/img/wedmain/dsc00445-w640.webp	image/webp
https://imagedelivery.net/_XdB7bWYK-JWmUTR66I7hQ/wedmain/dsc00445/w=800	200	141628	public/img/wedmain/dsc00445-w800.webp	image/webp
https://imagedelivery.net/_XdB7bWYK-JWmUTR66I7hQ/wedmain/dsc00445/w=1024	200	204726	public/img/wedmain/dsc00445-w1024.webp	image/webp
https://imagedelivery.net/_XdB7bWYK-JWmUTR66I7hQ/wedmain/dsc00445/w=1100	200	222912	public/img/wedmain/dsc00445-w1100.webp	image/webp
https://imagedelivery.net/_XdB7bWYK-JWmUTR66I7hQ/wedmain/dsc00445/w=1200	200	255800	public/img/wedmain/dsc00445-w1200.webp	image/webp
https://imagedelivery.net/_XdB7bWYK-JWmUTR66I7hQ/wedmain/dsc00445/w=1400	200	318716	public/img/wedmain/dsc00445-w1400.webp	image/webp
https://imagedelivery.net/_XdB7bWYK-JWmUTR66I7hQ/wedmain/dsc00445/w=1440	200	327206	public/img/wedmain/dsc00445-w1440.webp	image/webp
https://imagedelivery.net/_XdB7bWYK-JWmUTR66I7hQ/wedmain/dsc00445/w=1600	200	375406	public/img/wedmain/dsc00445-w1600.webp	image/webp
https://imagedelivery.net/_XdB7bWYK-JWmUTR66I7hQ/wedmain/dsc00445/w=1920	200	375406	public/img/wedmain/dsc00445-w1920.webp	image/webp
https://imagedelivery.net/_XdB7bWYK-JWmUTR66I7hQ/wedmain/dsc00445/w=2560	200	375406	public/img/wedmain/dsc00445-w2560.webp	image/webp
https://imagedelivery.net/_XdB7bWYK-JWmUTR66I7hQ/wedmain/dsc00605/w=360	200	19910	public/img/wedmain/dsc00605-w360.webp	image/webp
https://imagedelivery.net/_XdB7bWYK-JWmUTR66I7hQ/wedmain/dsc00605/w=480	200	28546	public/img/wedmain/dsc00605-w480.webp	image/webp
https://imagedelivery.net/_XdB7bWYK-JWmUTR66I7hQ/wedmain/dsc00605/w=640	200	40788	public/img/wedmain/dsc00605-w640.webp	image/webp
https://imagedelivery.net/_XdB7bWYK-JWmUTR66I7hQ/wedmain/dsc00605/w=800	200	55258	public/img/wedmain/dsc00605-w800.webp	image/webp
https://imagedelivery.net/_XdB7bWYK-JWmUTR66I7hQ/wedmain/dsc00605/w=1024	200	76410	public/img/wedmain/dsc00605-w1024.webp	image/webp
https://imagedelivery.net/_XdB7bWYK-JWmUTR66I7hQ/wedmain/dsc00605/w=1100	200	84632	public/img/wedmain/dsc00605-w1100.webp	image/webp
https://imagedelivery.net/_XdB7bWYK-JWmUTR66I7hQ/wedmain/dsc00605/w=1200	200	102660	public/img/wedmain/dsc00605-w1200.webp	image/webp
https://imagedelivery.net/_XdB7bWYK-JWmUTR66I7hQ/wedmain/dsc00605/w=1400	200	127302	public/img/wedmain/dsc00605-w1400.webp	image/webp
https://imagedelivery.net/_XdB7bWYK-JWmUTR66I7hQ/wedmain/dsc00605/w=1440	200	130144	public/img/wedmain/dsc00605-w1440.webp	image/webp
https://imagedelivery.net/_XdB7bWYK-JWmUTR66I7hQ/wedmain/dsc00605/w=1600	200	160096	public/img/wedmain/dsc00605-w1600.webp	image/webp
https://imagedelivery.net/_XdB7bWYK-JWmUTR66I7hQ/wedmain/dsc00605/w=1920	200	160096	public/img/wedmain/dsc00605-w1920.webp	image/webp
https://imagedelivery.net/_XdB7bWYK-JWmUTR66I7hQ/wedmain/dsc00605/w=2560	200	160096	public/img/wedmain/dsc00605-w2560.webp	image/webp
https://imagedelivery.net/_XdB7bWYK-JWmUTR66I7hQ/wedmain/dsc00657/w=360	200	16850	public/img/wedmain/dsc00657-w360.webp	image/webp
https://imagedelivery.net/_XdB7bWYK-JWmUTR66I7hQ/wedmain/dsc00657/w=640	200	37170	public/img/wedmain/dsc00657-w640.webp	image/webp
https://imagedelivery.net/_XdB7bWYK-JWmUTR66I7hQ/wedmain/dsc00657/w=1024	200	77866	public/img/wedmain/dsc00657-w1024.webp	image/webp
https://imagedelivery.net/_XdB7bWYK-JWmUTR66I7hQ/wedmain/dsc00657/w=1300	200	116066	public/img/wedmain/dsc00657-w1300.webp	image/webp
https://imagedelivery.net/_XdB7bWYK-JWmUTR66I7hQ/wedmain/dsc00657/w=1440	200	133716	public/img/wedmain/dsc00657-w1440.webp	image/webp
https://imagedelivery.net/_XdB7bWYK-JWmUTR66I7hQ/wedmain/dsc00657/w=1600	200	162608	public/img/wedmain/dsc00657-w1600.webp	image/webp
https://imagedelivery.net/_XdB7bWYK-JWmUTR66I7hQ/wedmain/dsc00657/w=1920	200	162608	public/img/wedmain/dsc00657-w1920.webp	image/webp
https://imagedelivery.net/_XdB7bWYK-JWmUTR66I7hQ/wedmain/dsc00657/w=2560	200	162608	public/img/wedmain/dsc00657-w2560.webp	image/webp
https://imagedelivery.net/_XdB7bWYK-JWmUTR66I7hQ/wedmain/dsc00672/w=360	200	18418	public/img/wedmain/dsc00672-w360.webp	image/webp
https://imagedelivery.net/_XdB7bWYK-JWmUTR66I7hQ/wedmain/dsc00672/w=640	200	38424	public/img/wedmain/dsc00672-w640.webp	image/webp
https://imagedelivery.net/_XdB7bWYK-JWmUTR66I7hQ/wedmain/dsc00672/w=1024	200	72932	public/img/wedmain/dsc00672-w1024.webp	image/webp
https://imagedelivery.net/_XdB7bWYK-JWmUTR66I7hQ/wedmain/dsc00672/w=1300	200	98832	public/img/wedmain/dsc00672-w1300.webp	image/webp
https://imagedelivery.net/_XdB7bWYK-JWmUTR66I7hQ/wedmain/dsc00672/w=1440	200	112910	public/img/wedmain/dsc00672-w1440.webp	image/webp
https://imagedelivery.net/_XdB7bWYK-JWmUTR66I7hQ/wedmain/dsc00672/w=1600	200	134068	public/img/wedmain/dsc00672-w1600.webp	image/webp
https://imagedelivery.net/_XdB7bWYK-JWmUTR66I7hQ/wedmain/dsc00672/w=1920	200	134068	public/img/wedmain/dsc00672-w1920.webp	image/webp
https://imagedelivery.net/_XdB7bWYK-JWmUTR66I7hQ/wedmain/dsc00672/w=2560	200	134068	public/img/wedmain/dsc00672-w2560.webp	image/webp
https://imagedelivery.net/_XdB7bWYK-JWmUTR66I7hQ/wedmain/dsc00729/w=360	200	27876	public/img/wedmain/dsc00729-w360.webp	image/webp
https://imagedelivery.net/_XdB7bWYK-JWmUTR66I7hQ/wedmain/dsc00729/w=640	200	76038	public/img/wedmain/dsc00729-w640.webp	image/webp
https://imagedelivery.net/_XdB7bWYK-JWmUTR66I7hQ/wedmain/dsc00729/w=1024	200	165614	public/img/wedmain/dsc00729-w1024.webp	image/webp
https://imagedelivery.net/_XdB7bWYK-JWmUTR66I7hQ/wedmain/dsc00729/w=1100	200	186230	public/img/wedmain/dsc00729-w1100.webp	image/webp
https://imagedelivery.net/_XdB7bWYK-JWmUTR66I7hQ/wedmain/dsc00729/w=1300	200	243514	public/img/wedmain/dsc00729-w1300.webp	image/webp
https://imagedelivery.net/_XdB7bWYK-JWmUTR66I7hQ/wedmain/dsc00729/w=1440	200	288588	public/img/wedmain/dsc00729-w1440.webp	image/webp
https://imagedelivery.net/_XdB7bWYK-JWmUTR66I7hQ/wedmain/dsc00729/w=1600	200	338544	public/img/wedmain/dsc00729-w1600.webp	image/webp
https://imagedelivery.net/_XdB7bWYK-JWmUTR66I7hQ/wedmain/dsc00729/w=1920	200	338544	public/img/wedmain/dsc00729-w1920.webp	image/webp
https://imagedelivery.net/_XdB7bWYK-JWmUTR66I7hQ/wedmain/dsc00729/w=2560	200	338544	public/img/wedmain/dsc00729-w2560.webp	image/webp
https://imagedelivery.net/_XdB7bWYK-JWmUTR66I7hQ/wedmain/dsc01045/w=360	200	53998	public/img/wedmain/dsc01045-w360.webp	image/webp
https://imagedelivery.net/_XdB7bWYK-JWmUTR66I7hQ/wedmain/dsc01045/w=480	200	90718	public/img/wedmain/dsc01045-w480.webp	image/webp
https://imagedelivery.net/_XdB7bWYK-JWmUTR66I7hQ/wedmain/dsc01045/w=640	200	151582	public/img/wedmain/dsc01045-w640.webp	image/webp
https://imagedelivery.net/_XdB7bWYK-JWmUTR66I7hQ/wedmain/dsc01045/w=800	200	221584	public/img/wedmain/dsc01045-w800.webp	image/webp
https://imagedelivery.net/_XdB7bWYK-JWmUTR66I7hQ/wedmain/dsc01045/w=1024	200	327328	public/img/wedmain/dsc01045-w1024.webp	image/webp
https://imagedelivery.net/_XdB7bWYK-JWmUTR66I7hQ/wedmain/dsc01045/w=1200	200	432508	public/img/wedmain/dsc01045-w1200.webp	image/webp
https://imagedelivery.net/_XdB7bWYK-JWmUTR66I7hQ/wedmain/dsc01045/w=1400	200	561702	public/img/wedmain/dsc01045-w1400.webp	image/webp
https://imagedelivery.net/_XdB7bWYK-JWmUTR66I7hQ/wedmain/dsc01045/w=1440	200	576798	public/img/wedmain/dsc01045-w1440.webp	image/webp
https://imagedelivery.net/_XdB7bWYK-JWmUTR66I7hQ/wedmain/dsc01045/w=1600	200	690354	public/img/wedmain/dsc01045-w1600.webp	image/webp
https://imagedelivery.net/_XdB7bWYK-JWmUTR66I7hQ/wedmain/dsc01045/w=1920	200	690354	public/img/wedmain/dsc01045-w1920.webp	image/webp
https://imagedelivery.net/_XdB7bWYK-JWmUTR66I7hQ/wedmain/dsc01045/w=2560	200	690354	public/img/wedmain/dsc01045-w2560.webp	image/webp
https://imagedelivery.net/_XdB7bWYK-JWmUTR66I7hQ/wedmain/dsc01762/w=360	200	25078	public/img/wedmain/dsc01762-w360.webp	image/webp
https://imagedelivery.net/_XdB7bWYK-JWmUTR66I7hQ/wedmain/dsc01762/w=480	200	39374	public/img/wedmain/dsc01762-w480.webp	image/webp
https://imagedelivery.net/_XdB7bWYK-JWmUTR66I7hQ/wedmain/dsc01762/w=640	200	58882	public/img/wedmain/dsc01762-w640.webp	image/webp
https://imagedelivery.net/_XdB7bWYK-JWmUTR66I7hQ/wedmain/dsc01762/w=800	200	88176	public/img/wedmain/dsc01762-w800.webp	image/webp
https://imagedelivery.net/_XdB7bWYK-JWmUTR66I7hQ/wedmain/dsc01762/w=1024	200	135584	public/img/wedmain/dsc01762-w1024.webp	image/webp
https://imagedelivery.net/_XdB7bWYK-JWmUTR66I7hQ/wedmain/dsc01762/w=1200	200	185058	public/img/wedmain/dsc01762-w1200.webp	image/webp
https://imagedelivery.net/_XdB7bWYK-JWmUTR66I7hQ/wedmain/dsc01762/w=1400	200	241976	public/img/wedmain/dsc01762-w1400.webp	image/webp
https://imagedelivery.net/_XdB7bWYK-JWmUTR66I7hQ/wedmain/dsc01762/w=1440	200	250974	public/img/wedmain/dsc01762-w1440.webp	image/webp
https://imagedelivery.net/_XdB7bWYK-JWmUTR66I7hQ/wedmain/dsc01762/w=1600	200	309636	public/img/wedmain/dsc01762-w1600.webp	image/webp
https://imagedelivery.net/_XdB7bWYK-JWmUTR66I7hQ/wedmain/dsc01762/w=1920	200	309636	public/img/wedmain/dsc01762-w1920.webp	image/webp
https://imagedelivery.net/_XdB7bWYK-JWmUTR66I7hQ/wedmain/dsc01762/w=2560	200	309636	public/img/wedmain/dsc01762-w2560.webp	image/webp
https://imagedelivery.net/_XdB7bWYK-JWmUTR66I7hQ/wedmain/dsc01772/w=360	200	19936	public/img/wedmain/dsc01772-w360.webp	image/webp
https://imagedelivery.net/_XdB7bWYK-JWmUTR66I7hQ/wedmain/dsc01772/w=480	200	30176	public/img/wedmain/dsc01772-w480.webp	image/webp
https://imagedelivery.net/_XdB7bWYK-JWmUTR66I7hQ/wedmain/dsc01772/w=640	200	44980	public/img/wedmain/dsc01772-w640.webp	image/webp
https://imagedelivery.net/_XdB7bWYK-JWmUTR66I7hQ/wedmain/dsc01772/w=800	200	65154	public/img/wedmain/dsc01772-w800.webp	image/webp
https://imagedelivery.net/_XdB7bWYK-JWmUTR66I7hQ/wedmain/dsc01772/w=1024	200	97848	public/img/wedmain/dsc01772-w1024.webp	image/webp
https://imagedelivery.net/_XdB7bWYK-JWmUTR66I7hQ/wedmain/dsc01772/w=1200	200	126422	public/img/wedmain/dsc01772-w1200.webp	image/webp
https://imagedelivery.net/_XdB7bWYK-JWmUTR66I7hQ/wedmain/dsc01772/w=1400	200	164728	public/img/wedmain/dsc01772-w1400.webp	image/webp
https://imagedelivery.net/_XdB7bWYK-JWmUTR66I7hQ/wedmain/dsc01772/w=1440	200	169918	public/img/wedmain/dsc01772-w1440.webp	image/webp
https://imagedelivery.net/_XdB7bWYK-JWmUTR66I7hQ/wedmain/dsc01772/w=1600	200	212256	public/img/wedmain/dsc01772-w1600.webp	image/webp
https://imagedelivery.net/_XdB7bWYK-JWmUTR66I7hQ/wedmain/dsc01772/w=1920	200	212256	public/img/wedmain/dsc01772-w1920.webp	image/webp
https://imagedelivery.net/_XdB7bWYK-JWmUTR66I7hQ/wedmain/dsc01772/w=2560	200	212256	public/img/wedmain/dsc01772-w2560.webp	image/webp
https://imagedelivery.net/_XdB7bWYK-JWmUTR66I7hQ/wedmain/dsc02614/w=360	200	6522	public/img/wedmain/dsc02614-w360.webp	image/webp
https://imagedelivery.net/_XdB7bWYK-JWmUTR66I7hQ/wedmain/dsc02614/w=480	200	9254	public/img/wedmain/dsc02614-w480.webp	image/webp
https://imagedelivery.net/_XdB7bWYK-JWmUTR66I7hQ/wedmain/dsc02614/w=640	200	13538	public/img/wedmain/dsc02614-w640.webp	image/webp
https://imagedelivery.net/_XdB7bWYK-JWmUTR66I7hQ/wedmain/dsc02614/w=800	200	18260	public/img/wedmain/dsc02614-w800.webp	image/webp
https://imagedelivery.net/_XdB7bWYK-JWmUTR66I7hQ/wedmain/dsc02614/w=1024	200	24720	public/img/wedmain/dsc02614-w1024.webp	image/webp
https://imagedelivery.net/_XdB7bWYK-JWmUTR66I7hQ/wedmain/dsc02614/w=1100	200	27262	public/img/wedmain/dsc02614-w1100.webp	image/webp
https://imagedelivery.net/_XdB7bWYK-JWmUTR66I7hQ/wedmain/dsc02614/w=1200	200	30338	public/img/wedmain/dsc02614-w1200.webp	image/webp
https://imagedelivery.net/_XdB7bWYK-JWmUTR66I7hQ/wedmain/dsc02614/w=1440	200	40336	public/img/wedmain/dsc02614-w1440.webp	image/webp
https://imagedelivery.net/_XdB7bWYK-JWmUTR66I7hQ/wedmain/dsc02614/w=1600	200	47546	public/img/wedmain/dsc02614-w1600.webp	image/webp
https://imagedelivery.net/_XdB7bWYK-JWmUTR66I7hQ/wedmain/dsc02614/w=1920	200	62130	public/img/wedmain/dsc02614-w1920.webp	image/webp
https://imagedelivery.net/_XdB7bWYK-JWmUTR66I7hQ/wedmain/dsc02614/w=2000	200	69550	public/img/wedmain/dsc02614-w2000.webp	image/webp
https://imagedelivery.net/_XdB7bWYK-JWmUTR66I7hQ/wedmain/dsc02614/w=2560	200	69550	public/img/wedmain/dsc02614-w2560.webp	image/webp
https://imagedelivery.net/_XdB7bWYK-JWmUTR66I7hQ/wedmain/dsc03654/w=360	200	15362	public/img/wedmain/dsc03654-w360.webp	image/webp
https://imagedelivery.net/_XdB7bWYK-JWmUTR66I7hQ/wedmain/dsc03654/w=480	200	21964	public/img/wedmain/dsc03654-w480.webp	image/webp
https://imagedelivery.net/_XdB7bWYK-JWmUTR66I7hQ/wedmain/dsc03654/w=640	200	35042	public/img/wedmain/dsc03654-w640.webp	image/webp
https://imagedelivery.net/_XdB7bWYK-JWmUTR66I7hQ/wedmain/dsc03654/w=800	200	53138	public/img/wedmain/dsc03654-w800.webp	image/webp
https://imagedelivery.net/_XdB7bWYK-JWmUTR66I7hQ/wedmain/dsc03654/w=1024	200	95062	public/img/wedmain/dsc03654-w1024.webp	image/webp
https://imagedelivery.net/_XdB7bWYK-JWmUTR66I7hQ/wedmain/dsc03654/w=1100	200	112144	public/img/wedmain/dsc03654-w1100.webp	image/webp
https://imagedelivery.net/_XdB7bWYK-JWmUTR66I7hQ/wedmain/dsc03654/w=1200	200	138758	public/img/wedmain/dsc03654-w1200.webp	image/webp
https://imagedelivery.net/_XdB7bWYK-JWmUTR66I7hQ/wedmain/dsc03654/w=1280	200	162578	public/img/wedmain/dsc03654-w1280.webp	image/webp
https://imagedelivery.net/_XdB7bWYK-JWmUTR66I7hQ/wedmain/dsc03654/w=1440	200	216106	public/img/wedmain/dsc03654-w1440.webp	image/webp
https://imagedelivery.net/_XdB7bWYK-JWmUTR66I7hQ/wedmain/dsc03654/w=1600	200	282430	public/img/wedmain/dsc03654-w1600.webp	image/webp
https://imagedelivery.net/_XdB7bWYK-JWmUTR66I7hQ/wedmain/dsc03654/w=1920	200	439300	public/img/wedmain/dsc03654-w1920.webp	image/webp
https://imagedelivery.net/_XdB7bWYK-JWmUTR66I7hQ/wedmain/dsc03654/w=2000	200	506262	public/img/wedmain/dsc03654-w2000.webp	image/webp
https://imagedelivery.net/_XdB7bWYK-JWmUTR66I7hQ/wedmain/dsc03654/w=2560	200	506262	public/img/wedmain/dsc03654-w2560.webp	image/webp
https://imagedelivery.net/_XdB7bWYK-JWmUTR66I7hQ/wedmain/dsc03823/w=360	200	36602	public/img/wedmain/dsc03823-w360.webp	image/webp
https://imagedelivery.net/_XdB7bWYK-JWmUTR66I7hQ/wedmain/dsc03823/w=480	200	66694	public/img/wedmain/dsc03823-w480.webp	image/webp
https://imagedelivery.net/_XdB7bWYK-JWmUTR66I7hQ/wedmain/dsc03823/w=640	200	114744	public/img/wedmain/dsc03823-w640.webp	image/webp
https://imagedelivery.net/_XdB7bWYK-JWmUTR66I7hQ/wedmain/dsc03823/w=800	200	180198	public/img/wedmain/dsc03823-w800.webp	image/webp
https://imagedelivery.net/_XdB7bWYK-JWmUTR66I7hQ/wedmain/dsc03823/w=1024	200	288174	public/img/wedmain/dsc03823-w1024.webp	image/webp
https://imagedelivery.net/_XdB7bWYK-JWmUTR66I7hQ/wedmain/dsc03823/w=1100	200	333514	public/img/wedmain/dsc03823-w1100.webp	image/webp
https://imagedelivery.net/_XdB7bWYK-JWmUTR66I7hQ/wedmain/dsc03823/w=1200	200	399006	public/img/wedmain/dsc03823-w1200.webp	image/webp
https://imagedelivery.net/_XdB7bWYK-JWmUTR66I7hQ/wedmain/dsc03823/w=1300	200	458844	public/img/wedmain/dsc03823-w1300.webp	image/webp
https://imagedelivery.net/_XdB7bWYK-JWmUTR66I7hQ/wedmain/dsc03823/w=1440	200	558244	public/img/wedmain/dsc03823-w1440.webp	image/webp
https://imagedelivery.net/_XdB7bWYK-JWmUTR66I7hQ/wedmain/dsc03823/w=1600	200	682160	public/img/wedmain/dsc03823-w1600.webp	image/webp
https://imagedelivery.net/_XdB7bWYK-JWmUTR66I7hQ/wedmain/dsc03823/w=1920	200	682160	public/img/wedmain/dsc03823-w1920.webp	image/webp
https://imagedelivery.net/_XdB7bWYK-JWmUTR66I7hQ/wedmain/dsc03823/w=2560	200	682160	public/img/wedmain/dsc03823-w2560.webp	image/webp
https://imagedelivery.net/_XdB7bWYK-JWmUTR66I7hQ/wedmain/dsc03878/w=360	200	10026	public/img/wedmain/dsc03878-w360.webp	image/webp
https://imagedelivery.net/_XdB7bWYK-JWmUTR66I7hQ/wedmain/dsc03878/w=480	200	15424	public/img/wedmain/dsc03878-w480.webp	image/webp
https://imagedelivery.net/_XdB7bWYK-JWmUTR66I7hQ/wedmain/dsc03878/w=640	200	24962	public/img/wedmain/dsc03878-w640.webp	image/webp
https://imagedelivery.net/_XdB7bWYK-JWmUTR66I7hQ/wedmain/dsc03878/w=800	200	39436	public/img/wedmain/dsc03878-w800.webp	image/webp
https://imagedelivery.net/_XdB7bWYK-JWmUTR66I7hQ/wedmain/dsc03878/w=1024	200	66642	public/img/wedmain/dsc03878-w1024.webp	image/webp
https://imagedelivery.net/_XdB7bWYK-JWmUTR66I7hQ/wedmain/dsc03878/w=1100	200	77378	public/img/wedmain/dsc03878-w1100.webp	image/webp
https://imagedelivery.net/_XdB7bWYK-JWmUTR66I7hQ/wedmain/dsc03878/w=1200	200	94712	public/img/wedmain/dsc03878-w1200.webp	image/webp
https://imagedelivery.net/_XdB7bWYK-JWmUTR66I7hQ/wedmain/dsc03878/w=1400	200	125338	public/img/wedmain/dsc03878-w1400.webp	image/webp
https://imagedelivery.net/_XdB7bWYK-JWmUTR66I7hQ/wedmain/dsc03878/w=1440	200	129562	public/img/wedmain/dsc03878-w1440.webp	image/webp
https://imagedelivery.net/_XdB7bWYK-JWmUTR66I7hQ/wedmain/dsc03878/w=1600	200	162242	public/img/wedmain/dsc03878-w1600.webp	image/webp
https://imagedelivery.net/_XdB7bWYK-JWmUTR66I7hQ/wedmain/dsc03878/w=1920	200	162242	public/img/wedmain/dsc03878-w1920.webp	image/webp
https://imagedelivery.net/_XdB7bWYK-JWmUTR66I7hQ/wedmain/dsc03878/w=2560	200	162242	public/img/wedmain/dsc03878-w2560.webp	image/webp
https://imagedelivery.net/_XdB7bWYK-JWmUTR66I7hQ/wedmain/dsc03909/w=360	200	32932	public/img/wedmain/dsc03909-w360.webp	image/webp
https://imagedelivery.net/_XdB7bWYK-JWmUTR66I7hQ/wedmain/dsc03909/w=480	200	49470	public/img/wedmain/dsc03909-w480.webp	image/webp
https://imagedelivery.net/_XdB7bWYK-JWmUTR66I7hQ/wedmain/dsc03909/w=640	200	72770	public/img/wedmain/dsc03909-w640.webp	image/webp
https://imagedelivery.net/_XdB7bWYK-JWmUTR66I7hQ/wedmain/dsc03909/w=800	200	97136	public/img/wedmain/dsc03909-w800.webp	image/webp
https://imagedelivery.net/_XdB7bWYK-JWmUTR66I7hQ/wedmain/dsc03909/w=1024	200	129964	public/img/wedmain/dsc03909-w1024.webp	image/webp
https://imagedelivery.net/_XdB7bWYK-JWmUTR66I7hQ/wedmain/dsc03909/w=1100	200	142546	public/img/wedmain/dsc03909-w1100.webp	image/webp
https://imagedelivery.net/_XdB7bWYK-JWmUTR66I7hQ/wedmain/dsc03909/w=1200	200	162054	public/img/wedmain/dsc03909-w1200.webp	image/webp
https://imagedelivery.net/_XdB7bWYK-JWmUTR66I7hQ/wedmain/dsc03909/w=1300	200	178950	public/img/wedmain/dsc03909-w1300.webp	image/webp
https://imagedelivery.net/_XdB7bWYK-JWmUTR66I7hQ/wedmain/dsc03909/w=1440	200	204904	public/img/wedmain/dsc03909-w1440.webp	image/webp
https://imagedelivery.net/_XdB7bWYK-JWmUTR66I7hQ/wedmain/dsc03909/w=1600	200	241566	public/img/wedmain/dsc03909-w1600.webp	image/webp
https://imagedelivery.net/_XdB7bWYK-JWmUTR66I7hQ/wedmain/dsc03909/w=1920	200	241566	public/img/wedmain/dsc03909-w1920.webp	image/webp
https://imagedelivery.net/_XdB7bWYK-JWmUTR66I7hQ/wedmain/dsc03909/w=2560	200	241566	public/img/wedmain/dsc03909-w2560.webp	image/webp
https://imagedelivery.net/_XdB7bWYK-JWmUTR66I7hQ/wedmain/dsc04012/w=360	200	6900	public/img/wedmain/dsc04012-w360.webp	image/webp
https://imagedelivery.net/_XdB7bWYK-JWmUTR66I7hQ/wedmain/dsc04012/w=480	200	10174	public/img/wedmain/dsc04012-w480.webp	image/webp
https://imagedelivery.net/_XdB7bWYK-JWmUTR66I7hQ/wedmain/dsc04012/w=640	200	15412	public/img/wedmain/dsc04012-w640.webp	image/webp
https://imagedelivery.net/_XdB7bWYK-JWmUTR66I7hQ/wedmain/dsc04012/w=800	200	20638	public/img/wedmain/dsc04012-w800.webp	image/webp
https://imagedelivery.net/_XdB7bWYK-JWmUTR66I7hQ/wedmain/dsc04012/w=1024	200	32338	public/img/wedmain/dsc04012-w1024.webp	image/webp
https://imagedelivery.net/_XdB7bWYK-JWmUTR66I7hQ/wedmain/dsc04012/w=1100	200	34194	public/img/wedmain/dsc04012-w1100.webp	image/webp
https://imagedelivery.net/_XdB7bWYK-JWmUTR66I7hQ/wedmain/dsc04012/w=1200	200	39780	public/img/wedmain/dsc04012-w1200.webp	image/webp
https://imagedelivery.net/_XdB7bWYK-JWmUTR66I7hQ/wedmain/dsc04012/w=1440	200	56016	public/img/wedmain/dsc04012-w1440.webp	image/webp
https://imagedelivery.net/_XdB7bWYK-JWmUTR66I7hQ/wedmain/dsc04012/w=1600	200	67558	public/img/wedmain/dsc04012-w1600.webp	image/webp
https://imagedelivery.net/_XdB7bWYK-JWmUTR66I7hQ/wedmain/dsc04012/w=1920	200	92848	public/img/wedmain/dsc04012-w1920.webp	image/webp
https://imagedelivery.net/_XdB7bWYK-JWmUTR66I7hQ/wedmain/dsc04012/w=2000	200	106168	public/img/wedmain/dsc04012-w2000.webp	image/webp
https://imagedelivery.net/_XdB7bWYK-JWmUTR66I7hQ/wedmain/dsc04012/w=2560	200	106168	public/img/wedmain/dsc04012-w2560.webp	image/webp
https://imagedelivery.net/_XdB7bWYK-JWmUTR66I7hQ/wedmain/dsc04420/w=360	200	41710	public/img/wedmain/dsc04420-w360.webp	image/webp
https://imagedelivery.net/_XdB7bWYK-JWmUTR66I7hQ/wedmain/dsc04420/w=640	200	113334	public/img/wedmain/dsc04420-w640.webp	image/webp
https://imagedelivery.net/_XdB7bWYK-JWmUTR66I7hQ/wedmain/dsc04420/w=1024	200	260458	public/img/wedmain/dsc04420-w1024.webp	image/webp
https://imagedelivery.net/_XdB7bWYK-JWmUTR66I7hQ/wedmain/dsc04420/w=1400	200	446168	public/img/wedmain/dsc04420-w1400.webp	image/webp
https://imagedelivery.net/_XdB7bWYK-JWmUTR66I7hQ/wedmain/dsc04420/w=1440	200	467104	public/img/wedmain/dsc04420-w1440.webp	image/webp
https://imagedelivery.net/_XdB7bWYK-JWmUTR66I7hQ/wedmain/dsc04420/w=1600	200	561114	public/img/wedmain/dsc04420-w1600.webp	image/webp
https://imagedelivery.net/_XdB7bWYK-JWmUTR66I7hQ/wedmain/dsc04420/w=1920	200	789668	public/img/wedmain/dsc04420-w1920.webp	image/webp
https://imagedelivery.net/_XdB7bWYK-JWmUTR66I7hQ/wedmain/dsc04420/w=2560	200	1341070	public/img/wedmain/dsc04420-w2560.webp	image/webp
https://imagedelivery.net/_XdB7bWYK-JWmUTR66I7hQ/wedmain/dsc04629/w=360	200	24914	public/img/wedmain/dsc04629-w360.webp	image/webp
https://imagedelivery.net/_XdB7bWYK-JWmUTR66I7hQ/wedmain/dsc04629/w=640	200	56626	public/img/wedmain/dsc04629-w640.webp	image/webp
https://imagedelivery.net/_XdB7bWYK-JWmUTR66I7hQ/wedmain/dsc04629/w=1024	200	120794	public/img/wedmain/dsc04629-w1024.webp	image/webp
https://imagedelivery.net/_XdB7bWYK-JWmUTR66I7hQ/wedmain/dsc04629/w=1300	200	180216	public/img/wedmain/dsc04629-w1300.webp	image/webp
https://imagedelivery.net/_XdB7bWYK-JWmUTR66I7hQ/wedmain/dsc04629/w=1440	200	216678	public/img/wedmain/dsc04629-w1440.webp	image/webp
https://imagedelivery.net/_XdB7bWYK-JWmUTR66I7hQ/wedmain/dsc04629/w=1600	200	275494	public/img/wedmain/dsc04629-w1600.webp	image/webp
https://imagedelivery.net/_XdB7bWYK-JWmUTR66I7hQ/wedmain/dsc04629/w=1920	200	275494	public/img/wedmain/dsc04629-w1920.webp	image/webp
https://imagedelivery.net/_XdB7bWYK-JWmUTR66I7hQ/wedmain/dsc04629/w=2560	200	275494	public/img/wedmain/dsc04629-w2560.webp	image/webp
https://imagedelivery.net/_XdB7bWYK-JWmUTR66I7hQ/wedmain/dsc04641/w=360	200	13968	public/img/wedmain/dsc04641-w360.webp	image/webp
https://imagedelivery.net/_XdB7bWYK-JWmUTR66I7hQ/wedmain/dsc04641/w=640	200	33452	public/img/wedmain/dsc04641-w640.webp	image/webp
https://imagedelivery.net/_XdB7bWYK-JWmUTR66I7hQ/wedmain/dsc04641/w=1024	200	69516	public/img/wedmain/dsc04641-w1024.webp	image/webp
https://imagedelivery.net/_XdB7bWYK-JWmUTR66I7hQ/wedmain/dsc04641/w=1400	200	113294	public/img/wedmain/dsc04641-w1400.webp	image/webp
https://imagedelivery.net/_XdB7bWYK-JWmUTR66I7hQ/wedmain/dsc04641/w=1440	200	118160	public/img/wedmain/dsc04641-w1440.webp	image/webp
https://imagedelivery.net/_XdB7bWYK-JWmUTR66I7hQ/wedmain/dsc04641/w=1600	200	142384	public/img/wedmain/dsc04641-w1600.webp	image/webp
https://imagedelivery.net/_XdB7bWYK-JWmUTR66I7hQ/wedmain/dsc04641/w=1920	200	211558	public/img/wedmain/dsc04641-w1920.webp	image/webp
https://imagedelivery.net/_XdB7bWYK-JWmUTR66I7hQ/wedmain/dsc04641/w=2560	200	454798	public/img/wedmain/dsc04641-w2560.webp	image/webp
https://imagedelivery.net/_XdB7bWYK-JWmUTR66I7hQ/wedmain/dsc04959/w=360	200	32720	public/img/wedmain/dsc04959-w360.webp	image/webp
https://imagedelivery.net/_XdB7bWYK-JWmUTR66I7hQ/wedmain/dsc04959/w=480	200	52000	public/img/wedmain/dsc04959-w480.webp	image/webp
https://imagedelivery.net/_XdB7bWYK-JWmUTR66I7hQ/wedmain/dsc04959/w=640	200	83344	public/img/wedmain/dsc04959-w640.webp	image/webp
https://imagedelivery.net/_XdB7bWYK-JWmUTR66I7hQ/wedmain/dsc04959/w=800	200	115150	public/img/wedmain/dsc04959-w800.webp	image/webp
https://imagedelivery.net/_XdB7bWYK-JWmUTR66I7hQ/wedmain/dsc04959/w=1024	200	162902	public/img/wedmain/dsc04959-w1024.webp	image/webp
https://imagedelivery.net/_XdB7bWYK-JWmUTR66I7hQ/wedmain/dsc04959/w=1200	200	206114	public/img/wedmain/dsc04959-w1200.webp	image/webp
https://imagedelivery.net/_XdB7bWYK-JWmUTR66I7hQ/wedmain/dsc04959/w=1400	200	255716	public/img/wedmain/dsc04959-w1400.webp	image/webp
https://imagedelivery.net/_XdB7bWYK-JWmUTR66I7hQ/wedmain/dsc04959/w=1440	200	263198	public/img/wedmain/dsc04959-w1440.webp	image/webp
https://imagedelivery.net/_XdB7bWYK-JWmUTR66I7hQ/wedmain/dsc04959/w=1500	200	279340	public/img/wedmain/dsc04959-w1500.webp	image/webp
https://imagedelivery.net/_XdB7bWYK-JWmUTR66I7hQ/wedmain/dsc04959/w=1600	200	304982	public/img/wedmain/dsc04959-w1600.webp	image/webp
https://imagedelivery.net/_XdB7bWYK-JWmUTR66I7hQ/wedmain/dsc04959/w=1920	200	304982	public/img/wedmain/dsc04959-w1920.webp	image/webp
https://imagedelivery.net/_XdB7bWYK-JWmUTR66I7hQ/wedmain/dsc04959/w=2560	200	304982	public/img/wedmain/dsc04959-w2560.webp	image/webp
https://imagedelivery.net/_XdB7bWYK-JWmUTR66I7hQ/wedmain/dsc05269/w=360	200	31682	public/img/wedmain/dsc05269-w360.webp	image/webp
https://imagedelivery.net/_XdB7bWYK-JWmUTR66I7hQ/wedmain/dsc05269/w=480	200	45734	public/img/wedmain/dsc05269-w480.webp	image/webp
https://imagedelivery.net/_XdB7bWYK-JWmUTR66I7hQ/wedmain/dsc05269/w=640	200	66138	public/img/wedmain/dsc05269-w640.webp	image/webp
https://imagedelivery.net/_XdB7bWYK-JWmUTR66I7hQ/wedmain/dsc05269/w=800	200	88314	public/img/wedmain/dsc05269-w800.webp	image/webp
https://imagedelivery.net/_XdB7bWYK-JWmUTR66I7hQ/wedmain/dsc05269/w=1024	200	116556	public/img/wedmain/dsc05269-w1024.webp	image/webp
https://imagedelivery.net/_XdB7bWYK-JWmUTR66I7hQ/wedmain/dsc05269/w=1200	200	143196	public/img/wedmain/dsc05269-w1200.webp	image/webp
https://imagedelivery.net/_XdB7bWYK-JWmUTR66I7hQ/wedmain/dsc05269/w=1400	200	173604	public/img/wedmain/dsc05269-w1400.webp	image/webp
https://imagedelivery.net/_XdB7bWYK-JWmUTR66I7hQ/wedmain/dsc05269/w=1440	200	178676	public/img/wedmain/dsc05269-w1440.webp	image/webp
https://imagedelivery.net/_XdB7bWYK-JWmUTR66I7hQ/wedmain/dsc05269/w=1600	200	208408	public/img/wedmain/dsc05269-w1600.webp	image/webp
https://imagedelivery.net/_XdB7bWYK-JWmUTR66I7hQ/wedmain/dsc05269/w=1920	200	208408	public/img/wedmain/dsc05269-w1920.webp	image/webp
https://imagedelivery.net/_XdB7bWYK-JWmUTR66I7hQ/wedmain/dsc05269/w=2560	200	208408	public/img/wedmain/dsc05269-w2560.webp	image/webp
https://imagedelivery.net/_XdB7bWYK-JWmUTR66I7hQ/wedmain/dsc05316/w=360	200	15952	public/img/wedmain/dsc05316-w360.webp	image/webp
https://imagedelivery.net/_XdB7bWYK-JWmUTR66I7hQ/wedmain/dsc05316/w=480	200	24050	public/img/wedmain/dsc05316-w480.webp	image/webp
https://imagedelivery.net/_XdB7bWYK-JWmUTR66I7hQ/wedmain/dsc05316/w=640	200	34954	public/img/wedmain/dsc05316-w640.webp	image/webp
https://imagedelivery.net/_XdB7bWYK-JWmUTR66I7hQ/wedmain/dsc05316/w=800	200	48922	public/img/wedmain/dsc05316-w800.webp	image/webp
https://imagedelivery.net/_XdB7bWYK-JWmUTR66I7hQ/wedmain/dsc05316/w=1024	200	62232	public/img/wedmain/dsc05316-w1024.webp	image/webp
https://imagedelivery.net/_XdB7bWYK-JWmUTR66I7hQ/wedmain/dsc05316/w=1200	200	79150	public/img/wedmain/dsc05316-w1200.webp	image/webp
https://imagedelivery.net/_XdB7bWYK-JWmUTR66I7hQ/wedmain/dsc05316/w=1400	200	98392	public/img/wedmain/dsc05316-w1400.webp	image/webp
https://imagedelivery.net/_XdB7bWYK-JWmUTR66I7hQ/wedmain/dsc05316/w=1440	200	102104	public/img/wedmain/dsc05316-w1440.webp	image/webp
https://imagedelivery.net/_XdB7bWYK-JWmUTR66I7hQ/wedmain/dsc05316/w=1600	200	121710	public/img/wedmain/dsc05316-w1600.webp	image/webp
https://imagedelivery.net/_XdB7bWYK-JWmUTR66I7hQ/wedmain/dsc05316/w=1920	200	121710	public/img/wedmain/dsc05316-w1920.webp	image/webp
https://imagedelivery.net/_XdB7bWYK-JWmUTR66I7hQ/wedmain/dsc05316/w=2560	200	121710	public/img/wedmain/dsc05316-w2560.webp	image/webp
https://imagedelivery.net/_XdB7bWYK-JWmUTR66I7hQ/wedmain/dsc05413/w=360	200	11318	public/img/wedmain/dsc05413-w360.webp	image/webp
https://imagedelivery.net/_XdB7bWYK-JWmUTR66I7hQ/wedmain/dsc05413/w=480	200	15642	public/img/wedmain/dsc05413-w480.webp	image/webp
https://imagedelivery.net/_XdB7bWYK-JWmUTR66I7hQ/wedmain/dsc05413/w=640	200	23562	public/img/wedmain/dsc05413-w640.webp	image/webp
https://imagedelivery.net/_XdB7bWYK-JWmUTR66I7hQ/wedmain/dsc05413/w=800	200	33164	public/img/wedmain/dsc05413-w800.webp	image/webp
https://imagedelivery.net/_XdB7bWYK-JWmUTR66I7hQ/wedmain/dsc05413/w=1024	200	45086	public/img/wedmain/dsc05413-w1024.webp	image/webp
https://imagedelivery.net/_XdB7bWYK-JWmUTR66I7hQ/wedmain/dsc05413/w=1100	200	49250	public/img/wedmain/dsc05413-w1100.webp	image/webp
https://imagedelivery.net/_XdB7bWYK-JWmUTR66I7hQ/wedmain/dsc05413/w=1200	200	57228	public/img/wedmain/dsc05413-w1200.webp	image/webp
https://imagedelivery.net/_XdB7bWYK-JWmUTR66I7hQ/wedmain/dsc05413/w=1400	200	67168	public/img/wedmain/dsc05413-w1400.webp	image/webp
https://imagedelivery.net/_XdB7bWYK-JWmUTR66I7hQ/wedmain/dsc05413/w=1440	200	72222	public/img/wedmain/dsc05413-w1440.webp	image/webp
https://imagedelivery.net/_XdB7bWYK-JWmUTR66I7hQ/wedmain/dsc05413/w=1600	200	87054	public/img/wedmain/dsc05413-w1600.webp	image/webp
https://imagedelivery.net/_XdB7bWYK-JWmUTR66I7hQ/wedmain/dsc05413/w=1920	200	87054	public/img/wedmain/dsc05413-w1920.webp	image/webp
https://imagedelivery.net/_XdB7bWYK-JWmUTR66I7hQ/wedmain/dsc05413/w=2560	200	87054	public/img/wedmain/dsc05413-w2560.webp	image/webp
https://imagedelivery.net/_XdB7bWYK-JWmUTR66I7hQ/wedmain/dsc05484/w=360	200	14478	public/img/wedmain/dsc05484-w360.webp	image/webp
https://imagedelivery.net/_XdB7bWYK-JWmUTR66I7hQ/wedmain/dsc05484/w=480	200	20812	public/img/wedmain/dsc05484-w480.webp	image/webp
https://imagedelivery.net/_XdB7bWYK-JWmUTR66I7hQ/wedmain/dsc05484/w=800	200	41316	public/img/wedmain/dsc05484-w800.webp	image/webp
https://imagedelivery.net/_XdB7bWYK-JWmUTR66I7hQ/wedmain/dsc05484/w=1100	200	69416	public/img/wedmain/dsc05484-w1100.webp	image/webp
https://imagedelivery.net/_XdB7bWYK-JWmUTR66I7hQ/wedmain/dsc05484/w=1200	200	82426	public/img/wedmain/dsc05484-w1200.webp	image/webp
https://imagedelivery.net/_XdB7bWYK-JWmUTR66I7hQ/wedmain/dsc05484/w=1600	200	160428	public/img/wedmain/dsc05484-w1600.webp	image/webp
https://imagedelivery.net/_XdB7bWYK-JWmUTR66I7hQ/wedmain/dsc05606/w=360	200	30044	public/img/wedmain/dsc05606-w360.webp	image/webp
https://imagedelivery.net/_XdB7bWYK-JWmUTR66I7hQ/wedmain/dsc05606/w=480	200	47752	public/img/wedmain/dsc05606-w480.webp	image/webp
https://imagedelivery.net/_XdB7bWYK-JWmUTR66I7hQ/wedmain/dsc05606/w=640	200	71366	public/img/wedmain/dsc05606-w640.webp	image/webp
https://imagedelivery.net/_XdB7bWYK-JWmUTR66I7hQ/wedmain/dsc05606/w=800	200	102068	public/img/wedmain/dsc05606-w800.webp	image/webp
https://imagedelivery.net/_XdB7bWYK-JWmUTR66I7hQ/wedmain/dsc05606/w=1024	200	144882	public/img/wedmain/dsc05606-w1024.webp	image/webp
https://imagedelivery.net/_XdB7bWYK-JWmUTR66I7hQ/wedmain/dsc05606/w=1100	200	161890	public/img/wedmain/dsc05606-w1100.webp	image/webp
https://imagedelivery.net/_XdB7bWYK-JWmUTR66I7hQ/wedmain/dsc05606/w=1200	200	184106	public/img/wedmain/dsc05606-w1200.webp	image/webp
https://imagedelivery.net/_XdB7bWYK-JWmUTR66I7hQ/wedmain/dsc05606/w=1400	200	232790	public/img/wedmain/dsc05606-w1400.webp	image/webp
https://imagedelivery.net/_XdB7bWYK-JWmUTR66I7hQ/wedmain/dsc05606/w=1440	200	242454	public/img/wedmain/dsc05606-w1440.webp	image/webp
https://imagedelivery.net/_XdB7bWYK-JWmUTR66I7hQ/wedmain/dsc05606/w=1600	200	287844	public/img/wedmain/dsc05606-w1600.webp	image/webp
https://imagedelivery.net/_XdB7bWYK-JWmUTR66I7hQ/wedmain/dsc05606/w=1920	200	394912	public/img/wedmain/dsc05606-w1920.webp	image/webp
https://imagedelivery.net/_XdB7bWYK-JWmUTR66I7hQ/wedmain/dsc05606/w=2560	200	716752	public/img/wedmain/dsc05606-w2560.webp	image/webp
https://imagedelivery.net/_XdB7bWYK-JWmUTR66I7hQ/wedmain/dsc05620/w=360	200	41594	public/img/wedmain/dsc05620-w360.webp	image/webp
https://imagedelivery.net/_XdB7bWYK-JWmUTR66I7hQ/wedmain/dsc05620/w=480	200	64558	public/img/wedmain/dsc05620-w480.webp	image/webp
https://imagedelivery.net/_XdB7bWYK-JWmUTR66I7hQ/wedmain/dsc05620/w=640	200	94344	public/img/wedmain/dsc05620-w640.webp	image/webp
https://imagedelivery.net/_XdB7bWYK-JWmUTR66I7hQ/wedmain/dsc05620/w=800	200	129656	public/img/wedmain/dsc05620-w800.webp	image/webp
https://imagedelivery.net/_XdB7bWYK-JWmUTR66I7hQ/wedmain/dsc05620/w=1024	200	181756	public/img/wedmain/dsc05620-w1024.webp	image/webp
https://imagedelivery.net/_XdB7bWYK-JWmUTR66I7hQ/wedmain/dsc05620/w=1100	200	201266	public/img/wedmain/dsc05620-w1100.webp	image/webp
https://imagedelivery.net/_XdB7bWYK-JWmUTR66I7hQ/wedmain/dsc05620/w=1200	200	221502	public/img/wedmain/dsc05620-w1200.webp	image/webp
https://imagedelivery.net/_XdB7bWYK-JWmUTR66I7hQ/wedmain/dsc05620/w=1400	200	269514	public/img/wedmain/dsc05620-w1400.webp	image/webp
https://imagedelivery.net/_XdB7bWYK-JWmUTR66I7hQ/wedmain/dsc05620/w=1440	200	279288	public/img/wedmain/dsc05620-w1440.webp	image/webp
https://imagedelivery.net/_XdB7bWYK-JWmUTR66I7hQ/wedmain/dsc05620/w=1600	200	324490	public/img/wedmain/dsc05620-w1600.webp	image/webp
https://imagedelivery.net/_XdB7bWYK-JWmUTR66I7hQ/wedmain/dsc05620/w=1920	200	426646	public/img/wedmain/dsc05620-w1920.webp	image/webp
https://imagedelivery.net/_XdB7bWYK-JWmUTR66I7hQ/wedmain/dsc05620/w=2560	200	691768	public/img/wedmain/dsc05620-w2560.webp	image/webp
https://imagedelivery.net/_XdB7bWYK-JWmUTR66I7hQ/wedmain/dsc05631/w=360	200	26208	public/img/wedmain/dsc05631-w360.webp	image/webp
https://imagedelivery.net/_XdB7bWYK-JWmUTR66I7hQ/wedmain/dsc05631/w=480	200	43764	public/img/wedmain/dsc05631-w480.webp	image/webp
https://imagedelivery.net/_XdB7bWYK-JWmUTR66I7hQ/wedmain/dsc05631/w=640	200	69444	public/img/wedmain/dsc05631-w640.webp	image/webp
https://imagedelivery.net/_XdB7bWYK-JWmUTR66I7hQ/wedmain/dsc05631/w=800	200	100348	public/img/wedmain/dsc05631-w800.webp	image/webp
https://imagedelivery.net/_XdB7bWYK-JWmUTR66I7hQ/wedmain/dsc05631/w=1024	200	153438	public/img/wedmain/dsc05631-w1024.webp	image/webp
https://imagedelivery.net/_XdB7bWYK-JWmUTR66I7hQ/wedmain/dsc05631/w=1100	200	175028	public/img/wedmain/dsc05631-w1100.webp	image/webp
https://imagedelivery.net/_XdB7bWYK-JWmUTR66I7hQ/wedmain/dsc05631/w=1200	200	203752	public/img/wedmain/dsc05631-w1200.webp	image/webp
https://imagedelivery.net/_XdB7bWYK-JWmUTR66I7hQ/wedmain/dsc05631/w=1300	200	235984	public/img/wedmain/dsc05631-w1300.webp	image/webp
https://imagedelivery.net/_XdB7bWYK-JWmUTR66I7hQ/wedmain/dsc05631/w=1440	200	283754	public/img/wedmain/dsc05631-w1440.webp	image/webp
https://imagedelivery.net/_XdB7bWYK-JWmUTR66I7hQ/wedmain/dsc05631/w=1600	200	344744	public/img/wedmain/dsc05631-w1600.webp	image/webp
https://imagedelivery.net/_XdB7bWYK-JWmUTR66I7hQ/wedmain/dsc05631/w=1920	200	505052	public/img/wedmain/dsc05631-w1920.webp	image/webp
https://imagedelivery.net/_XdB7bWYK-JWmUTR66I7hQ/wedmain/dsc05631/w=2560	200	930328	public/img/wedmain/dsc05631-w2560.webp	image/webp
https://imagedelivery.net/_XdB7bWYK-JWmUTR66I7hQ/wedmain/dsc06057/w=360	200	29948	public/img/wedmain/dsc06057-w360.webp	image/webp
https://imagedelivery.net/_XdB7bWYK-JWmUTR66I7hQ/wedmain/dsc06057/w=480	200	45980	public/img/wedmain/dsc06057-w480.webp	image/webp
https://imagedelivery.net/_XdB7bWYK-JWmUTR66I7hQ/wedmain/dsc06057/w=640	200	69152	public/img/wedmain/dsc06057-w640.webp	image/webp
https://imagedelivery.net/_XdB7bWYK-JWmUTR66I7hQ/wedmain/dsc06057/w=800	200	94328	public/img/wedmain/dsc06057-w800.webp	image/webp
https://imagedelivery.net/_XdB7bWYK-JWmUTR66I7hQ/wedmain/dsc06057/w=1024	200	132540	public/img/wedmain/dsc06057-w1024.webp	image/webp
https://imagedelivery.net/_XdB7bWYK-JWmUTR66I7hQ/wedmain/dsc06057/w=1100	200	148316	public/img/wedmain/dsc06057-w1100.webp	image/webp
https://imagedelivery.net/_XdB7bWYK-JWmUTR66I7hQ/wedmain/dsc06057/w=1200	200	170222	public/img/wedmain/dsc06057-w1200.webp	image/webp
https://imagedelivery.net/_XdB7bWYK-JWmUTR66I7hQ/wedmain/dsc06057/w=1400	200	210378	public/img/wedmain/dsc06057-w1400.webp	image/webp
https://imagedelivery.net/_XdB7bWYK-JWmUTR66I7hQ/wedmain/dsc06057/w=1440	200	212840	public/img/wedmain/dsc06057-w1440.webp	image/webp
https://imagedelivery.net/_XdB7bWYK-JWmUTR66I7hQ/wedmain/dsc06057/w=1600	200	250948	public/img/wedmain/dsc06057-w1600.webp	image/webp
https://imagedelivery.net/_XdB7bWYK-JWmUTR66I7hQ/wedmain/dsc06057/w=1920	200	250948	public/img/wedmain/dsc06057-w1920.webp	image/webp
https://imagedelivery.net/_XdB7bWYK-JWmUTR66I7hQ/wedmain/dsc06057/w=2560	200	250948	public/img/wedmain/dsc06057-w2560.webp	image/webp
https://imagedelivery.net/_XdB7bWYK-JWmUTR66I7hQ/wedmain/dsc06137/w=360	200	51146	public/img/wedmain/dsc06137-w360.webp	image/webp
https://imagedelivery.net/_XdB7bWYK-JWmUTR66I7hQ/wedmain/dsc06137/w=640	200	143500	public/img/wedmain/dsc06137-w640.webp	image/webp
https://imagedelivery.net/_XdB7bWYK-JWmUTR66I7hQ/wedmain/dsc06137/w=1024	200	329546	public/img/wedmain/dsc06137-w1024.webp	image/webp
https://imagedelivery.net/_XdB7bWYK-JWmUTR66I7hQ/wedmain/dsc06137/w=1300	200	506562	public/img/wedmain/dsc06137-w1300.webp	image/webp
https://imagedelivery.net/_XdB7bWYK-JWmUTR66I7hQ/wedmain/dsc06137/w=1440	200	603380	public/img/wedmain/dsc06137-w1440.webp	image/webp
https://imagedelivery.net/_XdB7bWYK-JWmUTR66I7hQ/wedmain/dsc06137/w=1600	200	729480	public/img/wedmain/dsc06137-w1600.webp	image/webp
https://imagedelivery.net/_XdB7bWYK-JWmUTR66I7hQ/wedmain/dsc06137/w=1920	200	993100	public/img/wedmain/dsc06137-w1920.webp	image/webp
https://imagedelivery.net/_XdB7bWYK-JWmUTR66I7hQ/wedmain/dsc06137/w=2560	200	1651004	public/img/wedmain/dsc06137-w2560.webp	image/webp
https://imagedelivery.net/_XdB7bWYK-JWmUTR66I7hQ/wedmain/dsc06167/w=360	200	55010	public/img/wedmain/dsc06167-w360.webp	image/webp
https://imagedelivery.net/_XdB7bWYK-JWmUTR66I7hQ/wedmain/dsc06167/w=640	200	142216	public/img/wedmain/dsc06167-w640.webp	image/webp
https://imagedelivery.net/_XdB7bWYK-JWmUTR66I7hQ/wedmain/dsc06167/w=1024	200	295968	public/img/wedmain/dsc06167-w1024.webp	image/webp
https://imagedelivery.net/_XdB7bWYK-JWmUTR66I7hQ/wedmain/dsc06167/w=1300	200	411780	public/img/wedmain/dsc06167-w1300.webp	image/webp
https://imagedelivery.net/_XdB7bWYK-JWmUTR66I7hQ/wedmain/dsc06167/w=1440	200	470364	public/img/wedmain/dsc06167-w1440.webp	image/webp
https://imagedelivery.net/_XdB7bWYK-JWmUTR66I7hQ/wedmain/dsc06167/w=1600	200	549670	public/img/wedmain/dsc06167-w1600.webp	image/webp
https://imagedelivery.net/_XdB7bWYK-JWmUTR66I7hQ/wedmain/dsc06167/w=1920	200	549670	public/img/wedmain/dsc06167-w1920.webp	image/webp
https://imagedelivery.net/_XdB7bWYK-JWmUTR66I7hQ/wedmain/dsc06167/w=2560	200	549670	public/img/wedmain/dsc06167-w2560.webp	image/webp
https://imagedelivery.net/_XdB7bWYK-JWmUTR66I7hQ/wedmain/dsc06211/w=360	200	28198	public/img/wedmain/dsc06211-w360.webp	image/webp
https://imagedelivery.net/_XdB7bWYK-JWmUTR66I7hQ/wedmain/dsc06211/w=640	200	59876	public/img/wedmain/dsc06211-w640.webp	image/webp
https://imagedelivery.net/_XdB7bWYK-JWmUTR66I7hQ/wedmain/dsc06211/w=1024	200	105212	public/img/wedmain/dsc06211-w1024.webp	image/webp
https://imagedelivery.net/_XdB7bWYK-JWmUTR66I7hQ/wedmain/dsc06211/w=1440	200	155900	public/img/wedmain/dsc06211-w1440.webp	image/webp
https://imagedelivery.net/_XdB7bWYK-JWmUTR66I7hQ/wedmain/dsc06211/w=1500	200	166364	public/img/wedmain/dsc06211-w1500.webp	image/webp
https://imagedelivery.net/_XdB7bWYK-JWmUTR66I7hQ/wedmain/dsc06211/w=1600	200	180324	public/img/wedmain/dsc06211-w1600.webp	image/webp
https://imagedelivery.net/_XdB7bWYK-JWmUTR66I7hQ/wedmain/dsc06211/w=1920	200	180324	public/img/wedmain/dsc06211-w1920.webp	image/webp
https://imagedelivery.net/_XdB7bWYK-JWmUTR66I7hQ/wedmain/dsc06211/w=2560	200	180324	public/img/wedmain/dsc06211-w2560.webp	image/webp
https://imagedelivery.net/_XdB7bWYK-JWmUTR66I7hQ/wedmain/dsc06302/w=360	200	14234	public/img/wedmain/dsc06302-w360.webp	image/webp
https://imagedelivery.net/_XdB7bWYK-JWmUTR66I7hQ/wedmain/dsc06302/w=480	200	20768	public/img/wedmain/dsc06302-w480.webp	image/webp
https://imagedelivery.net/_XdB7bWYK-JWmUTR66I7hQ/wedmain/dsc06302/w=640	200	30512	public/img/wedmain/dsc06302-w640.webp	image/webp
https://imagedelivery.net/_XdB7bWYK-JWmUTR66I7hQ/wedmain/dsc06302/w=800	200	40098	public/img/wedmain/dsc06302-w800.webp	image/webp
https://imagedelivery.net/_XdB7bWYK-JWmUTR66I7hQ/wedmain/dsc06302/w=1024	200	55926	public/img/wedmain/dsc06302-w1024.webp	image/webp
https://imagedelivery.net/_XdB7bWYK-JWmUTR66I7hQ/wedmain/dsc06302/w=1100	200	61998	public/img/wedmain/dsc06302-w1100.webp	image/webp
https://imagedelivery.net/_XdB7bWYK-JWmUTR66I7hQ/wedmain/dsc06302/w=1200	200	71938	public/img/wedmain/dsc06302-w1200.webp	image/webp
https://imagedelivery.net/_XdB7bWYK-JWmUTR66I7hQ/wedmain/dsc06302/w=1280	200	78876	public/img/wedmain/dsc06302-w1280.webp	image/webp
https://imagedelivery.net/_XdB7bWYK-JWmUTR66I7hQ/wedmain/dsc06302/w=1400	200	92764	public/img/wedmain/dsc06302-w1400.webp	image/webp
https://imagedelivery.net/_XdB7bWYK-JWmUTR66I7hQ/wedmain/dsc06302/w=1440	200	97492	public/img/wedmain/dsc06302-w1440.webp	image/webp
https://imagedelivery.net/_XdB7bWYK-JWmUTR66I7hQ/wedmain/dsc06302/w=1600	200	120858	public/img/wedmain/dsc06302-w1600.webp	image/webp
https://imagedelivery.net/_XdB7bWYK-JWmUTR66I7hQ/wedmain/dsc06302/w=1920	200	182636	public/img/wedmain/dsc06302-w1920.webp	image/webp
https://imagedelivery.net/_XdB7bWYK-JWmUTR66I7hQ/wedmain/dsc06302/w=2000	200	200374	public/img/wedmain/dsc06302-w2000.webp	image/webp
https://imagedelivery.net/_XdB7bWYK-JWmUTR66I7hQ/wedmain/dsc06302/w=2560	200	364238	public/img/wedmain/dsc06302-w2560.webp	image/webp
https://imagedelivery.net/_XdB7bWYK-JWmUTR66I7hQ/wedmain/dsc06436/w=360	200	58750	public/img/wedmain/dsc06436-w360.webp	image/webp
https://imagedelivery.net/_XdB7bWYK-JWmUTR66I7hQ/wedmain/dsc06436/w=480	200	101050	public/img/wedmain/dsc06436-w480.webp	image/webp
https://imagedelivery.net/_XdB7bWYK-JWmUTR66I7hQ/wedmain/dsc06436/w=640	200	164726	public/img/wedmain/dsc06436-w640.webp	image/webp
https://imagedelivery.net/_XdB7bWYK-JWmUTR66I7hQ/wedmain/dsc06436/w=800	200	247212	public/img/wedmain/dsc06436-w800.webp	image/webp
https://imagedelivery.net/_XdB7bWYK-JWmUTR66I7hQ/wedmain/dsc06436/w=1024	200	377248	public/img/wedmain/dsc06436-w1024.webp	image/webp
https://imagedelivery.net/_XdB7bWYK-JWmUTR66I7hQ/wedmain/dsc06436/w=1200	200	483334	public/img/wedmain/dsc06436-w1200.webp	image/webp
https://imagedelivery.net/_XdB7bWYK-JWmUTR66I7hQ/wedmain/dsc06436/w=1400	200	614536	public/img/wedmain/dsc06436-w1400.webp	image/webp
https://imagedelivery.net/_XdB7bWYK-JWmUTR66I7hQ/wedmain/dsc06436/w=1440	200	639464	public/img/wedmain/dsc06436-w1440.webp	image/webp
https://imagedelivery.net/_XdB7bWYK-JWmUTR66I7hQ/wedmain/dsc06436/w=1600	200	750690	public/img/wedmain/dsc06436-w1600.webp	image/webp
https://imagedelivery.net/_XdB7bWYK-JWmUTR66I7hQ/wedmain/dsc06436/w=1920	200	961226	public/img/wedmain/dsc06436-w1920.webp	image/webp
https://imagedelivery.net/_XdB7bWYK-JWmUTR66I7hQ/wedmain/dsc06436/w=2560	200	1395118	public/img/wedmain/dsc06436-w2560.webp	image/webp
https://imagedelivery.net/_XdB7bWYK-JWmUTR66I7hQ/wedmain/dsc06464/w=360	200	24480	public/img/wedmain/dsc06464-w360.webp	image/webp
https://imagedelivery.net/_XdB7bWYK-JWmUTR66I7hQ/wedmain/dsc06464/w=480	200	36796	public/img/wedmain/dsc06464-w480.webp	image/webp
https://imagedelivery.net/_XdB7bWYK-JWmUTR66I7hQ/wedmain/dsc06464/w=640	200	55842	public/img/wedmain/dsc06464-w640.webp	image/webp
https://imagedelivery.net/_XdB7bWYK-JWmUTR66I7hQ/wedmain/dsc06464/w=800	200	80972	public/img/wedmain/dsc06464-w800.webp	image/webp
https://imagedelivery.net/_XdB7bWYK-JWmUTR66I7hQ/wedmain/dsc06464/w=1024	200	119708	public/img/wedmain/dsc06464-w1024.webp	image/webp
https://imagedelivery.net/_XdB7bWYK-JWmUTR66I7hQ/wedmain/dsc06464/w=1200	200	153672	public/img/wedmain/dsc06464-w1200.webp	image/webp
https://imagedelivery.net/_XdB7bWYK-JWmUTR66I7hQ/wedmain/dsc06464/w=1300	200	175168	public/img/wedmain/dsc06464-w1300.webp	image/webp
https://imagedelivery.net/_XdB7bWYK-JWmUTR66I7hQ/wedmain/dsc06464/w=1400	200	195988	public/img/wedmain/dsc06464-w1400.webp	image/webp
https://imagedelivery.net/_XdB7bWYK-JWmUTR66I7hQ/wedmain/dsc06464/w=1440	200	204114	public/img/wedmain/dsc06464-w1440.webp	image/webp
https://imagedelivery.net/_XdB7bWYK-JWmUTR66I7hQ/wedmain/dsc06464/w=1600	200	240980	public/img/wedmain/dsc06464-w1600.webp	image/webp
https://imagedelivery.net/_XdB7bWYK-JWmUTR66I7hQ/wedmain/dsc06464/w=1920	200	303520	public/img/wedmain/dsc06464-w1920.webp	image/webp
https://imagedelivery.net/_XdB7bWYK-JWmUTR66I7hQ/wedmain/dsc06464/w=2560	200	463618	public/img/wedmain/dsc06464-w2560.webp	image/webp
https://imagedelivery.net/_XdB7bWYK-JWmUTR66I7hQ/wedmain/dsc06495/w=360	200	17328	public/img/wedmain/dsc06495-w360.webp	image/webp
https://imagedelivery.net/_XdB7bWYK-JWmUTR66I7hQ/wedmain/dsc06495/w=480	200	28502	public/img/wedmain/dsc06495-w480.webp	image/webp
https://imagedelivery.net/_XdB7bWYK-JWmUTR66I7hQ/wedmain/dsc06495/w=640	200	45396	public/img/wedmain/dsc06495-w640.webp	image/webp
https://imagedelivery.net/_XdB7bWYK-JWmUTR66I7hQ/wedmain/dsc06495/w=800	200	66300	public/img/wedmain/dsc06495-w800.webp	image/webp
https://imagedelivery.net/_XdB7bWYK-JWmUTR66I7hQ/wedmain/dsc06495/w=1024	200	97796	public/img/wedmain/dsc06495-w1024.webp	image/webp
https://imagedelivery.net/_XdB7bWYK-JWmUTR66I7hQ/wedmain/dsc06495/w=1100	200	109984	public/img/wedmain/dsc06495-w1100.webp	image/webp
https://imagedelivery.net/_XdB7bWYK-JWmUTR66I7hQ/wedmain/dsc06495/w=1200	200	128058	public/img/wedmain/dsc06495-w1200.webp	image/webp
https://imagedelivery.net/_XdB7bWYK-JWmUTR66I7hQ/wedmain/dsc06495/w=1300	200	142982	public/img/wedmain/dsc06495-w1300.webp	image/webp
https://imagedelivery.net/_XdB7bWYK-JWmUTR66I7hQ/wedmain/dsc06495/w=1440	200	164304	public/img/wedmain/dsc06495-w1440.webp	image/webp
https://imagedelivery.net/_XdB7bWYK-JWmUTR66I7hQ/wedmain/dsc06495/w=1600	200	192298	public/img/wedmain/dsc06495-w1600.webp	image/webp
https://imagedelivery.net/_XdB7bWYK-JWmUTR66I7hQ/wedmain/dsc06495/w=1920	200	192298	public/img/wedmain/dsc06495-w1920.webp	image/webp
https://imagedelivery.net/_XdB7bWYK-JWmUTR66I7hQ/wedmain/dsc06495/w=2560	200	192298	public/img/wedmain/dsc06495-w2560.webp	image/webp
https://imagedelivery.net/_XdB7bWYK-JWmUTR66I7hQ/wedmain/dsc06638/w=360	200	14650	public/img/wedmain/dsc06638-w360.webp	image/webp
https://imagedelivery.net/_XdB7bWYK-JWmUTR66I7hQ/wedmain/dsc06638/w=480	200	20984	public/img/wedmain/dsc06638-w480.webp	image/webp
https://imagedelivery.net/_XdB7bWYK-JWmUTR66I7hQ/wedmain/dsc06638/w=640	200	30184	public/img/wedmain/dsc06638-w640.webp	image/webp
https://imagedelivery.net/_XdB7bWYK-JWmUTR66I7hQ/wedmain/dsc06638/w=800	200	41552	public/img/wedmain/dsc06638-w800.webp	image/webp
https://imagedelivery.net/_XdB7bWYK-JWmUTR66I7hQ/wedmain/dsc06638/w=1024	200	54152	public/img/wedmain/dsc06638-w1024.webp	image/webp
https://imagedelivery.net/_XdB7bWYK-JWmUTR66I7hQ/wedmain/dsc06638/w=1100	200	60154	public/img/wedmain/dsc06638-w1100.webp	image/webp
https://imagedelivery.net/_XdB7bWYK-JWmUTR66I7hQ/wedmain/dsc06638/w=1200	200	68932	public/img/wedmain/dsc06638-w1200.webp	image/webp
https://imagedelivery.net/_XdB7bWYK-JWmUTR66I7hQ/wedmain/dsc06638/w=1400	200	85486	public/img/wedmain/dsc06638-w1400.webp	image/webp
https://imagedelivery.net/_XdB7bWYK-JWmUTR66I7hQ/wedmain/dsc06638/w=1440	200	89840	public/img/wedmain/dsc06638-w1440.webp	image/webp
https://imagedelivery.net/_XdB7bWYK-JWmUTR66I7hQ/wedmain/dsc06638/w=1600	200	107808	public/img/wedmain/dsc06638-w1600.webp	image/webp
https://imagedelivery.net/_XdB7bWYK-JWmUTR66I7hQ/wedmain/dsc06638/w=1920	200	107808	public/img/wedmain/dsc06638-w1920.webp	image/webp
https://imagedelivery.net/_XdB7bWYK-JWmUTR66I7hQ/wedmain/dsc06638/w=2560	200	107808	public/img/wedmain/dsc06638-w2560.webp	image/webp
https://imagedelivery.net/_XdB7bWYK-JWmUTR66I7hQ/wedmain/dsc06703/w=360	200	11662	public/img/wedmain/dsc06703-w360.webp	image/webp
https://imagedelivery.net/_XdB7bWYK-JWmUTR66I7hQ/wedmain/dsc06703/w=480	200	17794	public/img/wedmain/dsc06703-w480.webp	image/webp
https://imagedelivery.net/_XdB7bWYK-JWmUTR66I7hQ/wedmain/dsc06703/w=640	200	27878	public/img/wedmain/dsc06703-w640.webp	image/webp
https://imagedelivery.net/_XdB7bWYK-JWmUTR66I7hQ/wedmain/dsc06703/w=800	200	40312	public/img/wedmain/dsc06703-w800.webp	image/webp
https://imagedelivery.net/_XdB7bWYK-JWmUTR66I7hQ/wedmain/dsc06703/w=1024	200	54612	public/img/wedmain/dsc06703-w1024.webp	image/webp
https://imagedelivery.net/_XdB7bWYK-JWmUTR66I7hQ/wedmain/dsc06703/w=1100	200	62164	public/img/wedmain/dsc06703-w1100.webp	image/webp
https://imagedelivery.net/_XdB7bWYK-JWmUTR66I7hQ/wedmain/dsc06703/w=1200	200	71804	public/img/wedmain/dsc06703-w1200.webp	image/webp
https://imagedelivery.net/_XdB7bWYK-JWmUTR66I7hQ/wedmain/dsc06703/w=1400	200	88666	public/img/wedmain/dsc06703-w1400.webp	image/webp
https://imagedelivery.net/_XdB7bWYK-JWmUTR66I7hQ/wedmain/dsc06703/w=1440	200	91336	public/img/wedmain/dsc06703-w1440.webp	image/webp
https://imagedelivery.net/_XdB7bWYK-JWmUTR66I7hQ/wedmain/dsc06703/w=1600	200	108608	public/img/wedmain/dsc06703-w1600.webp	image/webp
https://imagedelivery.net/_XdB7bWYK-JWmUTR66I7hQ/wedmain/dsc06703/w=1920	200	108608	public/img/wedmain/dsc06703-w1920.webp	image/webp
https://imagedelivery.net/_XdB7bWYK-JWmUTR66I7hQ/wedmain/dsc06703/w=2560	200	108608	public/img/wedmain/dsc06703-w2560.webp	image/webp
https://imagedelivery.net/_XdB7bWYK-JWmUTR66I7hQ/wedmain/dsc06704/w=360	200	11976	public/img/wedmain/dsc06704-w360.webp	image/webp
https://imagedelivery.net/_XdB7bWYK-JWmUTR66I7hQ/wedmain/dsc06704/w=480	200	17602	public/img/wedmain/dsc06704-w480.webp	image/webp
https://imagedelivery.net/_XdB7bWYK-JWmUTR66I7hQ/wedmain/dsc06704/w=640	200	27018	public/img/wedmain/dsc06704-w640.webp	image/webp
https://imagedelivery.net/_XdB7bWYK-JWmUTR66I7hQ/wedmain/dsc06704/w=800	200	37514	public/img/wedmain/dsc06704-w800.webp	image/webp
https://imagedelivery.net/_XdB7bWYK-JWmUTR66I7hQ/wedmain/dsc06704/w=1024	200	48764	public/img/wedmain/dsc06704-w1024.webp	image/webp
https://imagedelivery.net/_XdB7bWYK-JWmUTR66I7hQ/wedmain/dsc06704/w=1100	200	55620	public/img/wedmain/dsc06704-w1100.webp	image/webp
https://imagedelivery.net/_XdB7bWYK-JWmUTR66I7hQ/wedmain/dsc06704/w=1200	200	60618	public/img/wedmain/dsc06704-w1200.webp	image/webp
https://imagedelivery.net/_XdB7bWYK-JWmUTR66I7hQ/wedmain/dsc06704/w=1280	200	65404	public/img/wedmain/dsc06704-w1280.webp	image/webp
https://imagedelivery.net/_XdB7bWYK-JWmUTR66I7hQ/wedmain/dsc06704/w=1440	200	76746	public/img/wedmain/dsc06704-w1440.webp	image/webp
https://imagedelivery.net/_XdB7bWYK-JWmUTR66I7hQ/wedmain/dsc06704/w=1600	200	87762	public/img/wedmain/dsc06704-w1600.webp	image/webp
https://imagedelivery.net/_XdB7bWYK-JWmUTR66I7hQ/wedmain/dsc06704/w=1920	200	115810	public/img/wedmain/dsc06704-w1920.webp	image/webp
https://imagedelivery.net/_XdB7bWYK-JWmUTR66I7hQ/wedmain/dsc06704/w=2000	200	123290	public/img/wedmain/dsc06704-w2000.webp	image/webp
https://imagedelivery.net/_XdB7bWYK-JWmUTR66I7hQ/wedmain/dsc06704/w=2560	200	123290	public/img/wedmain/dsc06704-w2560.webp	image/webp
https://imagedelivery.net/_XdB7bWYK-JWmUTR66I7hQ/wedmain/dsc06753/w=360	200	9830	public/img/wedmain/dsc06753-w360.webp	image/webp
https://imagedelivery.net/_XdB7bWYK-JWmUTR66I7hQ/wedmain/dsc06753/w=480	200	14836	public/img/wedmain/dsc06753-w480.webp	image/webp
https://imagedelivery.net/_XdB7bWYK-JWmUTR66I7hQ/wedmain/dsc06753/w=640	200	23226	public/img/wedmain/dsc06753-w640.webp	image/webp
https://imagedelivery.net/_XdB7bWYK-JWmUTR66I7hQ/wedmain/dsc06753/w=800	200	33630	public/img/wedmain/dsc06753-w800.webp	image/webp
https://imagedelivery.net/_XdB7bWYK-JWmUTR66I7hQ/wedmain/dsc06753/w=1024	200	47562	public/img/wedmain/dsc06753-w1024.webp	image/webp
https://imagedelivery.net/_XdB7bWYK-JWmUTR66I7hQ/wedmain/dsc06753/w=1100	200	53860	public/img/wedmain/dsc06753-w1100.webp	image/webp
https://imagedelivery.net/_XdB7bWYK-JWmUTR66I7hQ/wedmain/dsc06753/w=1200	200	62426	public/img/wedmain/dsc06753-w1200.webp	image/webp
https://imagedelivery.net/_XdB7bWYK-JWmUTR66I7hQ/wedmain/dsc06753/w=1440	200	82166	public/img/wedmain/dsc06753-w1440.webp	image/webp
https://imagedelivery.net/_XdB7bWYK-JWmUTR66I7hQ/wedmain/dsc06753/w=1600	200	100954	public/img/wedmain/dsc06753-w1600.webp	image/webp
https://imagedelivery.net/_XdB7bWYK-JWmUTR66I7hQ/wedmain/dsc06753/w=1920	200	100954	public/img/wedmain/dsc06753-w1920.webp	image/webp
https://imagedelivery.net/_XdB7bWYK-JWmUTR66I7hQ/wedmain/dsc06753/w=2560	200	100954	public/img/wedmain/dsc06753-w2560.webp	image/webp
https://imagedelivery.net/_XdB7bWYK-JWmUTR66I7hQ/wedmain/dsc06839/w=360	200	31512	public/img/wedmain/dsc06839-w360.webp	image/webp
https://imagedelivery.net/_XdB7bWYK-JWmUTR66I7hQ/wedmain/dsc06839/w=480	200	49918	public/img/wedmain/dsc06839-w480.webp	image/webp
https://imagedelivery.net/_XdB7bWYK-JWmUTR66I7hQ/wedmain/dsc06839/w=640	200	77354	public/img/wedmain/dsc06839-w640.webp	image/webp
https://imagedelivery.net/_XdB7bWYK-JWmUTR66I7hQ/wedmain/dsc06839/w=800	200	109886	public/img/wedmain/dsc06839-w800.webp	image/webp
https://imagedelivery.net/_XdB7bWYK-JWmUTR66I7hQ/wedmain/dsc06839/w=1024	200	154082	public/img/wedmain/dsc06839-w1024.webp	image/webp
https://imagedelivery.net/_XdB7bWYK-JWmUTR66I7hQ/wedmain/dsc06839/w=1100	200	168588	public/img/wedmain/dsc06839-w1100.webp	image/webp
https://imagedelivery.net/_XdB7bWYK-JWmUTR66I7hQ/wedmain/dsc06839/w=1200	200	194416	public/img/wedmain/dsc06839-w1200.webp	image/webp
https://imagedelivery.net/_XdB7bWYK-JWmUTR66I7hQ/wedmain/dsc06839/w=1400	200	242586	public/img/wedmain/dsc06839-w1400.webp	image/webp
https://imagedelivery.net/_XdB7bWYK-JWmUTR66I7hQ/wedmain/dsc06839/w=1440	200	249416	public/img/wedmain/dsc06839-w1440.webp	image/webp
https://imagedelivery.net/_XdB7bWYK-JWmUTR66I7hQ/wedmain/dsc06839/w=1600	200	296394	public/img/wedmain/dsc06839-w1600.webp	image/webp
https://imagedelivery.net/_XdB7bWYK-JWmUTR66I7hQ/wedmain/dsc06839/w=1920	200	296394	public/img/wedmain/dsc06839-w1920.webp	image/webp
https://imagedelivery.net/_XdB7bWYK-JWmUTR66I7hQ/wedmain/dsc06839/w=2560	200	296394	public/img/wedmain/dsc06839-w2560.webp	image/webp
https://imagedelivery.net/_XdB7bWYK-JWmUTR66I7hQ/wedmain/dsc07186/w=360	200	11968	public/img/wedmain/dsc07186-w360.webp	image/webp
https://imagedelivery.net/_XdB7bWYK-JWmUTR66I7hQ/wedmain/dsc07186/w=640	200	24518	public/img/wedmain/dsc07186-w640.webp	image/webp
https://imagedelivery.net/_XdB7bWYK-JWmUTR66I7hQ/wedmain/dsc07186/w=1024	200	48408	public/img/wedmain/dsc07186-w1024.webp	image/webp
https://imagedelivery.net/_XdB7bWYK-JWmUTR66I7hQ/wedmain/dsc07186/w=1100	200	55418	public/img/wedmain/dsc07186-w1100.webp	image/webp
https://imagedelivery.net/_XdB7bWYK-JWmUTR66I7hQ/wedmain/dsc07186/w=1440	200	92552	public/img/wedmain/dsc07186-w1440.webp	image/webp
https://imagedelivery.net/_XdB7bWYK-JWmUTR66I7hQ/wedmain/dsc07186/w=1600	200	109070	public/img/wedmain/dsc07186-w1600.webp	image/webp
https://imagedelivery.net/_XdB7bWYK-JWmUTR66I7hQ/wedmain/dsc07186/w=1920	200	153976	public/img/wedmain/dsc07186-w1920.webp	image/webp
https://imagedelivery.net/_XdB7bWYK-JWmUTR66I7hQ/wedmain/dsc07186/w=2000	200	171664	public/img/wedmain/dsc07186-w2000.webp	image/webp
https://imagedelivery.net/_XdB7bWYK-JWmUTR66I7hQ/wedmain/dsc07186/w=2560	200	171664	public/img/wedmain/dsc07186-w2560.webp	image/webp
https://imagedelivery.net/_XdB7bWYK-JWmUTR66I7hQ/wedmain/dsc07433/w=360	200	21624	public/img/wedmain/dsc07433-w360.webp	image/webp
https://imagedelivery.net/_XdB7bWYK-JWmUTR66I7hQ/wedmain/dsc07433/w=640	200	52420	public/img/wedmain/dsc07433-w640.webp	image/webp
https://imagedelivery.net/_XdB7bWYK-JWmUTR66I7hQ/wedmain/dsc07433/w=1024	200	110558	public/img/wedmain/dsc07433-w1024.webp	image/webp
https://imagedelivery.net/_XdB7bWYK-JWmUTR66I7hQ/wedmain/dsc07433/w=1300	200	164484	public/img/wedmain/dsc07433-w1300.webp	image/webp
https://imagedelivery.net/_XdB7bWYK-JWmUTR66I7hQ/wedmain/dsc07433/w=1440	200	195328	public/img/wedmain/dsc07433-w1440.webp	image/webp
https://imagedelivery.net/_XdB7bWYK-JWmUTR66I7hQ/wedmain/dsc07433/w=1600	200	234242	public/img/wedmain/dsc07433-w1600.webp	image/webp
https://imagedelivery.net/_XdB7bWYK-JWmUTR66I7hQ/wedmain/dsc07433/w=1920	200	307312	public/img/wedmain/dsc07433-w1920.webp	image/webp
https://imagedelivery.net/_XdB7bWYK-JWmUTR66I7hQ/wedmain/dsc07433/w=2560	200	508006	public/img/wedmain/dsc07433-w2560.webp	image/webp
https://imagedelivery.net/_XdB7bWYK-JWmUTR66I7hQ/wedmain/dsc07632/w=360	200	33164	public/img/wedmain/dsc07632-w360.webp	image/webp
https://imagedelivery.net/_XdB7bWYK-JWmUTR66I7hQ/wedmain/dsc07632/w=640	200	79628	public/img/wedmain/dsc07632-w640.webp	image/webp
https://imagedelivery.net/_XdB7bWYK-JWmUTR66I7hQ/wedmain/dsc07632/w=1024	200	156204	public/img/wedmain/dsc07632-w1024.webp	image/webp
https://imagedelivery.net/_XdB7bWYK-JWmUTR66I7hQ/wedmain/dsc07632/w=1440	200	248862	public/img/wedmain/dsc07632-w1440.webp	image/webp
https://imagedelivery.net/_XdB7bWYK-JWmUTR66I7hQ/wedmain/dsc07632/w=1500	200	264050	public/img/wedmain/dsc07632-w1500.webp	image/webp
https://imagedelivery.net/_XdB7bWYK-JWmUTR66I7hQ/wedmain/dsc07632/w=1600	200	287838	public/img/wedmain/dsc07632-w1600.webp	image/webp
https://imagedelivery.net/_XdB7bWYK-JWmUTR66I7hQ/wedmain/dsc07632/w=1920	200	287838	public/img/wedmain/dsc07632-w1920.webp	image/webp
https://imagedelivery.net/_XdB7bWYK-JWmUTR66I7hQ/wedmain/dsc07632/w=2560	200	287838	public/img/wedmain/dsc07632-w2560.webp	image/webp
https://imagedelivery.net/_XdB7bWYK-JWmUTR66I7hQ/wedmain/dsc07653/w=360	200	11548	public/img/wedmain/dsc07653-w360.webp	image/webp
https://imagedelivery.net/_XdB7bWYK-JWmUTR66I7hQ/wedmain/dsc07653/w=480	200	19094	public/img/wedmain/dsc07653-w480.webp	image/webp
https://imagedelivery.net/_XdB7bWYK-JWmUTR66I7hQ/wedmain/dsc07653/w=640	200	31098	public/img/wedmain/dsc07653-w640.webp	image/webp
https://imagedelivery.net/_XdB7bWYK-JWmUTR66I7hQ/wedmain/dsc07653/w=800	200	43846	public/img/wedmain/dsc07653-w800.webp	image/webp
https://imagedelivery.net/_XdB7bWYK-JWmUTR66I7hQ/wedmain/dsc07653/w=1024	200	63330	public/img/wedmain/dsc07653-w1024.webp	image/webp
https://imagedelivery.net/_XdB7bWYK-JWmUTR66I7hQ/wedmain/dsc07653/w=1200	200	78654	public/img/wedmain/dsc07653-w1200.webp	image/webp
https://imagedelivery.net/_XdB7bWYK-JWmUTR66I7hQ/wedmain/dsc07653/w=1400	200	97530	public/img/wedmain/dsc07653-w1400.webp	image/webp
https://imagedelivery.net/_XdB7bWYK-JWmUTR66I7hQ/wedmain/dsc07653/w=1440	200	102380	public/img/wedmain/dsc07653-w1440.webp	image/webp
https://imagedelivery.net/_XdB7bWYK-JWmUTR66I7hQ/wedmain/dsc07653/w=1600	200	117660	public/img/wedmain/dsc07653-w1600.webp	image/webp
https://imagedelivery.net/_XdB7bWYK-JWmUTR66I7hQ/wedmain/dsc07653/w=1920	200	149966	public/img/wedmain/dsc07653-w1920.webp	image/webp
https://imagedelivery.net/_XdB7bWYK-JWmUTR66I7hQ/wedmain/dsc07653/w=2000	200	161084	public/img/wedmain/dsc07653-w2000.webp	image/webp
https://imagedelivery.net/_XdB7bWYK-JWmUTR66I7hQ/wedmain/dsc07653/w=2560	200	161084	public/img/wedmain/dsc07653-w2560.webp	image/webp
https://imagedelivery.net/_XdB7bWYK-JWmUTR66I7hQ/wedmain/dsc07905/w=360	200	31610	public/img/wedmain/dsc07905-w360.webp	image/webp
https://imagedelivery.net/_XdB7bWYK-JWmUTR66I7hQ/wedmain/dsc07905/w=480	200	49034	public/img/wedmain/dsc07905-w480.webp	image/webp
https://imagedelivery.net/_XdB7bWYK-JWmUTR66I7hQ/wedmain/dsc07905/w=640	200	73390	public/img/wedmain/dsc07905-w640.webp	image/webp
https://imagedelivery.net/_XdB7bWYK-JWmUTR66I7hQ/wedmain/dsc07905/w=800	200	102098	public/img/wedmain/dsc07905-w800.webp	image/webp
https://imagedelivery.net/_XdB7bWYK-JWmUTR66I7hQ/wedmain/dsc07905/w=1024	200	154362	public/img/wedmain/dsc07905-w1024.webp	image/webp
https://imagedelivery.net/_XdB7bWYK-JWmUTR66I7hQ/wedmain/dsc07905/w=1200	200	213302	public/img/wedmain/dsc07905-w1200.webp	image/webp
https://imagedelivery.net/_XdB7bWYK-JWmUTR66I7hQ/wedmain/dsc07905/w=1400	200	299868	public/img/wedmain/dsc07905-w1400.webp	image/webp
https://imagedelivery.net/_XdB7bWYK-JWmUTR66I7hQ/wedmain/dsc07905/w=1440	200	316852	public/img/wedmain/dsc07905-w1440.webp	image/webp
https://imagedelivery.net/_XdB7bWYK-JWmUTR66I7hQ/wedmain/dsc07905/w=1600	200	409176	public/img/wedmain/dsc07905-w1600.webp	image/webp
https://imagedelivery.net/_XdB7bWYK-JWmUTR66I7hQ/wedmain/dsc07905/w=1920	200	659958	public/img/wedmain/dsc07905-w1920.webp	image/webp
https://imagedelivery.net/_XdB7bWYK-JWmUTR66I7hQ/wedmain/dsc07905/w=2560	200	1334200	public/img/wedmain/dsc07905-w2560.webp	image/webp
https://imagedelivery.net/_XdB7bWYK-JWmUTR66I7hQ/wedmain/dsc08136/w=360	200	23188	public/img/wedmain/dsc08136-w360.webp	image/webp
https://imagedelivery.net/_XdB7bWYK-JWmUTR66I7hQ/wedmain/dsc08136/w=480	200	44596	public/img/wedmain/dsc08136-w480.webp	image/webp
https://imagedelivery.net/_XdB7bWYK-JWmUTR66I7hQ/wedmain/dsc08136/w=640	200	83524	public/img/wedmain/dsc08136-w640.webp	image/webp
https://imagedelivery.net/_XdB7bWYK-JWmUTR66I7hQ/wedmain/dsc08136/w=800	200	145328	public/img/wedmain/dsc08136-w800.webp	image/webp
https://imagedelivery.net/_XdB7bWYK-JWmUTR66I7hQ/wedmain/dsc08136/w=1024	200	248412	public/img/wedmain/dsc08136-w1024.webp	image/webp
https://imagedelivery.net/_XdB7bWYK-JWmUTR66I7hQ/wedmain/dsc08136/w=1200	200	325940	public/img/wedmain/dsc08136-w1200.webp	image/webp
https://imagedelivery.net/_XdB7bWYK-JWmUTR66I7hQ/wedmain/dsc08136/w=1400	200	459576	public/img/wedmain/dsc08136-w1400.webp	image/webp
https://imagedelivery.net/_XdB7bWYK-JWmUTR66I7hQ/wedmain/dsc08136/w=1440	200	480614	public/img/wedmain/dsc08136-w1440.webp	image/webp
https://imagedelivery.net/_XdB7bWYK-JWmUTR66I7hQ/wedmain/dsc08136/w=1600	200	573554	public/img/wedmain/dsc08136-w1600.webp	image/webp
https://imagedelivery.net/_XdB7bWYK-JWmUTR66I7hQ/wedmain/dsc08136/w=1920	200	763372	public/img/wedmain/dsc08136-w1920.webp	image/webp
https://imagedelivery.net/_XdB7bWYK-JWmUTR66I7hQ/wedmain/dsc08136/w=2560	200	1123512	public/img/wedmain/dsc08136-w2560.webp	image/webp
https://imagedelivery.net/_XdB7bWYK-JWmUTR66I7hQ/wedmain/dsc08197/w=360	200	15924	public/img/wedmain/dsc08197-w360.webp	image/webp
https://imagedelivery.net/_XdB7bWYK-JWmUTR66I7hQ/wedmain/dsc08197/w=480	200	26026	public/img/wedmain/dsc08197-w480.webp	image/webp
https://imagedelivery.net/_XdB7bWYK-JWmUTR66I7hQ/wedmain/dsc08197/w=640	200	47560	public/img/wedmain/dsc08197-w640.webp	image/webp
https://imagedelivery.net/_XdB7bWYK-JWmUTR66I7hQ/wedmain/dsc08197/w=800	200	87740	public/img/wedmain/dsc08197-w800.webp	image/webp
https://imagedelivery.net/_XdB7bWYK-JWmUTR66I7hQ/wedmain/dsc08197/w=1024	200	173018	public/img/wedmain/dsc08197-w1024.webp	image/webp
https://imagedelivery.net/_XdB7bWYK-JWmUTR66I7hQ/wedmain/dsc08197/w=1100	200	211116	public/img/wedmain/dsc08197-w1100.webp	image/webp
https://imagedelivery.net/_XdB7bWYK-JWmUTR66I7hQ/wedmain/dsc08197/w=1200	200	233940	public/img/wedmain/dsc08197-w1200.webp	image/webp
https://imagedelivery.net/_XdB7bWYK-JWmUTR66I7hQ/wedmain/dsc08197/w=1440	200	407420	public/img/wedmain/dsc08197-w1440.webp	image/webp
https://imagedelivery.net/_XdB7bWYK-JWmUTR66I7hQ/wedmain/dsc08197/w=1500	200	398648	public/img/wedmain/dsc08197-w1500.webp	image/webp
https://imagedelivery.net/_XdB7bWYK-JWmUTR66I7hQ/wedmain/dsc08197/w=1600	200	521900	public/img/wedmain/dsc08197-w1600.webp	image/webp
https://imagedelivery.net/_XdB7bWYK-JWmUTR66I7hQ/wedmain/dsc08197/w=1920	200	768544	public/img/wedmain/dsc08197-w1920.webp	image/webp
https://imagedelivery.net/_XdB7bWYK-JWmUTR66I7hQ/wedmain/dsc08197/w=2560	200	1144330	public/img/wedmain/dsc08197-w2560.webp	image/webp
https://imagedelivery.net/_XdB7bWYK-JWmUTR66I7hQ/wedmain/dsc08312/w=360	200	42584	public/img/wedmain/dsc08312-w360.webp	image/webp
https://imagedelivery.net/_XdB7bWYK-JWmUTR66I7hQ/wedmain/dsc08312/w=480	200	74820	public/img/wedmain/dsc08312-w480.webp	image/webp
https://imagedelivery.net/_XdB7bWYK-JWmUTR66I7hQ/wedmain/dsc08312/w=640	200	119040	public/img/wedmain/dsc08312-w640.webp	image/webp
https://imagedelivery.net/_XdB7bWYK-JWmUTR66I7hQ/wedmain/dsc08312/w=800	200	176116	public/img/wedmain/dsc08312-w800.webp	image/webp
https://imagedelivery.net/_XdB7bWYK-JWmUTR66I7hQ/wedmain/dsc08312/w=1024	200	255822	public/img/wedmain/dsc08312-w1024.webp	image/webp
https://imagedelivery.net/_XdB7bWYK-JWmUTR66I7hQ/wedmain/dsc08312/w=1100	200	287290	public/img/wedmain/dsc08312-w1100.webp	image/webp
https://imagedelivery.net/_XdB7bWYK-JWmUTR66I7hQ/wedmain/dsc08312/w=1200	200	332558	public/img/wedmain/dsc08312-w1200.webp	image/webp
https://imagedelivery.net/_XdB7bWYK-JWmUTR66I7hQ/wedmain/dsc08312/w=1440	200	426758	public/img/wedmain/dsc08312-w1440.webp	image/webp
https://imagedelivery.net/_XdB7bWYK-JWmUTR66I7hQ/wedmain/dsc08312/w=1500	200	455922	public/img/wedmain/dsc08312-w1500.webp	image/webp
https://imagedelivery.net/_XdB7bWYK-JWmUTR66I7hQ/wedmain/dsc08312/w=1600	200	507428	public/img/wedmain/dsc08312-w1600.webp	image/webp
https://imagedelivery.net/_XdB7bWYK-JWmUTR66I7hQ/wedmain/dsc08312/w=1920	200	507428	public/img/wedmain/dsc08312-w1920.webp	image/webp
https://imagedelivery.net/_XdB7bWYK-JWmUTR66I7hQ/wedmain/dsc08312/w=2560	200	507428	public/img/wedmain/dsc08312-w2560.webp	image/webp
https://imagedelivery.net/_XdB7bWYK-JWmUTR66I7hQ/wedmain/dsc08332/w=160	200	8934	public/img/wedmain/dsc08332-w160.webp	image/webp
https://imagedelivery.net/_XdB7bWYK-JWmUTR66I7hQ/wedmain/dsc08332/w=360	200	37672	public/img/wedmain/dsc08332-w360.webp	image/webp
https://imagedelivery.net/_XdB7bWYK-JWmUTR66I7hQ/wedmain/dsc08332/w=480	200	62642	public/img/wedmain/dsc08332-w480.webp	image/webp
https://imagedelivery.net/_XdB7bWYK-JWmUTR66I7hQ/wedmain/dsc08332/w=640	200	102024	public/img/wedmain/dsc08332-w640.webp	image/webp
https://imagedelivery.net/_XdB7bWYK-JWmUTR66I7hQ/wedmain/dsc08332/w=800	200	148874	public/img/wedmain/dsc08332-w800.webp	image/webp
https://imagedelivery.net/_XdB7bWYK-JWmUTR66I7hQ/wedmain/dsc08332/w=1024	200	222224	public/img/wedmain/dsc08332-w1024.webp	image/webp
https://imagedelivery.net/_XdB7bWYK-JWmUTR66I7hQ/wedmain/dsc08332/w=1100	200	251322	public/img/wedmain/dsc08332-w1100.webp	image/webp
https://imagedelivery.net/_XdB7bWYK-JWmUTR66I7hQ/wedmain/dsc08332/w=1200	200	291270	public/img/wedmain/dsc08332-w1200.webp	image/webp
https://imagedelivery.net/_XdB7bWYK-JWmUTR66I7hQ/wedmain/dsc08332/w=1440	200	384308	public/img/wedmain/dsc08332-w1440.webp	image/webp
https://imagedelivery.net/_XdB7bWYK-JWmUTR66I7hQ/wedmain/dsc08332/w=1600	200	457744	public/img/wedmain/dsc08332-w1600.webp	image/webp
https://imagedelivery.net/_XdB7bWYK-JWmUTR66I7hQ/wedmain/dsc08332/w=1920	200	457744	public/img/wedmain/dsc08332-w1920.webp	image/webp
https://imagedelivery.net/_XdB7bWYK-JWmUTR66I7hQ/wedmain/dsc08332/w=2200	200	457744	public/img/wedmain/dsc08332-w2200.webp	image/webp
https://imagedelivery.net/_XdB7bWYK-JWmUTR66I7hQ/wedmain/dsc08332/w=2560	200	457744	public/img/wedmain/dsc08332-w2560.webp	image/webp
https://imagedelivery.net/_XdB7bWYK-JWmUTR66I7hQ/wedmain/dsc08420/w=360	200	34146	public/img/wedmain/dsc08420-w360.webp	image/webp
https://imagedelivery.net/_XdB7bWYK-JWmUTR66I7hQ/wedmain/dsc08420/w=480	200	59530	public/img/wedmain/dsc08420-w480.webp	image/webp
https://imagedelivery.net/_XdB7bWYK-JWmUTR66I7hQ/wedmain/dsc08420/w=640	200	101388	public/img/wedmain/dsc08420-w640.webp	image/webp
https://imagedelivery.net/_XdB7bWYK-JWmUTR66I7hQ/wedmain/dsc08420/w=800	200	156822	public/img/wedmain/dsc08420-w800.webp	image/webp
https://imagedelivery.net/_XdB7bWYK-JWmUTR66I7hQ/wedmain/dsc08420/w=1024	200	237038	public/img/wedmain/dsc08420-w1024.webp	image/webp
https://imagedelivery.net/_XdB7bWYK-JWmUTR66I7hQ/wedmain/dsc08420/w=1100	200	268650	public/img/wedmain/dsc08420-w1100.webp	image/webp
https://imagedelivery.net/_XdB7bWYK-JWmUTR66I7hQ/wedmain/dsc08420/w=1200	200	314654	public/img/wedmain/dsc08420-w1200.webp	image/webp
https://imagedelivery.net/_XdB7bWYK-JWmUTR66I7hQ/wedmain/dsc08420/w=1300	200	358890	public/img/wedmain/dsc08420-w1300.webp	image/webp
https://imagedelivery.net/_XdB7bWYK-JWmUTR66I7hQ/wedmain/dsc08420/w=1440	200	417060	public/img/wedmain/dsc08420-w1440.webp	image/webp
https://imagedelivery.net/_XdB7bWYK-JWmUTR66I7hQ/wedmain/dsc08420/w=1600	200	498554	public/img/wedmain/dsc08420-w1600.webp	image/webp
https://imagedelivery.net/_XdB7bWYK-JWmUTR66I7hQ/wedmain/dsc08420/w=1920	200	498554	public/img/wedmain/dsc08420-w1920.webp	image/webp
https://imagedelivery.net/_XdB7bWYK-JWmUTR66I7hQ/wedmain/dsc08420/w=2560	200	498554	public/img/wedmain/dsc08420-w2560.webp	image/webp
https://imagedelivery.net/_XdB7bWYK-JWmUTR66I7hQ/wedmain/dsc08519/w=360	200	14066	public/img/wedmain/dsc08519-w360.webp	image/webp
https://imagedelivery.net/_XdB7bWYK-JWmUTR66I7hQ/wedmain/dsc08519/w=480	200	22302	public/img/wedmain/dsc08519-w480.webp	image/webp
https://imagedelivery.net/_XdB7bWYK-JWmUTR66I7hQ/wedmain/dsc08519/w=640	200	38210	public/img/wedmain/dsc08519-w640.webp	image/webp
https://imagedelivery.net/_XdB7bWYK-JWmUTR66I7hQ/wedmain/dsc08519/w=800	200	62820	public/img/wedmain/dsc08519-w800.webp	image/webp
https://imagedelivery.net/_XdB7bWYK-JWmUTR66I7hQ/wedmain/dsc08519/w=1024	200	94414	public/img/wedmain/dsc08519-w1024.webp	image/webp
https://imagedelivery.net/_XdB7bWYK-JWmUTR66I7hQ/wedmain/dsc08519/w=1100	200	110924	public/img/wedmain/dsc08519-w1100.webp	image/webp
https://imagedelivery.net/_XdB7bWYK-JWmUTR66I7hQ/wedmain/dsc08519/w=1200	200	151006	public/img/wedmain/dsc08519-w1200.webp	image/webp
https://imagedelivery.net/_XdB7bWYK-JWmUTR66I7hQ/wedmain/dsc08519/w=1400	200	181452	public/img/wedmain/dsc08519-w1400.webp	image/webp
https://imagedelivery.net/_XdB7bWYK-JWmUTR66I7hQ/wedmain/dsc08519/w=1440	200	187028	public/img/wedmain/dsc08519-w1440.webp	image/webp
https://imagedelivery.net/_XdB7bWYK-JWmUTR66I7hQ/wedmain/dsc08519/w=1600	200	234082	public/img/wedmain/dsc08519-w1600.webp	image/webp
https://imagedelivery.net/_XdB7bWYK-JWmUTR66I7hQ/wedmain/dsc08519/w=1920	200	234082	public/img/wedmain/dsc08519-w1920.webp	image/webp
https://imagedelivery.net/_XdB7bWYK-JWmUTR66I7hQ/wedmain/dsc08519/w=2560	200	234082	public/img/wedmain/dsc08519-w2560.webp	image/webp
https://imagedelivery.net/_XdB7bWYK-JWmUTR66I7hQ/wedmain/dsc08649/w=360	200	38368	public/img/wedmain/dsc08649-w360.webp	image/webp
https://imagedelivery.net/_XdB7bWYK-JWmUTR66I7hQ/wedmain/dsc08649/w=480	200	55996	public/img/wedmain/dsc08649-w480.webp	image/webp
https://imagedelivery.net/_XdB7bWYK-JWmUTR66I7hQ/wedmain/dsc08649/w=640	200	81216	public/img/wedmain/dsc08649-w640.webp	image/webp
https://imagedelivery.net/_XdB7bWYK-JWmUTR66I7hQ/wedmain/dsc08649/w=800	200	110306	public/img/wedmain/dsc08649-w800.webp	image/webp
https://imagedelivery.net/_XdB7bWYK-JWmUTR66I7hQ/wedmain/dsc08649/w=1024	200	143766	public/img/wedmain/dsc08649-w1024.webp	image/webp
https://imagedelivery.net/_XdB7bWYK-JWmUTR66I7hQ/wedmain/dsc08649/w=1100	200	158398	public/img/wedmain/dsc08649-w1100.webp	image/webp
https://imagedelivery.net/_XdB7bWYK-JWmUTR66I7hQ/wedmain/dsc08649/w=1200	200	179570	public/img/wedmain/dsc08649-w1200.webp	image/webp
https://imagedelivery.net/_XdB7bWYK-JWmUTR66I7hQ/wedmain/dsc08649/w=1400	200	214068	public/img/wedmain/dsc08649-w1400.webp	image/webp
https://imagedelivery.net/_XdB7bWYK-JWmUTR66I7hQ/wedmain/dsc08649/w=1440	200	220174	public/img/wedmain/dsc08649-w1440.webp	image/webp
https://imagedelivery.net/_XdB7bWYK-JWmUTR66I7hQ/wedmain/dsc08649/w=1600	200	257080	public/img/wedmain/dsc08649-w1600.webp	image/webp
https://imagedelivery.net/_XdB7bWYK-JWmUTR66I7hQ/wedmain/dsc08649/w=1920	200	257080	public/img/wedmain/dsc08649-w1920.webp	image/webp
https://imagedelivery.net/_XdB7bWYK-JWmUTR66I7hQ/wedmain/dsc08649/w=2560	200	257080	public/img/wedmain/dsc08649-w2560.webp	image/webp
https://imagedelivery.net/_XdB7bWYK-JWmUTR66I7hQ/wedmain/dsc08846/w=360	200	38398	public/img/wedmain/dsc08846-w360.webp	image/webp
https://imagedelivery.net/_XdB7bWYK-JWmUTR66I7hQ/wedmain/dsc08846/w=640	200	93712	public/img/wedmain/dsc08846-w640.webp	image/webp
https://imagedelivery.net/_XdB7bWYK-JWmUTR66I7hQ/wedmain/dsc08846/w=1024	200	189424	public/img/wedmain/dsc08846-w1024.webp	image/webp
https://imagedelivery.net/_XdB7bWYK-JWmUTR66I7hQ/wedmain/dsc08846/w=1300	200	269338	public/img/wedmain/dsc08846-w1300.webp	image/webp
https://imagedelivery.net/_XdB7bWYK-JWmUTR66I7hQ/wedmain/dsc08846/w=1440	200	297250	public/img/wedmain/dsc08846-w1440.webp	image/webp
https://imagedelivery.net/_XdB7bWYK-JWmUTR66I7hQ/wedmain/dsc08846/w=1600	200	348962	public/img/wedmain/dsc08846-w1600.webp	image/webp
https://imagedelivery.net/_XdB7bWYK-JWmUTR66I7hQ/wedmain/dsc08846/w=1920	200	348962	public/img/wedmain/dsc08846-w1920.webp	image/webp
https://imagedelivery.net/_XdB7bWYK-JWmUTR66I7hQ/wedmain/dsc08846/w=2560	200	348962	public/img/wedmain/dsc08846-w2560.webp	image/webp
https://imagedelivery.net/_XdB7bWYK-JWmUTR66I7hQ/wedmain/dsc09004/w=360	200	21536	public/img/wedmain/dsc09004-w360.webp	image/webp
https://imagedelivery.net/_XdB7bWYK-JWmUTR66I7hQ/wedmain/dsc09004/w=640	200	55550	public/img/wedmain/dsc09004-w640.webp	image/webp
https://imagedelivery.net/_XdB7bWYK-JWmUTR66I7hQ/wedmain/dsc09004/w=1024	200	119166	public/img/wedmain/dsc09004-w1024.webp	image/webp
https://imagedelivery.net/_XdB7bWYK-JWmUTR66I7hQ/wedmain/dsc09004/w=1440	200	197882	public/img/wedmain/dsc09004-w1440.webp	image/webp
https://imagedelivery.net/_XdB7bWYK-JWmUTR66I7hQ/wedmain/dsc09004/w=1500	200	210296	public/img/wedmain/dsc09004-w1500.webp	image/webp
https://imagedelivery.net/_XdB7bWYK-JWmUTR66I7hQ/wedmain/dsc09004/w=1600	200	238538	public/img/wedmain/dsc09004-w1600.webp	image/webp
https://imagedelivery.net/_XdB7bWYK-JWmUTR66I7hQ/wedmain/dsc09004/w=1920	200	238538	public/img/wedmain/dsc09004-w1920.webp	image/webp
https://imagedelivery.net/_XdB7bWYK-JWmUTR66I7hQ/wedmain/dsc09004/w=2560	200	238538	public/img/wedmain/dsc09004-w2560.webp	image/webp
https://imagedelivery.net/_XdB7bWYK-JWmUTR66I7hQ/wedmain/dsc09075/w=360	200	12320	public/img/wedmain/dsc09075-w360.webp	image/webp
https://imagedelivery.net/_XdB7bWYK-JWmUTR66I7hQ/wedmain/dsc09075/w=640	200	28690	public/img/wedmain/dsc09075-w640.webp	image/webp
https://imagedelivery.net/_XdB7bWYK-JWmUTR66I7hQ/wedmain/dsc09075/w=1024	200	58956	public/img/wedmain/dsc09075-w1024.webp	image/webp
https://imagedelivery.net/_XdB7bWYK-JWmUTR66I7hQ/wedmain/dsc09075/w=1400	200	97002	public/img/wedmain/dsc09075-w1400.webp	image/webp
https://imagedelivery.net/_XdB7bWYK-JWmUTR66I7hQ/wedmain/dsc09075/w=1440	200	100032	public/img/wedmain/dsc09075-w1440.webp	image/webp
https://imagedelivery.net/_XdB7bWYK-JWmUTR66I7hQ/wedmain/dsc09075/w=1600	200	123122	public/img/wedmain/dsc09075-w1600.webp	image/webp
https://imagedelivery.net/_XdB7bWYK-JWmUTR66I7hQ/wedmain/dsc09075/w=1920	200	123122	public/img/wedmain/dsc09075-w1920.webp	image/webp
https://imagedelivery.net/_XdB7bWYK-JWmUTR66I7hQ/wedmain/dsc09075/w=2560	200	123122	public/img/wedmain/dsc09075-w2560.webp	image/webp
https://imagedelivery.net/_XdB7bWYK-JWmUTR66I7hQ/wedmain/dsc09248/w=360	200	41710	public/img/wedmain/dsc09248-w360.webp	image/webp
https://imagedelivery.net/_XdB7bWYK-JWmUTR66I7hQ/wedmain/dsc09248/w=640	200	117584	public/img/wedmain/dsc09248-w640.webp	image/webp
https://imagedelivery.net/_XdB7bWYK-JWmUTR66I7hQ/wedmain/dsc09248/w=1024	200	259470	public/img/wedmain/dsc09248-w1024.webp	image/webp
https://imagedelivery.net/_XdB7bWYK-JWmUTR66I7hQ/wedmain/dsc09248/w=1440	200	449136	public/img/wedmain/dsc09248-w1440.webp	image/webp
https://imagedelivery.net/_XdB7bWYK-JWmUTR66I7hQ/wedmain/dsc09248/w=1500	200	479132	public/img/wedmain/dsc09248-w1500.webp	image/webp
https://imagedelivery.net/_XdB7bWYK-JWmUTR66I7hQ/wedmain/dsc09248/w=1600	200	526078	public/img/wedmain/dsc09248-w1600.webp	image/webp
https://imagedelivery.net/_XdB7bWYK-JWmUTR66I7hQ/wedmain/dsc09248/w=1920	200	526078	public/img/wedmain/dsc09248-w1920.webp	image/webp
https://imagedelivery.net/_XdB7bWYK-JWmUTR66I7hQ/wedmain/dsc09248/w=2560	200	526078	public/img/wedmain/dsc09248-w2560.webp	image/webp
https://imagedelivery.net/_XdB7bWYK-JWmUTR66I7hQ/wedmain/dsc09294/w=360	200	7008	public/img/wedmain/dsc09294-w360.webp	image/webp
https://imagedelivery.net/_XdB7bWYK-JWmUTR66I7hQ/wedmain/dsc09294/w=640	200	15112	public/img/wedmain/dsc09294-w640.webp	image/webp
https://imagedelivery.net/_XdB7bWYK-JWmUTR66I7hQ/wedmain/dsc09294/w=1024	200	28258	public/img/wedmain/dsc09294-w1024.webp	image/webp
https://imagedelivery.net/_XdB7bWYK-JWmUTR66I7hQ/wedmain/dsc09294/w=1100	200	31146	public/img/wedmain/dsc09294-w1100.webp	image/webp
https://imagedelivery.net/_XdB7bWYK-JWmUTR66I7hQ/wedmain/dsc09294/w=1280	200	38336	public/img/wedmain/dsc09294-w1280.webp	image/webp
https://imagedelivery.net/_XdB7bWYK-JWmUTR66I7hQ/wedmain/dsc09294/w=1440	200	44968	public/img/wedmain/dsc09294-w1440.webp	image/webp
https://imagedelivery.net/_XdB7bWYK-JWmUTR66I7hQ/wedmain/dsc09294/w=1600	200	51834	public/img/wedmain/dsc09294-w1600.webp	image/webp
https://imagedelivery.net/_XdB7bWYK-JWmUTR66I7hQ/wedmain/dsc09294/w=1920	200	66616	public/img/wedmain/dsc09294-w1920.webp	image/webp
https://imagedelivery.net/_XdB7bWYK-JWmUTR66I7hQ/wedmain/dsc09294/w=2000	200	73186	public/img/wedmain/dsc09294-w2000.webp	image/webp
https://imagedelivery.net/_XdB7bWYK-JWmUTR66I7hQ/wedmain/dsc09294/w=2560	200	73186	public/img/wedmain/dsc09294-w2560.webp	image/webp
https://imagedelivery.net/_XdB7bWYK-JWmUTR66I7hQ/wedmain/dsc09474/w=360	200	11988	public/img/wedmain/dsc09474-w360.webp	image/webp
https://imagedelivery.net/_XdB7bWYK-JWmUTR66I7hQ/wedmain/dsc09474/w=640	200	27138	public/img/wedmain/dsc09474-w640.webp	image/webp
https://imagedelivery.net/_XdB7bWYK-JWmUTR66I7hQ/wedmain/dsc09474/w=1024	200	51914	public/img/wedmain/dsc09474-w1024.webp	image/webp
https://imagedelivery.net/_XdB7bWYK-JWmUTR66I7hQ/wedmain/dsc09474/w=1440	200	82310	public/img/wedmain/dsc09474-w1440.webp	image/webp
https://imagedelivery.net/_XdB7bWYK-JWmUTR66I7hQ/wedmain/dsc09474/w=1500	200	87676	public/img/wedmain/dsc09474-w1500.webp	image/webp
https://imagedelivery.net/_XdB7bWYK-JWmUTR66I7hQ/wedmain/dsc09474/w=1600	200	97322	public/img/wedmain/dsc09474-w1600.webp	image/webp
https://imagedelivery.net/_XdB7bWYK-JWmUTR66I7hQ/wedmain/dsc09474/w=1920	200	97322	public/img/wedmain/dsc09474-w1920.webp	image/webp
https://imagedelivery.net/_XdB7bWYK-JWmUTR66I7hQ/wedmain/dsc09474/w=2560	200	97322	public/img/wedmain/dsc09474-w2560.webp	image/webp
https://imagedelivery.net/_XdB7bWYK-JWmUTR66I7hQ/wedmain/dsc09529/w=360	200	25784	public/img/wedmain/dsc09529-w360.webp	image/webp
https://imagedelivery.net/_XdB7bWYK-JWmUTR66I7hQ/wedmain/dsc09529/w=640	200	69858	public/img/wedmain/dsc09529-w640.webp	image/webp
https://imagedelivery.net/_XdB7bWYK-JWmUTR66I7hQ/wedmain/dsc09529/w=1024	200	150926	public/img/wedmain/dsc09529-w1024.webp	image/webp
https://imagedelivery.net/_XdB7bWYK-JWmUTR66I7hQ/wedmain/dsc09529/w=1300	200	219528	public/img/wedmain/dsc09529-w1300.webp	image/webp
https://imagedelivery.net/_XdB7bWYK-JWmUTR66I7hQ/wedmain/dsc09529/w=1440	200	257482	public/img/wedmain/dsc09529-w1440.webp	image/webp
https://imagedelivery.net/_XdB7bWYK-JWmUTR66I7hQ/wedmain/dsc09529/w=1600	200	306602	public/img/wedmain/dsc09529-w1600.webp	image/webp
https://imagedelivery.net/_XdB7bWYK-JWmUTR66I7hQ/wedmain/dsc09529/w=1920	200	306602	public/img/wedmain/dsc09529-w1920.webp	image/webp
https://imagedelivery.net/_XdB7bWYK-JWmUTR66I7hQ/wedmain/dsc09529/w=2560	200	306602	public/img/wedmain/dsc09529-w2560.webp	image/webp
https://imagedelivery.net/_XdB7bWYK-JWmUTR66I7hQ/wedmain/dsc09926/w=360	200	47080	public/img/wedmain/dsc09926-w360.webp	image/webp
https://imagedelivery.net/_XdB7bWYK-JWmUTR66I7hQ/wedmain/dsc09926/w=640	200	139492	public/img/wedmain/dsc09926-w640.webp	image/webp
https://imagedelivery.net/_XdB7bWYK-JWmUTR66I7hQ/wedmain/dsc09926/w=1024	200	325630	public/img/wedmain/dsc09926-w1024.webp	image/webp
https://imagedelivery.net/_XdB7bWYK-JWmUTR66I7hQ/wedmain/dsc09926/w=1440	200	569142	public/img/wedmain/dsc09926-w1440.webp	image/webp
https://imagedelivery.net/_XdB7bWYK-JWmUTR66I7hQ/wedmain/dsc09926/w=1600	200	682040	public/img/wedmain/dsc09926-w1600.webp	image/webp
https://imagedelivery.net/_XdB7bWYK-JWmUTR66I7hQ/wedmain/dsc09926/w=1800	200	682040	public/img/wedmain/dsc09926-w1800.webp	image/webp
https://imagedelivery.net/_XdB7bWYK-JWmUTR66I7hQ/wedmain/dsc09926/w=1920	200	682040	public/img/wedmain/dsc09926-w1920.webp	image/webp
https://imagedelivery.net/_XdB7bWYK-JWmUTR66I7hQ/wedmain/dsc09926/w=2560	200	682040	public/img/wedmain/dsc09926-w2560.webp	image/webp
https://imagedelivery.net/_XdB7bWYK-JWmUTR66I7hQ/wedmain/veil-lifted-horizontal/w=360	200	14522	public/img/wedmain/veil-lifted-horizontal-w360.webp	image/webp
https://imagedelivery.net/_XdB7bWYK-JWmUTR66I7hQ/wedmain/veil-lifted-horizontal/w=1280	200	95828	public/img/wedmain/veil-lifted-horizontal-w1280.webp	image/webp
https://imagedelivery.net/_XdB7bWYK-JWmUTR66I7hQ/wedmain/veil-lifted-horizontal/w=1600	200	137504	public/img/wedmain/veil-lifted-horizontal-w1600.webp	image/webp
https://imagedelivery.net/_XdB7bWYK-JWmUTR66I7hQ/wedmain/veil-lifted-horizontal/w=1920	200	193848	public/img/wedmain/veil-lifted-horizontal-w1920.webp	image/webp
https://imagedelivery.net/_XdB7bWYK-JWmUTR66I7hQ/wedmain/veil-lifted-horizontal/w=2560	200	211214	public/img/wedmain/veil-lifted-horizontal-w2560.webp	image/webp
